name,email,phone,reach_by,channels,touches,first_contacted,last_contacted,last_preset,last_subject,agent_id
Adam Furney,afurney@kw.com,541-913-1648,email,email,1,2026-09-10,2026-09-10,Cold Outreach,Backup real estate photographer,745fb397-e0b8-4940-b80d-09a3dfde8fc1
Alfredo Lopez,alfredo@lopez-re.com,,email,email,1,2026-09-10,2026-09-10,Cold Outreach,Backup real estate photographer,da1d608b-7854-4ae1-aaff-01435efb10ec
Andre,comforthomespnw@gmail.com,,email,email,1,2026-09-10,2026-09-10,Cold Outreach,Backup real estate photographer,70f8c6ad-6960-4dcb-ab48-7f517b71f871
Andrea Beyer,soldbyandreabeyer@gmail.com,,email,email,1,2026-09-10,2026-09-10,Cold Outreach,Backup real estate photographer,787965ff-3021-403f-b601-fa1003e7db3f
Anna Houppermans,ashlandanna@gmail.com,,email,email,1,2026-09-10,2026-09-10,Cold Outreach,Backup real estate photographer,961ab0b7-7e91-48d7-8d41-0bbe5265d896
Barb Norris,barb.norris@redfin.com,503-881-5057,email,email,1,2026-09-10,2026-09-10,Cold Outreach,Backup real estate photographer,f3ef40db-a14a-4ca9-9318-e44ae29255d3
Ben Mondragon Jr,realtorbenjr@msn.com,,email,email,1,2026-09-10,2026-09-10,Cold Outreach,Backup real estate photographer,de4ce61f-8ee1-4cd0-961e-b2ac4b96f032
Bridget Welborn,bridgetsellsoregonhomes@gmail.com,,email,email,1,2026-09-10,2026-09-10,Cold Outreach,Backup real estate photographer,e7d26f5b-bb46-4e7d-82b0-26180629fa05
Brittany Lehman,brittany.lehman@integrityagents.com,,email,email,1,2026-09-10,2026-09-10,Cold Outreach,Backup real estate photographer,1b927815-20fa-4763-bf31-9c5387c1cd6f
Charity Crosby,charity@charitycrosby.com,,email,email,1,2026-09-10,2026-09-10,Cold Outreach,Backup real estate photographer,c7810e6a-c18e-494a-ad44-c19270ab2acd
Christi Thompson,christi.thompson@remax.net,,email,email,1,2026-09-10,2026-09-10,Cold Outreach,Backup real estate photographer,d42ab225-3758-4891-8b78-1d0063bd458e
Derrick Roser,derrick@roserrealestategroup.com,541-653-7377,email,email,1,2026-09-10,2026-09-10,Cold Outreach,Backup real estate photographer,bf58ed45-fb38-4a1d-80ab-4e965c1ac505
Felicia Mondragon,feliciamondragon@kw.com,541-255-5772,email,email,1,2026-09-10,2026-09-10,Cold Outreach,Backup real estate photographer,4b8b8e3e-f1aa-42f1-926d-d7bcb8f350ae
Hannah Caldwell,hannah@caldwelland.co,,email,email,1,2026-09-10,2026-09-10,Cold Outreach,Backup real estate photographer,ad49d44b-e97a-4dd6-be0d-04e453106174
Ilya,ilya.comforthomespnw@gmail.com,,email,email,1,2026-09-10,2026-09-10,Cold Outreach,Backup real estate photographer,2e79770a-79c2-45ae-973e-cb99e758d042
Jeremy Starr,jeremystarr@bhhsrep.com,,email,email,1,2026-09-10,2026-09-10,Cold Outreach,Backup real estate photographer,c4f7e9d5-f6f4-42e3-a8f7-9fef05624261
Jim Gibbons,jimgibbons@tripleoaksrealty.com,,email,email,1,2026-09-10,2026-09-10,Cold Outreach,Backup real estate photographer,857b061d-defd-4eef-951b-f3139c302178
Joseph Robb,teamrealestate21@gmail.com,,email,email,1,2026-09-10,2026-09-10,Cold Outreach,Backup real estate photographer,6b11894f-ba72-4bf4-bedf-14d80ebf9ab1
Justin Bradley,justin.bradley@redfin.com,,email,email,1,2026-09-10,2026-09-10,Cold Outreach,Backup real estate photographer,db7cd289-e3be-49fc-9a27-3da2dec2c0f9
Melissa McGuire,melissamcguire@bhhsrep.com,541-915-2780,email,email,1,2026-09-10,2026-09-10,Cold Outreach,Backup real estate photographer,db3182a4-3f8b-4f35-b7e2-a7c63459e9af
Michael Miller,michaelmiller@eugenethings.com,,email,email,1,2026-09-10,2026-09-10,Cold Outreach,Backup real estate photographer,f5ae0df9-01bb-40ce-b448-4a10fe952d97
Michael O'Connell,oconnelljr@gmail.com,,email,email,1,2026-09-10,2026-09-10,Cold Outreach,Backup real estate photographer,97c30299-6486-4b64-ae37-c455f22fd4d2
Molly Edwards,rebrokermolly@gmail.com,,email,email,1,2026-09-10,2026-09-10,Cold Outreach,Backup real estate photographer,adaf93ac-9550-4b9e-ba6e-8963c7883fd0
Pam Dietz,pamdietz@kw.com,,email,email,1,2026-09-10,2026-09-10,Cold Outreach,Backup real estate photographer,8791889f-6cd1-4f54-b0f0-cf8df865e62e
Russ Manzone,russmanzone@johnlscott.com,,email,email,1,2026-09-10,2026-09-10,Cold Outreach,Backup real estate photographer,b946395e-df39-479a-bb50-d9cbf6804331
Shana Stull,shana.stull@redfin.com,541-337-2100,email,email,1,2026-09-10,2026-09-10,Cold Outreach,Backup real estate photographer,d0c7917e-100b-4c02-94a8-b387c5ccab07
Tammy Shatch,tammyshatch@gmail.com,,email,email,1,2026-09-10,2026-09-10,Cold Outreach,Backup real estate photographer,6f476cf1-d61d-4cf6-9354-c6b2928c13c6
Wendi Melcher,wendi@wendimelcher.com,,email,email,1,2026-09-10,2026-09-10,Cold Outreach,Backup real estate photographer,43f54f6b-1222-466e-aa87-5194cbe1f2f0
Marie Curtis,realtormcurtis@gmail.com,541-661-3056,email,email,1,2026-09-11,2026-09-11,Cold Outreach,Backup real estate photographer,9d1da9dc-91c6-43f3-97bd-a0caf83ccb33
Chris Sperry,chris@chrissperry.com,,email,email,2,2026-09-11,2026-09-11,Cold Outreach,Backup real estate photographer,1d859075-ddc5-4856-9c90-aad119cf3757
Halle Donnelly,halle@differentbetterrealestate.com,,email,email,1,2026-09-11,2026-09-11,Cold Outreach,Backup real estate photographer,de80bc0f-fca8-4f1d-9127-54cbf0aefce5
Audra Yates,audra@anthonybeckham.com,,email,email,1,2026-09-11,2026-09-11,Cold Outreach,Backup real estate photographer,7a1fe680-620a-44a5-ad0a-ef8e656ca9a3
Sean Vincent,sean@anthonybeckham.com,,email,email,1,2026-09-11,2026-09-11,Cold Outreach,Backup real estate photographer,1596d141-d3b7-44d4-92c6-b1259ecf3342
Kyra Smith,kyra@anthonybeckham.com,,email,email,1,2026-09-11,2026-09-11,Cold Outreach,Backup real estate photographer,36499687-cac4-4187-995a-4413507b32ac
Jo-Ann Zebrowski,joannzebrowski@remax.net,,email,email,1,2026-09-11,2026-09-11,Cold Outreach,Backup real estate photographer,d25fb9fd-e4a2-4b27-90b7-5ecb2eaa500d
Susan Black,susanjeanblack@gmail.com,,email,email,1,2026-09-11,2026-09-11,Cold Outreach,Backup real estate photographer,4921cac3-8bc9-4b92-82bd-58dc71dc29a3
Matthew Pride,matthew.pride@exprealty.com,,email,email,1,2026-09-11,2026-09-11,Cold Outreach,Backup real estate photographer,2e9f19bc-6f67-4d2e-9c2a-70dd4d30a089
Lacey Colley,lacey@colleyrealestategroup.com,,email,email,1,2026-09-11,2026-09-11,Cold Outreach,Backup real estate photographer,f51472ba-1388-4d21-978d-a050848c3e1c
Cindy McCory,cindy@woostershowcase.com,,email,email,1,2026-09-11,2026-09-11,Cold Outreach,Backup real estate photographer,a329318f-d542-4304-989c-049d9bce1c27
Adaya Shawnego,shawnego.adaya0376@gmail.com,,email,email,1,2026-09-11,2026-09-11,Cold Outreach,Backup real estate photographer,ecf0eedf-8764-403b-858f-b3c4788fb5df
Jesse Dansereau,jessedansereau@windermere.com,,email,email,1,2026-09-11,2026-09-11,Cold Outreach,Backup real estate photographer,80048cd9-f2b8-4274-9b55-8596710d25b6
Matt Dorris,mattdorris@windermere.com,,email,email,1,2026-09-11,2026-09-11,Cold Outreach,Backup real estate photographer,a8e9720b-bb85-4c9d-a957-80eecd389e50
Daniell Kennedy,daniellkennedy1174@gmail.com,,email,email,1,2026-09-11,2026-09-11,Cold Outreach,Backup real estate photographer,1102158a-ddad-4ff7-bd80-02269da2fc7e
Greg Goebelt,ggoebelt@gmail.com,,email,email,1,2026-09-11,2026-09-11,Cold Outreach,Backup real estate photographer,b4226d72-b3dd-4682-b24c-b14364425f08
Marie Lange,marie@ashland-homes.com,,email,email,1,2026-09-11,2026-09-11,Cold Outreach,Backup real estate photographer,ed582530-fe85-4967-bca0-aa9674d113f4
Victoria Sheadel,victoria@gatewayteam.com,,email,email,1,2026-09-11,2026-09-11,Cold Outreach,Backup real estate photographer,b2b18713-953f-4361-9cbd-d21e5e84b7b4
Jesse Donovan,jesse.ashlandhomes@gmail.com,,email,email,1,2026-09-11,2026-09-11,Cold Outreach,Backup real estate photographer,4899b3da-b6ce-4ddc-be7c-524a742ca2a3
Kenny Taylor,kenny@agentkenny.com,,email,email,1,2026-09-11,2026-09-11,Cold Outreach,Backup real estate photographer,fe88adf3-f4c3-4ade-9be5-a3712d27b151
Patie Millen,patie@ashlandoregon.com,,email,email,1,2026-09-11,2026-09-11,Cold Outreach,Backup real estate photographer,692a9c08-f092-40a8-b69e-8e56af429e87
John Steinbergs,john.steinbergs@gmail.com,,email,email,1,2026-09-11,2026-09-11,Cold Outreach,Backup real estate photographer,13c0ef28-46e3-4edf-868b-05bf6a4d4d2e
Danna Gibson,allengibsongroup@fivestreet.me,,email,email,1,2026-09-11,2026-09-11,Cold Outreach,Backup real estate photographer,e425b95d-aae0-4d94-9acc-c00f5b5bbb1a
Catherine Rowe,roweteam@johnlscott.com,,email,email,1,2026-09-11,2026-09-11,Cold Outreach,Backup real estate photographer,b556258b-4d90-4a45-82e9-c393ef6966ee
Gordon Adam,gordon.equinox@gmail.com,,email,email,1,2026-09-13,2026-09-13,Cold Outreach,Backup real estate photographer,220589ac-2aaa-490a-9e41-1b8715f2f03f
Tara Aprin,tara.stellarteam@gmail.com,,email,email,1,2026-09-13,2026-09-13,Cold Outreach,Backup real estate photographer,d6b5206d-2d48-474c-ad9f-8f0e325c467c
Patricia A. Atkins,atkinspatricia@eugenerealty.com,,email,email,1,2026-09-13,2026-09-13,Cold Outreach,Backup real estate photographer,916181e7-fccd-4422-9ee7-ae3350973805
Maida Belove,mbelove@gmail.com,,email,email,1,2026-09-13,2026-09-13,Cold Outreach,Backup real estate photographer,62631452-a242-4e95-968b-7a9e0d8b79f6
Elizabeth Berg,elizabethberg.realestate@gmail.com,,email,email,1,2026-09-13,2026-09-13,Cold Outreach,Backup real estate photographer,f541dbac-cc04-4c75-9fa2-46f5c27e0276
Bess Blacquiere,bess@equinoxrealestate.com,541-729-2141,email,email,1,2026-09-13,2026-09-13,Cold Outreach,Backup real estate photographer,c60310f1-6eaf-45e9-a22b-bc793aee94e9
Ron Blacquiere,ron@equinoxrealestate.com,,email,email,1,2026-09-13,2026-09-13,Cold Outreach,Backup real estate photographer,a4cc870c-6526-4acb-b821-f965c1e39ec1
Ron Bush,ronpbush@hotmail.com,,email,email,1,2026-09-13,2026-09-13,Cold Outreach,Backup real estate photographer,d8832c4e-1581-43b9-85ac-f7280a05e61f
Sharon Clayton,sharon@realtorsharonc.com,,email,email,1,2026-09-13,2026-09-13,Cold Outreach,Backup real estate photographer,80955b27-bd3f-4b7c-ac3b-6919889bf525
Brandi Curtis,brandiopensdoors@gmail.com,,email,email,1,2026-09-13,2026-09-13,Cold Outreach,Backup real estate photographer,93fa70eb-9fa5-4d52-9511-0844c7fc8ac5
Christiana Dancer,myrealtorchristiana@gmail.com,,email,email,1,2026-09-13,2026-09-13,Cold Outreach,Backup real estate photographer,225579af-ac19-4531-b562-0cb1d2749a98
Aaron Daniel,aaronmdaniel@gmail.com,,email,email,1,2026-09-13,2026-09-13,Cold Outreach,Backup real estate photographer,491f8408-f189-4b6d-a2a1-dafcc73a6cf5
David Duncan,davidduncanrealtor@gmail.com,,email,email,1,2026-09-13,2026-09-13,Cold Outreach,Backup real estate photographer,278a81f4-a327-4044-8944-90cbadce3c7d
April Esselburn,aprilfindsmyhome@gmail.com,,email,email,1,2026-09-13,2026-09-13,Cold Outreach,Backup real estate photographer,10091f65-113f-468d-82e2-6eb83e96c5ca
Katherine Gerlach,kat@foundedbykat.com,,email,email,1,2026-09-13,2026-09-13,Cold Outreach,Backup real estate photographer,1252c32a-71f6-4ea3-99da-c63b804a0d0f
Jaime Goldberg,jaime@heartofgoldhomes.com,,email,email,1,2026-09-13,2026-09-13,Cold Outreach,Backup real estate photographer,607fda9f-8f90-44e2-a148-166d02185732
Tanara Greywolf,greywolfhomeseugene@gmail.com,,email,email,1,2026-09-13,2026-09-13,Cold Outreach,Backup real estate photographer,beb20279-de3b-4b35-9c61-5b029119bbc6
KayDee Hallert,kaydeesells@gmail.com,,email,email,1,2026-09-13,2026-09-13,Cold Outreach,Backup real estate photographer,769429fa-78f8-43cb-92b2-1c3254fc2975
Jacqueline Henrichs,jacqueline@dreamkeyoregon.com,,email,email,1,2026-09-13,2026-09-13,Cold Outreach,Backup real estate photographer,e4744dcb-4bd8-4324-a077-0dbad473d865
Stephanie Herro,stephanie@herrohomes.com,,email,email,1,2026-09-13,2026-09-13,Cold Outreach,Backup real estate photographer,7e55c700-d713-4834-aa7b-0b6ee271fb78
Jessica Hill,jessica.stellarteam@gmail.com,,email,email,1,2026-09-13,2026-09-13,Cold Outreach,Backup real estate photographer,0d410015-4a37-445e-97b2-f72022649ebd
Kelsey Kawders,kelsey.stellarteam@gmail.com,,email,email,1,2026-09-13,2026-09-13,Cold Outreach,Backup real estate photographer,a9adaae6-68f0-4fa7-9411-eb8c4847c977
Kyle Kieran,kylekieranhomes@gmail.com,,email,email,1,2026-09-13,2026-09-13,Cold Outreach,Backup real estate photographer,3dd8e755-b365-4d21-a5c7-b15dd99c0891
Ray Lavariega,lavariellc@gmail.com,,email,email,1,2026-09-13,2026-09-13,Cold Outreach,Backup real estate photographer,b406d180-b515-4daf-95a9-1a20a70ab6ea
Trevor Leung,tleungrealty@gmail.com,,email,email,1,2026-09-13,2026-09-13,Cold Outreach,Backup real estate photographer,3fbb213c-49b3-4615-813e-ab83001fd7ed
Merrill Moore,merrill.equinox@gmail.com,541-543-8354,email,email,1,2026-09-13,2026-09-13,Cold Outreach,Backup real estate photographer,d53804b9-cc72-4fa2-a705-a555c8d1bba1
Laura Moshofsky,laura@moshofskyrealestate.com,,email,email,1,2026-09-13,2026-09-13,Cold Outreach,Backup real estate photographer,7e4dc6f3-f8f3-4343-a2fe-99538ee8c7f5
Michael O'Rourke,michael.stellarteam@gmail.com,,email,email,1,2026-09-13,2026-09-13,Cold Outreach,Backup real estate photographer,9d759b7c-e6e3-4f21-8e40-ae95c098c0c6
Kayla Running,kayla.stellarteam@gmail.com,,email,email,1,2026-09-13,2026-09-13,Cold Outreach,Backup real estate photographer,9fbb50cd-b383-465d-aea5-5c779722ad3d
Brian Schartz,bcschartz@gmail.com,,email,email,1,2026-09-13,2026-09-13,Cold Outreach,Backup real estate photographer,d630ef29-ab99-4390-8432-6d7faa10acf1
Aleena Schlotzhauer,aleenajanes@gmail.com,,email,email,1,2026-09-13,2026-09-13,Cold Outreach,Backup real estate photographer,2df71d16-e9ac-4830-955f-ee40e6428dcc
Emily Schwin,emilyschwin.equinox@gmail.com,,email,email,1,2026-09-13,2026-09-13,Cold Outreach,Backup real estate photographer,79d0128f-f167-473c-86e2-afebe2ddb73a
Tyler Sessions,tylerchetsessions@gmail.com,,email,email,1,2026-09-13,2026-09-13,Cold Outreach,Backup real estate photographer,d1a05bb4-515f-4f7a-8584-bcbe1ca6891a
Rebecca Swing,swingonhomerealestate@gmail.com,,email,email,1,2026-09-13,2026-09-13,Cold Outreach,Backup real estate photographer,b45a3d09-84f6-4b15-955f-119f32d41895
Alison Thyberg,alisonthyberg.realtor@gmail.com,,email,email,1,2026-09-13,2026-09-13,Cold Outreach,Backup real estate photographer,c450fe1d-37fc-4c83-8aed-2bdb4bff0403
Christine Turk,cturk@5staroregon.com,,email,email,1,2026-09-13,2026-09-13,Cold Outreach,Backup real estate photographer,e4091ba7-268e-403c-b676-1ddc43d8ecd5
Phil Wood,phil.stellarteam@gmail.com,,email,email,1,2026-09-13,2026-09-13,Cold Outreach,Backup real estate photographer,82275496-66e7-4d9f-b442-8951ac0fb914
Mark Adams,mwadams@bhgpartners.com,,email,email,1,2026-09-13,2026-09-13,Cold Outreach,Backup real estate photographer,d2c8829d-7f3e-4b0c-a66e-323500b9961a
Liz Alley,ealley@bhgpartners.com,,email,email,1,2026-09-13,2026-09-13,Cold Outreach,Backup real estate photographer,f03f2015-8fe0-486f-a2b1-12f21ae7a577
Ed Anishchenko,edanishchenko@bhgpartners.com,,email,email,1,2026-09-13,2026-09-13,Cold Outreach,Backup real estate photographer,dd798b24-3479-4aca-af9c-52c4f4e75a47
Danielle Bade,daniellebade@bhgpartners.com,,email,email,1,2026-09-13,2026-09-13,Cold Outreach,Backup real estate photographer,7cc60863-fc79-4637-be85-9b6c0c0733be
Scott Bade,scott@baderealestate.com,,email,email,1,2026-09-13,2026-09-13,Cold Outreach,Backup real estate photographer,8b7a4e35-3e97-4572-98b5-f5502c50c580
Adam Baker,adambaker@bhgpartners.com,,email,email,1,2026-09-13,2026-09-13,Cold Outreach,Backup real estate photographer,3128d9f0-5622-458d-b75b-60c654f969b8
Gina Bany,gina@ginabany.com,,email,email,1,2026-09-13,2026-09-13,Cold Outreach,Backup real estate photographer,204205d4-1867-4bcc-9052-988c4e29dd11
Amy Belz-Dimm,amydimm100@gmail.com,,email,email,1,2026-09-13,2026-09-13,Cold Outreach,Backup real estate photographer,a3b4cd24-6b5c-4537-b752-5ca79b03aae3
Joanna Bewley,joannabewley@bhgpartners.com,,email,email,1,2026-09-13,2026-09-13,Cold Outreach,Backup real estate photographer,91a2703a-6122-44b3-8a71-d2321027bde3
Susy Calhoun,susyq4u@comcast.net,,email,email,1,2026-09-13,2026-09-13,Cold Outreach,Backup real estate photographer,1505f2ae-dc47-4b47-85f9-401c57e75c47
Donna Coon,donnacoon@bhgpartners.com,,email,email,1,2026-09-13,2026-09-13,Cold Outreach,Backup real estate photographer,322f9488-d80c-4668-9256-3415f68d6f7d
Andrew Crites,andrew.crites@bhgpartners.com,,email,email,1,2026-09-13,2026-09-13,Cold Outreach,Backup real estate photographer,40575d19-9447-485f-bec7-aa188d33fc4f
Emily Davids,emilysellsoregon@gmail.com,,email,email,1,2026-09-13,2026-09-13,Cold Outreach,Backup real estate photographer,0722f18d-ed71-4b26-a32f-d6d7ac926171
Rebecca Davis,rebeccadavrealtor@gmail.com,,email,email,1,2026-09-13,2026-09-13,Cold Outreach,Backup real estate photographer,32034538-6c18-494b-8d9d-b2b3c63cb75f
Linda Davis,linda@lindadavisrealestate.com,,email,email,1,2026-09-13,2026-09-13,Cold Outreach,Backup real estate photographer,1964555c-01ba-4c9d-9530-51ae0935e0ed
Jeff Dimm,jeffbdimm@gmail.com,,email,email,1,2026-09-13,2026-09-13,Cold Outreach,Backup real estate photographer,fbefa40a-c4e9-41d6-8a96-67df8c22120e
Julie Douglas,julie@julie-douglas.com,,email,email,1,2026-09-13,2026-09-13,Cold Outreach,Backup real estate photographer,59c05ea1-1d4a-4f11-aee1-78a2b839acbd
Kate Gefael,kate@bhgpartners.com,,email,email,1,2026-09-13,2026-09-13,Cold Outreach,Backup real estate photographer,133f92ed-7651-4f71-95c1-5830093fb965
Peri Gehl,peri@bhgpartners.com,,email,email,1,2026-09-13,2026-09-13,Cold Outreach,Backup real estate photographer,9583d5ae-a117-4379-aa15-2310c1a4ad38
Mary Gray,marygray@bhgpartners.com,,email,email,1,2026-09-13,2026-09-13,Cold Outreach,Backup real estate photographer,15b5c2c2-cdea-4d71-ba57-475486fbea17
Anthony Golden,anthony.golden@bhgpartners.com,,email,email,1,2026-09-14,2026-09-14,Cold Outreach,Backup real estate photographer,731072bf-aed4-4ab9-80d3-f83c3bd9b95b
Kevin Greer,kevingreer@bhgpartners.com,,email,email,1,2026-09-14,2026-09-14,Cold Outreach,Backup real estate photographer,aa4d6cd0-3212-4803-bbb4-fb43ca75a4c3
Efren Herrera,efrenherrera@bhgpartners.com,,email,email,1,2026-09-14,2026-09-14,Cold Outreach,Backup real estate photographer,d9493cd1-8cde-476f-a507-13ac82751ddc
Lauren Holst,laurenholst@bhgpartners.com,,email,email,1,2026-09-14,2026-09-14,Cold Outreach,Backup real estate photographer,09ffe7f6-9837-4d28-b053-2da335a24b62
Gina Hosford,gina@canby.com,,email,email,1,2026-09-14,2026-09-14,Cold Outreach,Backup real estate photographer,01554d2d-aa51-42b0-ba31-05ed91efc399
Roger Hough,rogerhough@houghteam.com,,email,email,1,2026-09-14,2026-09-14,Cold Outreach,Backup real estate photographer,fa1f4991-9e01-48e1-b3af-5144287590dd
Gordon Isaac,gordon@bhgpartners.com,,email,email,1,2026-09-14,2026-09-14,Cold Outreach,Backup real estate photographer,c53c6585-9a3d-4ed3-a03c-1a64d1aa7326
Nicole Isfeld,nicole@fairmarkre.com,,email,email,1,2026-09-14,2026-09-14,Cold Outreach,Backup real estate photographer,21c42c3c-6a56-4745-943b-2064a5a517b7
Nic Isfeld,nic@nicisfeld.com,,email,email,1,2026-09-14,2026-09-14,Cold Outreach,Backup real estate photographer,2b68fdb9-69e7-4882-bd5e-828b4a27c381
Loree Kaiser,loree@loreekaiser.com,,email,email,1,2026-09-14,2026-09-14,Cold Outreach,Backup real estate photographer,052d0922-e758-4fba-a165-915de19c04f7
Shelly Kivett,shellykivett@bhgpartners.com,,email,email,1,2026-09-14,2026-09-14,Cold Outreach,Backup real estate photographer,4b757eee-d959-4ee0-a0ba-33cdda40c4ee
Kathy Layton,kathylayton@bhgpartners.com,,email,email,1,2026-09-14,2026-09-14,Cold Outreach,Backup real estate photographer,a1929161-2ed9-492a-963f-5cd52f66dd16
Kirsten Marwick,kirsten@bhgpartners.com,,email,email,1,2026-09-14,2026-09-14,Cold Outreach,Backup real estate photographer,07cd8f76-10bd-4705-b011-8838cf4e03b7
Christine McClinton,christinemcclinton@bhgpartners.com,,email,email,1,2026-09-14,2026-09-14,Cold Outreach,Backup real estate photographer,dc9d7b89-5759-4754-bb93-f6a9e0592774
Kimberly McKie-Nosen,kimmckienosen@bhgpartners.com,,email,email,1,2026-09-14,2026-09-14,Cold Outreach,Backup real estate photographer,47e02d59-a37b-41be-aadc-804637704c77
Jenny McLean,jennymclean@bhgpartners.com,,email,email,1,2026-09-14,2026-09-14,Cold Outreach,Backup real estate photographer,4967407e-cad6-4192-895b-a40c5c1973f8
Paula Mellon,bendhomeconnection@gmail.com,,email,email,1,2026-09-14,2026-09-14,Cold Outreach,Backup real estate photographer,32bc99fa-cb0d-49cc-b749-9684c5844861
Amy Nelson,amy@amynelson.com,,email,email,1,2026-09-14,2026-09-14,Cold Outreach,Backup real estate photographer,17ab7c41-ee1e-4a72-8ada-f9f0a6492c55
Deb Nolen,debnolen@bhgpartners.com,,email,email,1,2026-09-14,2026-09-14,Cold Outreach,Backup real estate photographer,d56e23c7-578b-49fb-ab96-770be17dffa3
Deanna Pahlke,deannapahlke@bhgpartners.com,,email,email,1,2026-09-14,2026-09-14,Cold Outreach,Backup real estate photographer,6f73c6ea-4baa-4210-831e-5bdf1bc8e6e5
Tracy Peterson,tracy@tracypetersonhomes.com,,email,email,1,2026-09-14,2026-09-14,Cold Outreach,Backup real estate photographer,e8bfa8fb-db76-4447-a9de-32bb56ff41d5
Derek Peterson,derek@derekpeterson.com,,email,email,1,2026-09-14,2026-09-14,Cold Outreach,Backup real estate photographer,f881c198-b326-4715-a971-bddee1ead101
Mitch Peterson,mitchpeterson12@icloud.com,,email,email,1,2026-09-14,2026-09-14,Cold Outreach,Backup real estate photographer,0fb7191c-e043-450b-9a3b-eee0a6ef69c2
Megan Smallwood,megan_smallwood@bhgpartners.com,,email,email,1,2026-09-14,2026-09-14,Cold Outreach,Backup real estate photographer,c9385a80-6e0d-406e-a8d6-b9d1eba74243
Becki Unger,becki@canby.com,,email,email,1,2026-09-14,2026-09-14,Cold Outreach,Backup real estate photographer,a1d60e78-c9f0-4161-8e5b-f1e6c77889a0
Jenny Weitzel,jenny@houghteam.com,,email,email,1,2026-09-14,2026-09-14,Cold Outreach,Backup real estate photographer,d4155550-0f2c-4f1e-a280-44884567c206
Martha Wilson,marthawilson@bhgpartners.com,,email,email,1,2026-09-14,2026-09-14,Cold Outreach,Backup real estate photographer,5ca9d2d8-8ae6-46fa-b650-d2d760786317
Jacqueline Wren,jacqueline@bhgpartners.com,,email,email,1,2026-09-14,2026-09-14,Cold Outreach,Backup real estate photographer,f4a350a2-2303-4b7b-8e4f-0d85d7982f85
Jiansheng Wu,jiansheng@bhgpartners.com,,email,email,1,2026-09-14,2026-09-14,Cold Outreach,Backup real estate photographer,31e89e6d-8311-4ffc-b9e5-37bc973f99b0
Falisha Alaniz,falishalaniz@gmail.com,503-580-0686,email,email,1,2026-09-14,2026-09-14,Cold Outreach,Backup real estate photographer,6736a69c-913f-42eb-8e95-173f4c34df67
Jamison Albrecht,jalbrecht702@gmail.com,702-461-0151,email,email,1,2026-09-14,2026-09-14,Cold Outreach,Backup real estate photographer,5a716f47-8362-4c61-8daf-548667dca282
Nancy Alley,nralleyrealtor@gmail.com,503-510-5326,email,email,1,2026-09-14,2026-09-14,Cold Outreach,Backup real estate photographer,71a82cd5-bbeb-4fa5-b3a3-0ef20ff41290
Peter Alotta,paalotta@yahoo.com,503-851-5312,email,email,1,2026-09-14,2026-09-14,Cold Outreach,Backup real estate photographer,6af60d42-cf7d-4bdb-b230-58fedaf98f5d
Michael Andersen,mandersen@hsmartrg.com,503-881-9029,email,email,1,2026-09-14,2026-09-14,Cold Outreach,Backup real estate photographer,ad667bc0-c9aa-40c4-b5ea-e1c2d35a208d
Maria Anderson,maria.anderson0518@gmail.com,503-951-0517,email,email,1,2026-09-14,2026-09-14,Cold Outreach,Backup real estate photographer,64410a9a-12e2-499b-9879-d70e2548a20a
"Jose ""Joe"" Arechiga Molinar",joearechiga.re@gmail.com,971-720-7625,email,email,1,2026-09-14,2026-09-14,Cold Outreach,Backup real estate photographer,fd5b057f-e29e-4819-9863-a51449cf4a17
Shanna Ashenfelter,shanna.homes4u@gmail.com,503-791-1180,email,email,1,2026-09-14,2026-09-14,Cold Outreach,Backup real estate photographer,f082637e-67ea-4dd0-a865-83a32a370b16
"Antonio ""Tony"" Balderrama",tony.realtor@aol.com,310-251-8326,email,email,1,2026-09-14,2026-09-14,Cold Outreach,Backup real estate photographer,4ed3fa2d-b01c-4f9c-ae74-810e9cffcec3
Staci Barnes,stacilbarnes@gmail.com,541-914-8126,email,email,1,2026-09-14,2026-09-14,Cold Outreach,Backup real estate photographer,6ed2c542-1b58-49ad-b7ee-4cf4ed8e696f
Liliana Andrea Barron-Rivas,lilybarronr@gmail.com,503-930-2989,email,email,1,2026-09-14,2026-09-14,Cold Outreach,Backup real estate photographer,f287ade0-de5d-4ce8-84ee-52616c43d483
Ismael Zuniga Belman,ismaelrealtor1@gmail.com,503-931-1969,email,email,1,2026-09-14,2026-09-14,Cold Outreach,Backup real estate photographer,f2894207-c25f-4ae3-8ed4-62751aeae6ee
Renae Bendix,renae.bendix@outlook.com,503-689-3691,email,email,1,2026-09-14,2026-09-14,Cold Outreach,Backup real estate photographer,d3a10168-f7b5-4530-85e4-893cc0dc8d7a
Lauren Berg,brokerlaurenberg@gmail.com,541-799-5454,email,email,1,2026-09-14,2026-09-14,Cold Outreach,Backup real estate photographer,93bc4314-ce4b-44a8-b64c-f5589c0af3c5
Char Berry,charberryagent4homesmart@gmail.com,541-410-3662,email,email,1,2026-09-14,2026-09-14,Cold Outreach,Backup real estate photographer,091509ed-e53e-45f0-ba4d-b56a24f66b5b
Whitney Beyer,whitneybeyer.realtor@gmail.com,503-689-5255,email,email,1,2026-09-14,2026-09-14,Cold Outreach,Backup real estate photographer,5b91cca6-7e6e-44d7-898c-f12c36d49cd1
Ryan Bloedel,ryan@trademarkenterprises.com,503-931-9588,email,email,1,2026-09-14,2026-09-14,Cold Outreach,Backup real estate photographer,de439eef-dde0-446c-aa1f-2c16e477047f
Tyler Blythe,tblythehomesales@gmail.com,503-509-0880,email,email,1,2026-09-14,2026-09-14,Cold Outreach,Backup real estate photographer,3a432e98-23ba-46ca-9f81-9561f14d6048
Vassa Bodunov,vassathebuilder@gmail.com,503-951-1020,email,email,1,2026-09-14,2026-09-14,Cold Outreach,Backup real estate photographer,2b94ad5b-e2d3-434a-ac25-63b7c1fcc128
"Patricia ""Patty"" Bolstad",pattybolstad@gmail.com,503-881-4570,email,email,1,2026-09-14,2026-09-14,Cold Outreach,Backup real estate photographer,ea577172-7efc-4d6e-b015-1f849d9d925e
Robin Bonnie,robinbonnie.or@gmail.com,503-522-6095,email,email,1,2026-09-14,2026-09-14,Cold Outreach,Backup real estate photographer,c0c87f1a-cb1f-49ce-9397-af4347c4d97b
Tiffany Bouchard,tiffanyb.realty@gmail.com,503-871-5929,email,email,1,2026-09-14,2026-09-14,Cold Outreach,Backup real estate photographer,1d7a37b6-11c0-4782-99a9-0e214eec9768
Denise Bowers,denisebowersrealtor@gmail.com,503-930-4562,email,email,1,2026-09-14,2026-09-14,Cold Outreach,Backup real estate photographer,ee3db055-5eba-42e8-b8d8-a03f08b28a13
Leigh Bradstreet,bradstreetleigh@gmail.com,503-949-5345,email,email,1,2026-09-14,2026-09-14,Cold Outreach,Backup real estate photographer,85e73b11-ac19-4bd5-8279-0e4b5fe68c3c
Alicia Brandt,aliciabrandt@live.com,503-930-5384,email,email,1,2026-09-14,2026-09-14,Cold Outreach,Backup real estate photographer,5ddc30e2-7be7-426c-84a6-26a829ff2233
Edgar Brauer,edbrauer@gmail.com,503-509-8980,email,email,1,2026-09-14,2026-09-14,Cold Outreach,Backup real estate photographer,6042d824-165e-454c-8414-9a3ab6507e5b
"Nancy ""Nan"" Brett",nanbrett1@gmail.com,503-949-1570,email,email,1,2026-09-14,2026-09-14,Cold Outreach,Backup real estate photographer,a00cb08f-fe4b-4b84-b023-fb55456c32f1
Steve Brown,steve@stevebrown.realtor,503-510-5287,email,email,1,2026-09-14,2026-09-14,Cold Outreach,Backup real estate photographer,89babed5-2c8b-4b1e-8b68-276f5d177d63
Valerie Brown,vbrownre2022@gmail.com,503-269-4227,email,email,1,2026-09-14,2026-09-14,Cold Outreach,Backup real estate photographer,f9826b4d-7444-45a2-8b05-6b35fd981a9d
Angel Cabrera,angel.homesmart@gmail.com,503-999-3799,email,email,1,2026-09-14,2026-09-14,Cold Outreach,Backup real estate photographer,533188b6-814d-425c-a059-35435cf54391
Cathi Caldwell,cathihomesmart@gmail.com,503-999-5731,email,email,1,2026-09-14,2026-09-14,Cold Outreach,Backup real estate photographer,1bd97340-3782-418b-a022-587c6e53ebb3
David Cale,cabdrc@comcast.net,,email,email,1,2026-09-14,2026-09-14,Cold Outreach,Backup real estate photographer,70b07149-b200-4e1f-a9a0-97c8757f1089
Christina Casper,connect@christinacasper.com,503-910-5047,email,email,1,2026-09-14,2026-09-14,Cold Outreach,Backup real estate photographer,12d326ef-942a-49eb-886d-17a2c654ded8
Michael Cassata,sellingthepnw@outlook.com,971-428-8972,email,email,1,2026-09-14,2026-09-14,Cold Outreach,Backup real estate photographer,9da092a2-2cb0-485a-8c48-d4eb4d9bfcff
Nora Gisela Castro Ulloa,nora.castrobroker@gmail.com,971-218-6932,email,email,1,2026-09-14,2026-09-14,Cold Outreach,Backup real estate photographer,00ce65f3-f275-46ad-b818-dfb8deb2c327
Shyra Castronovo,shyra@salemkeizerhomes.com,503-559-8248,email,email,1,2026-09-14,2026-09-14,Cold Outreach,Backup real estate photographer,16df6b59-a9bf-456a-b8cd-3419c230c4da
Courtney Chandler,listwithcourtney@hotmail.com,503-910-5202,email,email,1,2026-09-14,2026-09-14,Cold Outreach,Backup real estate photographer,27901a66-f665-406d-9ac1-a54ef882dcf3
Justin Cherrington,justincherrington@protonmail.com,503-510-8341,email,email,1,2026-09-14,2026-09-14,Cold Outreach,Backup real estate photographer,f6b35ca5-2b5f-4962-b491-1849bf2a5471
Daniel Chin,dschin23@gmail.com,503-999-2217,email,email,1,2026-09-14,2026-09-14,Cold Outreach,Backup real estate photographer,aa6f5b88-e4b8-4cf5-b254-38cab7935c8a
Linda Clemente,lindasellsoregon@gmail.com,503-474-8106,email,email,1,2026-09-14,2026-09-14,Cold Outreach,Backup real estate photographer,893d9466-04e8-4bda-a4f3-7490c31a19db
Scott Collins,scottcollinsrealtor@gmail.com,503-580-0896,email,email,1,2026-09-14,2026-09-14,Cold Outreach,Backup real estate photographer,4534ad37-7747-4bfd-8eb4-bd9e99c49048
Zach Conklin,zconklin03@gmail.com,541-390-6270,email,email,1,2026-09-14,2026-09-14,Cold Outreach,Backup real estate photographer,91f03c9a-fa6b-4326-93be-62f3a2786128
Kristin Contras,kristin@valleygirlrealestate.com,503-990-4414,email,email,1,2026-09-14,2026-09-14,Cold Outreach,Backup real estate photographer,b9ce5874-bf4e-454f-a813-780df99ab734
Vanessa Quevedo Coria,vanessa@quevcor.com,503-302-9399,email,email,1,2026-09-14,2026-09-14,Cold Outreach,Backup real estate photographer,595b36f2-e707-4297-8027-76026409f366
Theresa Fowler,theresafowler.homesmart@gmail.com,503-990-0045,email,email,1,2026-09-14,2026-09-14,Cold Outreach,Backup real estate photographer,2b0eedf8-eb46-433f-bec7-e3468aede3df
Rob Freeborn,robertsellsoregon@gmail.com,,email,email,1,2026-09-14,2026-09-14,Cold Outreach,Backup real estate photographer,40ca9415-2e51-42fc-b2a1-e789ef57b6d1
Nolan Fridley,nolan@fridleycustomhomes.com,503-851-2932,email,email,1,2026-09-14,2026-09-14,Cold Outreach,Backup real estate photographer,cc510fac-c4f3-4f8f-94c4-118532a85fbd
Bruce Friedrichsen,brucef.realtor@gmail.com,503-999-6700,email,email,1,2026-09-14,2026-09-14,Cold Outreach,Backup real estate photographer,84d2a089-42e8-47c5-8778-ba517bcb8840
Leeann Friend,friendinrealestate@yahoo.com,503-871-8544,email,email,1,2026-09-14,2026-09-14,Cold Outreach,Backup real estate photographer,1d54759d-30dd-42a3-996c-cbc02459383a
Allison Galvin,allisongalvin@gmail.com,503-576-1635,email,email,1,2026-09-14,2026-09-14,Cold Outreach,Backup real estate photographer,3d87e23f-5cfd-4c12-9907-88edd3877a7e
"Ricardo ""Ricky"" Garcia",rickywvhomes@gmail.com,503-507-0724,email,email,1,2026-09-14,2026-09-14,Cold Outreach,Backup real estate photographer,fdf19ab4-a66f-4c40-82bf-25680483cca7
Ruben Garibay,garibayrealtyteam@gmail.com,,email,email,1,2026-09-14,2026-09-14,Cold Outreach,Backup real estate photographer,2d3d950d-b80f-4829-b1b3-10a761cdef11
Leigh Tracey-Gaynair,leighatgrealtor@gmail.com,541-948-9312,email,email,1,2026-09-14,2026-09-14,Cold Outreach,Backup real estate photographer,fbdeda00-a6c0-4388-907a-27dc08818a8a
Lauren Gesik,homewithlauren@gmail.com,503-559-6376,email,email,1,2026-09-14,2026-09-14,Cold Outreach,Backup real estate photographer,47599f7c-7580-47a9-aa4f-3361c23c6f88
Amanda Green,amandag@hsmartrg.com,503-551-5005,email,email,1,2026-09-14,2026-09-14,Cold Outreach,Backup real estate photographer,5ca10f1c-78a9-46b2-b663-6ca1bd772eb7
Ronda Grefenson,rondagrealtor@gmail.com,503-931-5508,email,email,1,2026-09-14,2026-09-14,Cold Outreach,Backup real estate photographer,5f4d0ea8-6780-4965-883e-7d9f38d7bc92
"Pamela ""Pam"" Gregory",pamg@hsmartrealtygroup.com,503-580-7381,email,email,1,2026-09-14,2026-09-14,Cold Outreach,Backup real estate photographer,66ef9330-f350-4c1f-8ed1-3709f3bfcf79
Marta Guajardo,martamarieg@gmail.com,971-600-4893,email,email,1,2026-09-14,2026-09-14,Cold Outreach,Backup real estate photographer,15c461fe-0176-409c-b644-22a4e81aaf7c
Shareef Hagag,shareef.hagag@gmail.com,503-510-2607,email,email,1,2026-09-14,2026-09-14,Cold Outreach,Backup real estate photographer,4831021b-9e76-4b16-a52c-27707cf7643c
Rebecca Hammagren,rhammagren@gmail.com,503-508-0422,email,email,1,2026-09-14,2026-09-14,Cold Outreach,Backup real estate photographer,b49eaf7a-0321-4f48-ba3f-55ebb047de44
Courtney Harris,courtney@smartoregonhomes.com,503-385-7519,email,email,1,2026-09-14,2026-09-14,Cold Outreach,Backup real estate photographer,0b88689f-7ce8-41c8-b02c-3a8aebcb1646
Joseph Hayes,hayesrealtyteam@gmail.com,503-999-8222,email,email,1,2026-09-14,2026-09-14,Cold Outreach,Backup real estate photographer,1f47b40a-6c4e-405c-b287-717cf3f4a200
Luke Hayes,lukehayes@hayesrealtyteam.net,541-801-0292,email,email,1,2026-09-14,2026-09-14,Cold Outreach,Backup real estate photographer,4f48ca73-9950-40f6-8b24-baea62fa5e32
"Wesley ""Wes"" Helmer",wes@teamhelmer.com,503-871-0466,email,email,1,2026-09-14,2026-09-14,Cold Outreach,Backup real estate photographer,953b6dee-4d15-4c67-b370-beb24f0bc2f2
Michelle Hendricks,hendricksmichelle3@gmail.com,503-551-1855,email,email,1,2026-09-14,2026-09-14,Cold Outreach,Backup real estate photographer,6be40861-9b3f-4151-a652-f380d4cda7ec
Gabriela Hernandez,g.hernandez_ramirez@yahoo.com,971-900-6671,email,email,1,2026-09-14,2026-09-14,Cold Outreach,Backup real estate photographer,7f5953fc-1c39-4032-9a9e-f6bce5c87ea5
Paul Hill,hill.paul.david@gmail.com,971-218-9142,email,email,1,2026-09-14,2026-09-14,Cold Outreach,Backup real estate photographer,061ee758-381f-4192-933d-27ff900e2f61
Sheryll Hodson,sheryll.hodson@gmail.com,503-899-7805,email,email,1,2026-09-14,2026-09-14,Cold Outreach,Backup real estate photographer,b72495be-e2db-4026-9b9f-b7def19fc1c2
Jeffrey Hodson,jeffhodson24@gmail.com,503-856-5643,email,email,1,2026-09-14,2026-09-14,Cold Outreach,Backup real estate photographer,07f7db14-77d3-4eeb-b4c0-3b1318325abb
"Andrea ""Ande"" Hofmann",rickandrea@aol.com,503-881-3888,email,email,1,2026-09-14,2026-09-14,Cold Outreach,Backup real estate photographer,31ff9d80-ed87-4fc3-8d02-25951673069b
Troy Howell,howell_86@yahoo.com,541-971-1632,email,email,1,2026-09-14,2026-09-14,Cold Outreach,Backup real estate photographer,f4e1f33f-be35-40ea-8142-eb5b6c9ebfc7
Tina Hurlbutt,tinahurlbutt.realtor@gmail.com,503-551-6256,email,email,1,2026-09-14,2026-09-14,Cold Outreach,Backup real estate photographer,0c926a67-f2c8-4126-845d-b8eff4c75101
Adam Jaramillo,ajaramillo.realtor@gmail.com,503-851-1826,email,email,1,2026-09-14,2026-09-14,Cold Outreach,Backup real estate photographer,e0c3d987-f683-40fa-8bd5-9ba08a049a21
Darrell Johnson,darrellj@hsmartrg.com,503-798-5005,email,email,1,2026-09-14,2026-09-14,Cold Outreach,Backup real estate photographer,f0189792-aeb7-4ace-b9b8-44c8e60bab29
Chad Jones,chjones06@gmail.com,503-689-2557,email,email,1,2026-09-14,2026-09-14,Cold Outreach,Backup real estate photographer,1dee00d7-61e8-4e98-9d1c-d3eebc83b40a
Maya Jones,soldbymayajones@gmail.com,971-218-9784,email,email,1,2026-09-14,2026-09-14,Cold Outreach,Backup real estate photographer,cc66f093-ae5b-432d-b7ef-32c29094d487
Jose Quiroz Jr,josequiroz.realtor@gmail.com,503-409-8361,email,email,1,2026-09-14,2026-09-14,Cold Outreach,Backup real estate photographer,ecb9bcf9-0413-46e2-a197-59fc0dd43577
"Robert ""Bob"" Reynolds Jr.",renroost@aol.com,503-580-6574,email,email,1,2026-09-14,2026-09-14,Cold Outreach,Backup real estate photographer,9872c1fa-ad7b-4b99-aaff-0e45e9f29fd6
Sherri Junker,rsbbjunker@comcast.net,503-551-0262,email,email,1,2026-09-14,2026-09-14,Cold Outreach,Backup real estate photographer,a6cb06c1-c250-4fe1-b66f-80080e031189
Maya Kennedy,mayakennedyre@gmail.com,541-248-9318,email,email,1,2026-09-14,2026-09-14,Cold Outreach,Backup real estate photographer,97b8b3f0-515c-4087-92c6-0dece756243d
Tiffany Joy Kerlegan,thejoyteam@outlook.com,,email,email,1,2026-09-14,2026-09-14,Cold Outreach,Backup real estate photographer,aa0f1a43-9328-4ac4-a001-0c091b4e071e
"Christina ""Tina"" Kessler",tkessler@hsmartrg.com,971-599-5871,email,email,1,2026-09-14,2026-09-14,Cold Outreach,Backup real estate photographer,913859ff-80c0-4113-a6e1-411faddeb2c1
Susan Killen,killenrealtor2@gmail.com,503-302-6628,email,email,1,2026-09-14,2026-09-14,Cold Outreach,Backup real estate photographer,e50c9018-f560-4bde-b618-76a34753d8b7
Matt Killen,killenrealtor@gmail.com,503-409-5023,email,email,1,2026-09-14,2026-09-14,Cold Outreach,Backup real estate photographer,b73ffece-9f2e-4333-b634-93891964bb83
Christina Kreitzberg,christinasellsoregon@gmail.com,707-293-5474,email,email,1,2026-09-14,2026-09-14,Cold Outreach,Backup real estate photographer,704b7d2e-579b-4f46-b106-24b9b27bd619
"Karapet ""Gary"" Krtikashyan",dreamlandyeti@gmail.com,503-374-6836,email,email,1,2026-09-14,2026-09-14,Cold Outreach,Backup real estate photographer,1c93fc7e-c189-4d5e-99b5-ad8b18e7f2ba
Shelby Kutz,shelbykutz20@gmail.com,503-881-9970,email,email,1,2026-09-14,2026-09-14,Cold Outreach,Backup real estate photographer,ba298c54-1fed-406d-8ae5-4e64ec829a71
Carlos Landa,carlos@avantestategroup.com,503-383-2036,email,email,1,2026-09-14,2026-09-14,Cold Outreach,Backup real estate photographer,28a72ae6-772b-4dab-99d3-8c5c389f9af2
Brandon Lao,brandonlaorealestate@gmail.com,503-269-2183,email,email,1,2026-09-14,2026-09-14,Cold Outreach,Backup real estate photographer,ee9cce68-3d2c-4689-bcb9-0eacd7c1acf4
"Albert ""AJ"" Lape",ajlape@hsmartrg.com,503-409-5358,email,email,1,2026-09-14,2026-09-14,Cold Outreach,Backup real estate photographer,3772907d-ce11-4e85-adf0-54a2f447425e
Yuriy Latik,yuriyhomesmart@gmail.com,,email,email,1,2026-09-14,2026-09-14,Cold Outreach,Backup real estate photographer,d238afca-d215-40b1-864b-10f2e47e7f82
"Abigayle ""Abby"" Lauridsen",abby.homesmartrg@gmail.com,951-442-9683,email,email,1,2026-09-14,2026-09-14,Cold Outreach,Backup real estate photographer,7857cf58-a928-4170-ad97-b6d668a5e300
Wenona Leeder,realtorleeder@gmail.com,503-269-2857,email,email,1,2026-09-14,2026-09-14,Cold Outreach,Backup real estate photographer,31f9bc84-87e1-448f-8b36-02f081057862
Karolina Lemus,karolinarealty@gmail.com,971-806-4061,email,email,1,2026-09-14,2026-09-14,Cold Outreach,Backup real estate photographer,5ce663cf-faf6-4952-8ebc-c9514d11b569
Caden Leno,lenopropertyinvestments@gmail.com,503-798-7793,email,email,1,2026-09-14,2026-09-14,Cold Outreach,Backup real estate photographer,ea50e743-3397-4bb2-a22f-019124523c35
Jason Leon,jason@riserealty.org,503-851-7138,email,email,1,2026-09-14,2026-09-14,Cold Outreach,Backup real estate photographer,cec98e6e-3279-4485-bc6d-285fde94b444
Ron Liedkie,ronliedkie@gmail.com,503-507-7549,email,email,1,2026-09-14,2026-09-14,Cold Outreach,Backup real estate photographer,55a70d36-89dd-4ba3-8c7c-e460c32204d3
Garnet Long,garnet.long@comcast.net,503-302-7822,email,email,1,2026-09-14,2026-09-14,Cold Outreach,Backup real estate photographer,55c7b073-c288-4a79-95a0-d1681ab0c18d
Chase Lopez,chasethehouses@gmail.com,541-401-9467,email,email,1,2026-09-14,2026-09-14,Cold Outreach,Backup real estate photographer,2005b2a1-093d-408e-ac3c-b825a2ef547d
Michael Lowery,michaelloweryrealestate@gmail.com,503-580-3090,email,email,1,2026-09-14,2026-09-14,Cold Outreach,Backup real estate photographer,fe2fbf84-325d-4b4c-b844-b21e15bfb8ab
Alejandro Lumbreras,alejandro.lumbreras@gmail.com,503-559-6766,email,email,1,2026-09-14,2026-09-14,Cold Outreach,Backup real estate photographer,00ce0912-b4c0-402f-94f1-d05f533812a1
"Donald ""Don"" Madsen",donaldemadsen@gmail.com,503-851-1366,email,email,1,2026-09-14,2026-09-14,Cold Outreach,Backup real estate photographer,a454db25-81fd-48cd-af1a-24f99d13c22f
Scott Manning,scottjasonmanning@gmail.com,503-949-6347,email,email,1,2026-09-14,2026-09-14,Cold Outreach,Backup real estate photographer,c43cea73-b9f2-4bf4-9a29-7593d8e5c145
Susan Mason,masonteam@cs.com,503-551-7811,email,email,1,2026-09-14,2026-09-14,Cold Outreach,Backup real estate photographer,b315eda0-03bc-4d8c-858a-07e00e6434ea
Karen McCoy,karenmccoybroker@gmail.com,503-930-7001,email,email,1,2026-09-14,2026-09-14,Cold Outreach,Backup real estate photographer,aba7d201-ab35-4201-9289-102df6c1f0ef
Lexi McKay,leximckaybroker@gmail.com,971-218-5366,email,email,1,2026-09-14,2026-09-14,Cold Outreach,Backup real estate photographer,a5ed736f-bc0d-430d-b79f-5037b65e2064
Rick McKee,mckeecohomes@gmail.com,541-922-8715,email,email,1,2026-09-14,2026-09-14,Cold Outreach,Backup real estate photographer,24551ce8-85d2-4d50-bd03-328e5a31b38b
Kristi McMurry,reagentmcmurry@gmail.com,208-914-4694,email,email,1,2026-09-14,2026-09-14,Cold Outreach,Backup real estate photographer,e8fe94cf-e1e2-4774-8cda-c3fa9c235b2a
Jamie Melcher,jamie@melchershomesales.com,541-401-1991,email,email,1,2026-09-14,2026-09-14,Cold Outreach,Backup real estate photographer,3321616a-d8e9-448c-ba8f-a1dbd9844f73
"Robert ""Rob"" Melton",robmelton9@gmail.com,503-930-9230,email,email,1,2026-09-14,2026-09-14,Cold Outreach,Backup real estate photographer,c72c535d-fb75-4820-b905-49f00b3b2046
Nicole Meuret,nicolemeuret@gmail.com,503-871-7282,email,email,1,2026-09-14,2026-09-14,Cold Outreach,Backup real estate photographer,2d1e7d9f-77b4-467e-b186-ce1787cfe41f
Larry Miles,larrymilesrealtor@gmail.com,503-580-5927,email,email,1,2026-09-14,2026-09-14,Cold Outreach,Backup real estate photographer,5c1b41dc-edf6-4419-b110-e15f99af621e
Kathleen Milldrum,kathleen@pnwcoast.com,,email,email,1,2026-09-14,2026-09-14,Cold Outreach,Backup real estate photographer,c76e3745-3c56-41e7-ac9e-cf40ec56766d
James Montgomery,jamesm@hsmartrealtygroup.com,503-779-4770,email,email,1,2026-09-14,2026-09-14,Cold Outreach,Backup real estate photographer,0a0f25f3-3efd-4ea4-9bba-9170e488f181
Jason Moore,jndfarm2@gmail.com,541-990-5554,email,email,1,2026-09-14,2026-09-14,Cold Outreach,Backup real estate photographer,7c45a2e3-e832-4bc5-b27f-bcaffc9c40dd
Austin Natividad,natividadaustin@hotmail.com,503-428-2400,email,email,1,2026-09-14,2026-09-14,Cold Outreach,Backup real estate photographer,d0a7d22e-7771-4c90-a1df-57a07db9d20c
Shane Newton,shanenewton78@gmail.com,503-910-6904,email,email,1,2026-09-14,2026-09-14,Cold Outreach,Backup real estate photographer,d825f884-b51c-4853-9ed2-caa1b4769e89
Derek Nichols,dereknichols@hayesrealtyteam.net,,email,email,1,2026-09-14,2026-09-14,Cold Outreach,Backup real estate photographer,f1156b67-9b83-474a-a2ff-cddca1f4731e
Brian Niewald,brianniewald@gmail.com,503-409-3958,email,email,1,2026-09-14,2026-09-14,Cold Outreach,Backup real estate photographer,251b6a90-4fd5-488a-923e-7e79f7da89a1
Roxanne Noud,roxannenoud@gmail.com,503-689-4796,email,email,1,2026-09-14,2026-09-14,Cold Outreach,Backup real estate photographer,0dcbd23f-0802-4c28-ab5e-1de334d9ca5e
Eve Olsen,eve@olsencommunities.com,503-559-8837,email,email,1,2026-09-14,2026-09-14,Cold Outreach,Backup real estate photographer,28918324-4769-4e29-8d1b-1bd0b832522e
Bailey Olson,baileyhomesmart@gmail.com,503-559-1597,email,email,1,2026-09-14,2026-09-14,Cold Outreach,Backup real estate photographer,c15b7278-1ce3-4709-9b73-8cd746520abc
Vanessa Orozco,vanessaorozcorealtor@gmail.com,,email,email,1,2026-09-14,2026-09-14,Cold Outreach,Backup real estate photographer,6e3c3cf0-acd1-43d7-9e91-0bb857714dc1
Ralph Osburn,ralph@theosburngroup.com,503-476-5640,email,email,1,2026-09-14,2026-09-14,Cold Outreach,Backup real estate photographer,fa70c71f-87b2-4959-afea-b882010540d7
Teresa Owings,teresayowings@gmail.com,503-936-7253,email,email,1,2026-09-14,2026-09-14,Cold Outreach,Backup real estate photographer,b337d63a-1c09-4f2d-ae18-4f0d75c2fde6
Sarah Owre,sarahowre@gmail.com,503-428-1324,email,email,1,2026-09-14,2026-09-14,Cold Outreach,Backup real estate photographer,04fb9659-6b0e-4cc7-af9c-c0f8a45664e9
"Jeffrey ""Jeff"" Parsons",jeffparsons11@gmail.com,503-413-0350,email,email,1,2026-09-14,2026-09-14,Cold Outreach,Backup real estate photographer,d3ef13a7-455c-41b6-93d2-624e2b608088
Rosalie Peck,rosaliepeck52@gmail.com,971-400-0850,email,email,1,2026-09-14,2026-09-14,Cold Outreach,Backup real estate photographer,1b07f7e5-5ae3-48be-8888-49744f02cfd3
Theresa Peltier,rebrokertheresapeltier@gmail.com,541-979-3718,email,email,1,2026-09-14,2026-09-14,Cold Outreach,Backup real estate photographer,2234161c-5e68-484a-8ff1-c08784415f0e
Amber Pena,amberpena.realtor@gmail.com,209-556-2624,email,email,1,2026-09-14,2026-09-14,Cold Outreach,Backup real estate photographer,8fbb310e-f1b3-47e3-975d-8a307e6b1fa6
Elva Pinto,pintoe23@gmail.com,541-571-6476,email,email,1,2026-09-14,2026-09-14,Cold Outreach,Backup real estate photographer,89ca703c-28f7-4624-b5ae-d02eed841dad
Erica Plumb,ericaplumb6@gmail.com,971-218-2595,email,email,1,2026-09-14,2026-09-14,Cold Outreach,Backup real estate photographer,a83ffde1-c4db-4791-acf3-d7279300fa2a
"Kathryn ""Kathy"" Power",kathypowerrealtor@gmail.com,503-881-6680,email,email,1,2026-09-14,2026-09-14,Cold Outreach,Backup real estate photographer,873543e6-02f6-4cab-94b4-f69ae1ceebaf
Amy Price,homewithamy@outlook.com,541-990-2146,email,email,1,2026-09-14,2026-09-14,Cold Outreach,Backup real estate photographer,35e307b1-c21b-4b06-ae7e-b6f76df889ec
Vanessa Price Riley,manyblessings111@gmail.com,808-268-6946,email,email,1,2026-09-14,2026-09-14,Cold Outreach,Backup real estate photographer,29fd07ff-d74a-4e56-afa3-73b6ecb13598
Amy Pulver,apulver1724@gmail.com,602-703-7816,email,email,1,2026-09-14,2026-09-14,Cold Outreach,Backup real estate photographer,0096ae2b-6351-4281-9c62-4a88ab4575b9
Julio Quevedo,julio@quevcor.com,503-779-6766,email,email,1,2026-09-14,2026-09-14,Cold Outreach,Backup real estate photographer,a1d56d51-f7e5-429e-a89c-6b2837879e2c
"Lucita ""Lucy"" Vasquez Ramirez",teamreal777@gmail.com,971-219-8699,email,email,1,2026-09-14,2026-09-14,Cold Outreach,Backup real estate photographer,1f8d146c-79d9-4a2d-b002-81924e487808
Heather Rauh,heather@heatherrauh.com,971-373-5379,email,email,1,2026-09-14,2026-09-14,Cold Outreach,Backup real estate photographer,85fffa1b-f5ca-4a32-b27d-7093e78b2509
Taylor Ream,taylor.ream3@gmail.com,503-881-8733,email,email,1,2026-09-14,2026-09-14,Cold Outreach,Backup real estate photographer,d8cb5e73-6e45-407c-bceb-9e65cb93121b
Bethany Reeves,bethanyrealtor1@gmail.com,503-897-8488,email,email,1,2026-09-14,2026-09-14,Cold Outreach,Backup real estate photographer,f6fbccf8-45d3-4537-8561-04ae56ca23d9
Marianne Reich,marianne@reichhomes.com,503-569-9557,email,email,1,2026-09-14,2026-09-14,Cold Outreach,Backup real estate photographer,0cbf15e4-9064-4b0a-92ff-bfe56587f182
Troy Renshaw,troyrenshaw2@comcast.net,503-931-7266,email,email,1,2026-09-14,2026-09-14,Cold Outreach,Backup real estate photographer,a22a9925-38da-47e9-b146-c7782a2bfa6e
Alba Reyes,reyesalba.17@gmail.com,,email,email,1,2026-09-14,2026-09-14,Cold Outreach,Backup real estate photographer,85af2d67-64c3-4d65-b6ba-665a1791d617
Jennifer Reynolds,oregonslivingroom@gmail.com,503-381-6573,email,email,1,2026-09-14,2026-09-14,Cold Outreach,Backup real estate photographer,5215842c-76be-4e98-983b-6b9aaa17c15a
Stacey Robbins,robbinsroostrealtor@gmail.com,541-948-9332,email,email,1,2026-09-14,2026-09-14,Cold Outreach,Backup real estate photographer,956162ef-a1f7-4b4c-bd3b-4541ee383f27
Victoria Rozo Robblee,victoria@therobbleegroup.com,971-330-3660,email,email,1,2026-09-14,2026-09-14,Cold Outreach,Backup real estate photographer,1d882cb1-bf52-47c1-affb-177b4b782d1a
Scott Robblee,scott@therobbleegroup.com,503-798-8737,email,email,1,2026-09-14,2026-09-14,Cold Outreach,Backup real estate photographer,fd8f5987-e899-446a-8897-cca22db638df
"Sylvestra ""Sylvia"" Rodriguez",sylviarodbroker@gmail.com,503-932-9835,email,email,1,2026-09-14,2026-09-14,Cold Outreach,Backup real estate photographer,eafec0b7-a643-43b1-9b3d-54135adabb95
Rhonda Romp,rhondaromp2@gmail.com,503-510-3138,email,email,1,2026-09-14,2026-09-14,Cold Outreach,Backup real estate photographer,a6ba3782-fb0e-4c5c-b2a1-3c35d09d2596
Justin Samiee,js@justinsamiee.com,503-508-7147,email,email,1,2026-09-14,2026-09-14,Cold Outreach,Backup real estate photographer,29b482b3-83ba-4dee-91cb-84010dfa46f1
Amelia Sarmiento,sarmientogrouprealty@gmail.com,816-516-4326,email,email,1,2026-09-14,2026-09-14,Cold Outreach,Backup real estate photographer,5dcb1601-6a26-4a54-8c8c-b3a7f089479e
Lisa Scheirman,realtorlisa@scheirman.us,503-949-2411,email,email,1,2026-09-14,2026-09-14,Cold Outreach,Backup real estate photographer,ce4c6140-3322-45bc-b41e-fe8612c378f2
Dana Schell,dana@realtordana.com,503-320-9261,email,email,1,2026-09-14,2026-09-14,Cold Outreach,Backup real estate photographer,c2828945-f966-40bf-a959-a7bf7fec2768
Steve Schelske,rockfarmrealestate@gmail.com,541-420-1868,email,email,1,2026-09-14,2026-09-14,Cold Outreach,Backup real estate photographer,145cc4b8-8627-45f0-a533-1e8bf3ea2893
"Jon Derek ""Derek"" Schumpert",dschumpert@hsmartrg.com,503-602-8909,email,email,1,2026-09-14,2026-09-14,Cold Outreach,Backup real estate photographer,0755eecc-a81a-498d-8214-b04ed44c1995
Bob Shackelford,bobshack1@gmail.com,503-983-4086,email,email,1,2026-09-14,2026-09-14,Cold Outreach,Backup real estate photographer,5a57367a-b36a-4302-876d-16158f9b1953
Benjamin Shedd,sheddb32@gmail.com,503-385-6544,email,email,1,2026-09-14,2026-09-14,Cold Outreach,Backup real estate photographer,bacacbbb-53ac-4027-9ebf-40caeb2d9760
"Jonathon ""Brody"" Sherwood",brody.sherwood@gmail.com,503-383-4992,email,email,1,2026-09-14,2026-09-14,Cold Outreach,Backup real estate photographer,c500a43e-6eb6-43e3-8878-c051646c9675
Shawn Shukle,shawn@shuklerealty.com,503-270-8485,email,email,1,2026-09-14,2026-09-14,Cold Outreach,Backup real estate photographer,0418419d-6d1d-40f4-8180-c1409bff1577
Tina Smith,homes@harborside.com,541-992-5460,email,email,1,2026-09-14,2026-09-14,Cold Outreach,Backup real estate photographer,bb506ec6-65ec-4fca-8c67-4e90583a0b58
Brian Smith,briansmithrealtor@gmail.com,503-551-8510,email,email,1,2026-09-14,2026-09-14,Cold Outreach,Backup real estate photographer,17d75ed2-50df-477f-a58e-8f01f99a349a
Tabitha Solberg,tabithasrealtor@gmail.com,503-910-2244,email,email,1,2026-09-14,2026-09-14,Cold Outreach,Backup real estate photographer,3d613285-6b93-464e-a506-58bfc258ee63
Emily Sorce,emsorce@gmail.com,541-297-7322,email,email,1,2026-09-14,2026-09-14,Cold Outreach,Backup real estate photographer,2e444c19-fda4-4a6e-b709-11481f57ad33
Kristin Sparkman,jrksparkman@gmail.com,503-910-6305,email,email,1,2026-09-14,2026-09-14,Cold Outreach,Backup real estate photographer,4fdf8bd6-4766-4d0f-9f00-21888d0a02fb
Jim Sparkman,jims@hsmartrealtygroup.com,503-910-8414,email,email,1,2026-09-14,2026-09-14,Cold Outreach,Backup real estate photographer,7dfd030c-8edb-48d3-b49c-7891a8470b26
Krystal Sprauer,kbsprauer@gmail.com,503-910-9071,email,email,1,2026-09-14,2026-09-14,Cold Outreach,Backup real estate photographer,95906683-142a-4e9d-a843-9a24cdbbc48c
Vera Stanley,verastanleybroker@gmail.com,503-269-8706,email,email,1,2026-09-14,2026-09-14,Cold Outreach,Backup real estate photographer,82c606f2-932c-4673-8865-08e94edb7137
Ryan Steckly,rsteckly@me.com,503-507-1808,email,email,1,2026-09-14,2026-09-14,Cold Outreach,Backup real estate photographer,9721621a-d888-4eb6-b938-6f2d615aa2eb
Devann Steiner,devann@steinerhomesales.com,971-209-8097,email,email,1,2026-09-14,2026-09-14,Cold Outreach,Backup real estate photographer,d7508539-365f-4058-b878-44486ba92525
Don Sturgeon,brokerdonsturgeon@gmail.com,503-508-1800,email,email,1,2026-09-14,2026-09-14,Cold Outreach,Backup real estate photographer,cf50a31d-483c-47c6-b15d-db4c86977d81
"McKenzie ""Kenzie"" Sturgeon",brokerkenziesturgeon@gmail.com,503-881-7107,email,email,1,2026-09-14,2026-09-14,Cold Outreach,Backup real estate photographer,c2196c97-d94e-4b0c-9408-7d19ba3c2f75
Tracy Sturgeon,brokertracysturgeon@gmail.com,503-881-1939,email,email,1,2026-09-14,2026-09-14,Cold Outreach,Backup real estate photographer,c084c19e-2aca-462c-8578-7cd23c84634a
Dena Swift,swift@hsmartrealtygroup.com,503-510-0489,email,email,1,2026-09-14,2026-09-14,Cold Outreach,Backup real estate photographer,cf3368ab-493c-4c49-a2a1-6d72f4c237aa
Krista Terlecki,terleckihouse@gmail.com,503-871-2508,email,email,1,2026-09-14,2026-09-14,Cold Outreach,Backup real estate photographer,3a323581-9094-4380-b38f-ffeebf44856e
Suzi White-Thorud,suziwhite@gmail.com,503-884-2954,email,email,1,2026-09-14,2026-09-14,Cold Outreach,Backup real estate photographer,a7b39ada-54ee-4cd3-aec3-e20f6d8ad110
Kristi Tomlin,kristitomlin7@gmail.com,503-884-5252,email,email,1,2026-09-14,2026-09-14,Cold Outreach,Backup real estate photographer,db878eda-e0b8-4824-abd1-e5d6df878b36
Chun Truong,homesforsalesalem@gmail.com,503-851-3167,email,email,1,2026-09-14,2026-09-14,Cold Outreach,Backup real estate photographer,d9b6f242-4786-4c1d-9d6c-8e49e2ae8a03
"Jennifer ""Jenny"" Vanlue",jennyvanluerealtor@gmail.com,503-347-8392,email,email,1,2026-09-14,2026-09-14,Cold Outreach,Backup real estate photographer,b86026aa-16c6-4b99-8973-36d9727c8642
Barbara Vetter,valleyhomeadvisors.barb@gmail.com,503-208-0219,email,email,1,2026-09-14,2026-09-14,Cold Outreach,Backup real estate photographer,33bc5235-e957-444b-9653-6de7cce6bb41
Jodee Walton,jodee@myagentjodee.com,541-554-2777,email,email,1,2026-09-14,2026-09-14,Cold Outreach,Backup real estate photographer,d1c725fb-b004-42fd-84c1-340e4fe70ae2
Lexie Weathers,lexie@weathershomesolutions.com,503-551-0621,email,email,1,2026-09-14,2026-09-14,Cold Outreach,Backup real estate photographer,505a21bb-cff2-4c68-a6cb-50b5b167f349
Kevin Weathers,kevin@weathershomesolutions.com,503-881-8530,email,email,1,2026-09-14,2026-09-14,Cold Outreach,Backup real estate photographer,693c7858-8e4f-4db9-aeda-a361490edff3
Ryan Welty,ryanrwelty@gmail.com,971-398-7093,email,email,1,2026-09-14,2026-09-14,Cold Outreach,Backup real estate photographer,0458e6cf-5c97-4cba-95f0-cc180467ee44
Mia White,miarosebud@gmail.com,406-581-3551,email,email,1,2026-09-14,2026-09-14,Cold Outreach,Backup real estate photographer,5ebcc1d9-410a-43d7-966a-0f2997b89e3c
Katie Whitten,katie@bridgetownfiles.com,503-806-6709,email,email,1,2026-09-14,2026-09-14,Cold Outreach,Backup real estate photographer,faa79b84-b2d3-42f1-984b-238af5b7a131
David Wiggers,dwigs21@gmail.com,503-851-8622,email,email,1,2026-09-14,2026-09-14,Cold Outreach,Backup real estate photographer,d5cfe021-aaae-465a-a8d6-79ab7e080d03
Amy Williams,amywhousehunter@gmail.com,503-881-4233,email,email,1,2026-09-14,2026-09-14,Cold Outreach,Backup real estate photographer,cd97ba2c-6965-4613-8f64-8055b20f4557
Charles Wilson,cwa951@gmail.com,503-339-6954,email,email,1,2026-09-14,2026-09-14,Cold Outreach,Backup real estate photographer,e832c7bc-7ae3-4fdd-b357-2120a2bc2a2b
Megan Wong,mmwong02@gmail.com,503-851-8887,email,email,1,2026-09-14,2026-09-14,Cold Outreach,Backup real estate photographer,5f372794-976c-4713-9904-36e44dfd0994
Nathan Wu,nathanwu128@gmail.com,,email,email,1,2026-09-14,2026-09-14,Cold Outreach,Backup real estate photographer,bafa26b8-9403-44e2-9024-c359b2e81166
Heather Yates,heather.yatesrealestate@gmail.com,503-383-9185,email,email,1,2026-09-14,2026-09-14,Cold Outreach,Backup real estate photographer,918554ab-ceea-4fbc-8e55-5a92f5fc1812
"Alemayehu ""Alex"" Yetayew",alexyetayew@gmail.com,202-330-1931,email,email,1,2026-09-14,2026-09-14,Cold Outreach,Backup real estate photographer,43dee1ac-07a8-4347-97ae-6f475fa60fcd
Zachary Zeek,zachary_zeek@hotmail.com,503-551-8836,email,email,1,2026-09-14,2026-09-14,Cold Outreach,Backup real estate photographer,f2cbdfb3-d646-41ea-8b4e-462b803b9f5d
Maria Reyes Corral,reyes.homesales@gmail.com,503-309-6418,email,email,1,2026-09-14,2026-09-14,Cold Outreach,Backup real estate photographer,5d6b02e0-20c9-4d49-89a9-655994ba111b
Richard Crafts,oregonizedrealestatellc@gmail.com,503-884-4232,email,email,1,2026-09-14,2026-09-14,Cold Outreach,Backup real estate photographer,a5e6b773-1783-408e-b45f-baeabb468e69
McKenzie Cuanas,mckenziesellsoregon@gmail.com,503-507-5393,email,email,1,2026-09-14,2026-09-14,Cold Outreach,Backup real estate photographer,2a15fbac-1d6a-4928-a198-a58c81e780d0
Kim Daley,kimdaleyrealtor@gmail.com,503-380-0558,email,email,1,2026-09-14,2026-09-14,Cold Outreach,Backup real estate photographer,aabd4816-5d5b-4080-a24b-0751069f0bc7
Keaton Davis,keatonpagerealtor@gmail.com,503-931-4110,email,email,1,2026-09-14,2026-09-14,Cold Outreach,Backup real estate photographer,aa5684ad-a375-4307-86fa-3997e22037a4
Sim Dhote,simd.realestate@gmail.com,,email,email,1,2026-09-14,2026-09-14,Cold Outreach,Backup real estate photographer,96bbc5c2-339f-4ffb-85ef-7b59e38e82d0
Bailey Dysinger,baileyoregonrealtor@gmail.com,,email,email,1,2026-09-14,2026-09-14,Cold Outreach,Backup real estate photographer,f762b2a7-151a-4892-abc0-bb6620cc10d8
Trevor Elliott,trevor@eteamre.com,503-602-1039,email,email,1,2026-09-14,2026-09-14,Cold Outreach,Backup real estate photographer,b3b6330d-49ba-4fac-a106-c3ae27ea6438
Steven Elmore,34realtorsteve@gmail.com,503-983-6999,email,email,1,2026-09-14,2026-09-14,Cold Outreach,Backup real estate photographer,765ba5f1-f67a-4950-af6a-cdc66dbfc1a5
Cameron Estes,camestes17@gmail.com,503-991-8537,email,email,1,2026-09-14,2026-09-14,Cold Outreach,Backup real estate photographer,46a9d1cc-9c4b-4394-9eba-e4715a841972
Steve Evans,stevetravels2@gmail.com,503-949-5263,email,email,1,2026-09-14,2026-09-14,Cold Outreach,Backup real estate photographer,bfc98f7b-9aae-4059-b4a9-5c4f5f642176
Randy Evans,randy@randyevans.realtor,503-539-8367,email,email,1,2026-09-14,2026-09-14,Cold Outreach,Backup real estate photographer,68fe9805-789b-4f26-b030-de1476572998
Shakir Evans,shakir.evans3@gmail.com,315-383-9493,email,email,1,2026-09-14,2026-09-14,Cold Outreach,Backup real estate photographer,658ff932-212f-48bb-a286-afee4f0a2271
Jessica Farrell,jessicafarrell.realtor@gmail.com,503-884-5055,email,email,1,2026-09-14,2026-09-14,Cold Outreach,Backup real estate photographer,257f4647-ab61-4abc-9357-bb57ef8c7e4c
Lisa Farrow,lbloedel@hotmail.com,503-931-1145,email,email,1,2026-09-14,2026-09-14,Cold Outreach,Backup real estate photographer,fb6b676e-f843-42fb-8cfa-60f3892bb63c
Mark Farrow,mfarrow@hsmartrealtygroup.com,503-559-9901,email,email,1,2026-09-14,2026-09-14,Cold Outreach,Backup real estate photographer,f057b71a-164a-45ee-acd8-06f4cb6ac197
Richard Feredinos,richard.feredinoshomes@gmail.com,503-559-3913,email,email,1,2026-09-14,2026-09-14,Cold Outreach,Backup real estate photographer,e1ea3f38-1fc3-44ee-b7df-47e32d85b3a7
Jolene Ferschweiler,jolenesrealestate@gmail.com,503-975-7864,email,email,1,2026-09-14,2026-09-14,Cold Outreach,Backup real estate photographer,52b9439b-94c1-4a0d-b7c8-869f1318469f
"Pamela ""Pam"" Fields",pamfields.homesmart@gmail.com,503-580-3261,email,email,1,2026-09-14,2026-09-14,Cold Outreach,Backup real estate photographer,7f65db4f-f837-454c-879c-7bd832bda74b
Chris Forrette,c4rette@gmail.com,503-409-3542,email,email,1,2026-09-14,2026-09-14,Cold Outreach,Backup real estate photographer,c0d55b90-1f01-43e9-b531-3d0b2f99a55a
Zak Meaut,zak@premierepropertygroup.com,,email,email,1,2026-09-14,2026-09-14,Cold Outreach,Backup real estate photographer,5ad53348-5a64-41c8-94fe-8704416b5269
The Mark James Team,mark@yourmjteam.com,,email,email,1,2026-09-14,2026-09-14,Cold Outreach,Backup real estate photographer,a073cfa4-af7b-4d43-9734-f75886cff9aa
Karen Higgins,karen@karenhigginsrealtor.com,,email,email,1,2026-09-14,2026-09-14,Cold Outreach,Backup real estate photographer,aa354681-4726-4277-89e4-bddce86df07c
Cindy Seibt,cindys@premierepropertygroup.com,,email,email,1,2026-09-14,2026-09-14,Cold Outreach,Backup real estate photographer,23981d5c-0f3e-4ae0-b272-1df39d8c5f33
Liz Edwards,liz@edwardshouses.com,,email,email,1,2026-09-14,2026-09-14,Cold Outreach,Backup real estate photographer,2845af43-476e-4109-ba38-bb839e4d200d
Vladimir Romano,vromanoppg@gmail.com,,email,email,1,2026-09-14,2026-09-14,Cold Outreach,Backup real estate photographer,4853a0f0-070b-4928-8855-e7d5ae40c8cb
Amber Morgan,amber@ambermorganhomes.com,,email,email,1,2026-09-14,2026-09-14,Cold Outreach,Backup real estate photographer,950b5e4f-8c4d-497d-976e-fb35dbedb81c
TJ Garber,tj.garber@ppg-re.com,,email,email,1,2026-09-14,2026-09-14,Cold Outreach,Backup real estate photographer,e17ec171-fd7e-4bf8-909b-63c339079788
Melissa Schumacher,melissa@venturehometeam.com,,email,email,1,2026-09-14,2026-09-14,Cold Outreach,Backup real estate photographer,c8939f41-29b2-47b8-8dae-db57c8e5e57b
Adam Hartfeil,adamhartfeil@gmail.com,,email,email,1,2026-09-14,2026-09-14,Cold Outreach,Backup real estate photographer,ba529e2c-9856-413c-981a-6481e3343531
Staci Larson,stacilarsonrealty@gmail.com,,email,email,1,2026-09-14,2026-09-14,Cold Outreach,Backup real estate photographer,fb704159-72e7-4166-a7b8-7474a77f52d4
Angela Chambers,achambersfirst@gmail.com,,email,email,1,2026-09-14,2026-09-14,Cold Outreach,Backup real estate photographer,92850c4f-d419-4885-b445-16bf83186e03
Giovanna Maldonado,pnwhomesbygio@gmail.com,,email,email,1,2026-09-14,2026-09-14,Cold Outreach,Backup real estate photographer,7718ab8d-ad33-4e8c-80ae-9c00b7af79fe
Jen Myers,jen@jenrunsrealestate.com,,email,email,1,2026-09-14,2026-09-14,Cold Outreach,Backup real estate photographer,2c904ede-8e35-425f-aa9c-7f3d13c14a5b
Kay Grening,kay@kgrouprealestate.com,,email,email,1,2026-09-14,2026-09-14,Cold Outreach,Backup real estate photographer,629806e1-c723-44c7-9784-e066503d4f9f
Jen Johnson,jenjohnsonrealty@gmail.com,,email,email,1,2026-09-14,2026-09-14,Cold Outreach,Backup real estate photographer,858b779c-9f5c-40c9-b10b-d3289d4755a4
Ginae Boshart,ginae@boshartrealty.com,,email,email,1,2026-09-14,2026-09-14,Cold Outreach,Backup real estate photographer,9cc705a1-e9a0-4a30-8d4e-5fded41ed318
Joy Dickover,agent.joy.pdx@gmail.com,,email,email,1,2026-09-14,2026-09-14,Cold Outreach,Backup real estate photographer,7ecf311b-aeeb-4ab3-8e9a-cbe1055691ba
Sheryll Fong,sheryll@premierepropertygroup.com,,email,email,1,2026-09-14,2026-09-14,Cold Outreach,Backup real estate photographer,85388c3e-d60e-484f-8ba2-09028fdf0d52
Grady Nelson,grady@gradynelson.com,,email,email,1,2026-09-14,2026-09-14,Cold Outreach,Backup real estate photographer,685f7d96-cc38-44a3-84ba-d634dcbb6b73
David Turra,davidturra.realtor@gmail.com,,email,email,1,2026-09-14,2026-09-14,Cold Outreach,Backup real estate photographer,0c4aeeea-aab2-4c2c-860d-3016e1f89892
Jaime Hudson,jhudsondreamhomes@gmail.com,,email,email,1,2026-09-14,2026-09-14,Cold Outreach,Backup real estate photographer,72cf4510-d4bc-41ba-8cd0-283308fa044b
David Rogers,david@wirenhomes.com,,email,email,1,2026-09-14,2026-09-14,Cold Outreach,Backup real estate photographer,b639431d-a05d-4406-8363-f0f1d9a1f249
SMITH & RIDER Real Estate,tiffanyrider1@gmail.com,,email,email,1,2026-09-14,2026-09-14,Cold Outreach,Backup real estate photographer,7426aede-0e98-4b2b-8d44-d083a25d4812
Shannon Loy,shannon@shannonsellsoregon.com,,email,email,1,2026-09-14,2026-09-14,Cold Outreach,Backup real estate photographer,c77ba677-2c5b-4474-9faf-3cba11ad1059
Tim Duvall,timduvallppg@gmail.com,,email,email,1,2026-09-14,2026-09-14,Cold Outreach,Backup real estate photographer,87a1093b-6ae9-4248-ac5a-06c3232438b5
Deni Casteel,deni@denicasteel.com,,email,email,1,2026-09-14,2026-09-14,Cold Outreach,Backup real estate photographer,37c763f0-d0e0-4257-9c3e-13ac74f751c9
Courtney Hein,courtney@courtneyhein.com,,email,email,1,2026-09-14,2026-09-14,Cold Outreach,Backup real estate photographer,abf53b18-916e-4710-a013-aad0b51bac77
Jennifer Anderson,jenniferhomesweethomerealty@gmail.com,,email,email,1,2026-09-14,2026-09-14,Cold Outreach,Backup real estate photographer,f00ce4cb-6e51-4e94-aa48-5f451bcd1179
Rheola Coy,rheola@coyandco.homes,,email,email,1,2026-09-14,2026-09-14,Cold Outreach,Backup real estate photographer,cdc33b30-f2ea-43a9-80e4-93a438a4888c
Jocelyn Haas,jocelyn@jenrunsrealestate.com,,email,email,1,2026-09-14,2026-09-14,Cold Outreach,Backup real estate photographer,456b7434-5f10-4932-a06e-2bda95593b32
Patti Freitas,keagmom@yahoo.com,,email,email,1,2026-09-14,2026-09-14,Cold Outreach,Backup real estate photographer,41dc6cdd-e071-49f0-b20c-14651968660b
Lori Loen,lori@loriloen.com,,email,email,1,2026-09-14,2026-09-14,Cold Outreach,Backup real estate photographer,d12867c3-83a8-4dd0-b0d2-d30fb19c64b2
Derek Fiscus,derek@fiscusrealtors.com,,email,email,1,2026-09-14,2026-09-14,Cold Outreach,Backup real estate photographer,e0701de8-92e6-4131-ae30-2ebec0aa5adb
Tracy Bertalotto,tbertalotto@gmail.com,,email,email,1,2026-09-14,2026-09-14,Cold Outreach,Backup real estate photographer,469431c7-83d0-4a94-99fd-c28a673c1e78
Tim Jackson,timjacksonrealestate@gmail.com,,email,email,1,2026-09-14,2026-09-14,Cold Outreach,Backup real estate photographer,96ff5fa5-896b-4fc9-832f-0ff4f7a9e73e
Kristin Pohlschneider,closedbykristin@gmail.com,,email,email,1,2026-09-14,2026-09-14,Cold Outreach,Backup real estate photographer,68c0869a-08c2-4783-9e2e-c48c30049b32
Meagan McIntosh,mavalleyhomes@gmail.com,,email,email,1,2026-09-14,2026-09-14,Cold Outreach,Backup real estate photographer,f1730195-c891-4346-b87f-d56215a0659d
Neil Nelson,neil@nelsonshometeam.com,,email,email,1,2026-09-14,2026-09-14,Cold Outreach,Backup real estate photographer,885253e3-b621-40d7-a7f7-ca7386264d89
Jen Morisse,jen@pacgrouphomes.com,,email,email,1,2026-09-14,2026-09-14,Cold Outreach,Backup real estate photographer,a570564b-8348-449a-80e3-cda621928141
Donna Weaver,donnaweaver92@gmail.com,,email,email,1,2026-09-14,2026-09-14,Cold Outreach,Backup real estate photographer,b42f5a71-57ec-4d16-a544-69b92a6bd39c
Jacob Walker,jacob.walker@legionsrealty.com,,email,email,1,2026-09-14,2026-09-14,Cold Outreach,Backup real estate photographer,0771f543-95fe-46a7-9995-030995918273
Heather Muscarella,heather@legionsrealty.com,,email,email,1,2026-09-14,2026-09-14,Cold Outreach,Backup real estate photographer,cc3ce97a-7734-4899-b57b-7a846e5bb941
Angie Forrester,angie@forresterrealestate.net,,email,email,1,2026-09-14,2026-09-14,Cold Outreach,Backup real estate photographer,b01d21be-6074-4079-8b65-615ed30caf5e
Timothy Bobrik,timothybobrik.re@gmail.com,,email,email,1,2026-09-14,2026-09-14,Cold Outreach,Backup real estate photographer,5ff92325-acab-47b4-963d-e7af98d34411
Shannon Wyman,wyman@gmail.com,,email,email,1,2026-09-14,2026-09-14,Cold Outreach,Backup real estate photographer,b5ed330e-ab3c-4e43-a6b8-123d2267b900
Michelle Beall,listitwithmichelle@gmail.com,,email,email,1,2026-09-14,2026-09-14,Cold Outreach,Backup real estate photographer,95e9f9cd-3e80-46da-be4d-1728325dcdc8
Cristal Sanchez,cristal@cristalsellsvancouver.com,,email,email,1,2026-09-14,2026-09-14,Cold Outreach,Backup real estate photographer,b0a7611a-3894-478a-825f-6b895516dddb
Lauren Matthews,lauren@theenloegroup.com,,email,email,1,2026-09-14,2026-09-14,Cold Outreach,Backup real estate photographer,7b773bb7-73a1-44bf-bc54-0748ba6319e8
Mark Kizokian,markkhomes@gmail.com,,email,email,1,2026-09-14,2026-09-14,Cold Outreach,Backup real estate photographer,17ba4339-f2de-4c7b-8ed1-b86eaa9ae688
Aric Keith,arickeithrealtorpdx@gmail.com,,email,email,1,2026-09-14,2026-09-14,Cold Outreach,Backup real estate photographer,ad07dcc5-5740-4096-9545-f2454a2ab859
Jenn Premo,premo.jenn@gmail.com,,email,email,1,2026-09-14,2026-09-14,Cold Outreach,Backup real estate photographer,6865d600-fe4f-4c06-b8de-965c49ff0e13
Jay Willis,jaydwillis@gmail.com,,email,email,1,2026-09-14,2026-09-14,Cold Outreach,Backup real estate photographer,c7e035d7-bc32-4523-8977-b8c791883f78
Michael Enloe,michael@theenloegroup.com,,email,email,1,2026-09-14,2026-09-14,Cold Outreach,Backup real estate photographer,9e0b191e-9aab-4e59-9968-68202f4a7901
William Holtby,wholtby@clarkcountyrealestate.com,,email,email,1,2026-09-14,2026-09-14,Cold Outreach,Backup real estate photographer,8d5334f9-d6ac-4d0a-b562-7920c93f2449
Lindsey Maze,lmazehomes@gmail.com,,email,email,1,2026-09-14,2026-09-14,Cold Outreach,Backup real estate photographer,0681c776-dda6-4815-adfc-a07763555cce
Isaac Kieffer,isaac@khcrealty.com,,email,email,1,2026-09-14,2026-09-14,Cold Outreach,Backup real estate photographer,8012988b-01fb-4412-9e2d-9d4770558ec3
Erin Warren,erin@erinwarren.com,503-319-0490,email,email,1,2026-09-14,2026-09-14,Cold Outreach,Backup real estate photographer,8386681a-a37c-4521-a5fa-bf1ed3a02110
Richard Eisenbrandt,richard@5peakspropertygroup.com,,email,email,1,2026-09-14,2026-09-14,Cold Outreach,Backup real estate photographer,7622f028-7885-4da1-a02b-dc9fee616e05
Melodee Radcliffe,melodeerradcliffe@gmail.com,,email,email,1,2026-09-14,2026-09-14,Cold Outreach,Backup real estate photographer,63b6f522-0571-49df-a293-ecf1f7702f70
Robin Palmore,robinpalmore@gmail.com,,email,email,1,2026-09-14,2026-09-14,Cold Outreach,Backup real estate photographer,b40fa1d4-8c6c-4ae4-a65f-c2f01efa87d9
Janay Shores,shorespremierepropertygroup@gmail.com,,email,email,1,2026-09-14,2026-09-14,Cold Outreach,Backup real estate photographer,93237589-0ba3-40ec-b955-7f35ac6c6768
Connie Heintz,connie@premierepropertygroup.com,,email,email,1,2026-09-14,2026-09-14,Cold Outreach,Backup real estate photographer,3063650f-2a14-422e-97da-51139773da6c
Kasey Ferris,kaseyferris.realtor@gmail.com,,email,email,1,2026-09-14,2026-09-14,Cold Outreach,Backup real estate photographer,9848d9dd-667a-486c-bf4c-ac46d505866d
Sonya Wright,eastcascadebroker@icloud.com,,email,email,1,2026-09-14,2026-09-14,Cold Outreach,Backup real estate photographer,a66092f2-40e0-40e2-ae20-96fdbe36a7e4
Jennifer Goodman,jennifergoodmansells@gmail.com,,email,email,1,2026-09-14,2026-09-14,Cold Outreach,Backup real estate photographer,261f8ce0-4fef-4614-bc17-eb2f4616f3ee
Ashley Eisenbrandt,ashley@5peakspropertygroup.com,,email,email,1,2026-09-14,2026-09-14,Cold Outreach,Backup real estate photographer,b1b69457-0f40-4c28-bcaf-798e4d14318a
Robyn Tuttle,tuttleandtuttle@gmail.com,,email,email,1,2026-09-14,2026-09-14,Cold Outreach,Backup real estate photographer,99919528-aa1b-4b3d-b680-8fc757755c63
Jolene Heintz,jolene@premierepropertygroup.com,,email,email,1,2026-09-14,2026-09-14,Cold Outreach,Backup real estate photographer,78ff22d5-0e78-4310-bf74-99f3bf1c0848
Zac Hoffman,zachoffmanrealestate@gmail.com,,email,email,1,2026-09-14,2026-09-14,Cold Outreach,Backup real estate photographer,3061b7ce-fdb7-413a-9a5b-83f6912632c0
Heidi Struck,heidistruck3@gmail.com,,email,email,1,2026-09-14,2026-09-14,Cold Outreach,Backup real estate photographer,8760e278-df99-4cce-b097-732ba03350f0
Tanner Hall,tanner0hall@gmail.com,,email,email,1,2026-09-14,2026-09-14,Cold Outreach,Backup real estate photographer,abecfb72-9cc8-4c76-b0ab-651cf74ab0bf
Payton Riggleman,paytonriggleman21@gmail.com,,email,email,1,2026-09-14,2026-09-14,Cold Outreach,Backup real estate photographer,e3d6c7aa-0d15-466d-b295-0c632296ca4c
Kristina Nelson,kristinan900@gmail.com,,email,email,1,2026-09-14,2026-09-14,Cold Outreach,Backup real estate photographer,cf9b0850-5452-4929-8ef4-71d9d6551095
Lacy Carse,lacycarserealty@gmail.com,,email,email,1,2026-09-14,2026-09-14,Cold Outreach,Backup real estate photographer,e187aad4-a69a-4bc8-a19d-9cf04ec1a3c0
Mya Aman,myaaman.realty@gmail.com,,email,email,1,2026-09-14,2026-09-14,Cold Outreach,Backup real estate photographer,961f65c0-0a2f-41a9-937a-364dd432fc64
Natasha Whitefield,natashawhitefield1@gmail.com,,email,email,1,2026-09-14,2026-09-14,Cold Outreach,Backup real estate photographer,99759eb2-7205-48b5-98d4-b3a29b57094c
Shannon Gruelle,rivertoridgeproperties@gmail.com,,email,email,1,2026-09-14,2026-09-14,Cold Outreach,Backup real estate photographer,4a5cdced-c4fb-4c65-bbe0-0a47e04c7630
Julio Aparcana Bouby,julio@lltrealty.com,,email,email,1,2026-09-14,2026-09-14,Cold Outreach,Backup real estate photographer,b8e51dfd-07da-44b7-8b20-2cf7f3a54d34
Evan Dunlap,evandunlaprealestate@gmail.com,,email,email,1,2026-09-14,2026-09-14,Cold Outreach,Backup real estate photographer,e55fc58a-c815-43f4-810d-da52a4d66f8c
Ken Harding,kenjharding@msn.com,,email,email,1,2026-09-14,2026-09-14,Cold Outreach,Backup real estate photographer,f3a2e2a3-94ca-4537-a99a-0580955cd53f
Jessica Wendt,jessicajwendt@gmail.com,,email,email,1,2026-09-14,2026-09-14,Cold Outreach,Backup real estate photographer,a19add17-7946-471b-8e49-873eb2845888
Alicia Howard,alaraehoward@gmail.com,,email,email,1,2026-09-14,2026-09-14,Cold Outreach,Backup real estate photographer,1210ce82-c84c-4c77-80f7-d6251e293c2c
Cami Moultrie,camimoultrie@yahoo.com,,email,email,1,2026-09-14,2026-09-14,Cold Outreach,Backup real estate photographer,41456da3-459f-4676-b49c-8b14eca6e79e
Justin Teegarden,justin@vanwahomes.com,,email,email,1,2026-09-14,2026-09-14,Cold Outreach,Backup real estate photographer,ce288ceb-1cb5-4538-bf84-17bf7b801470
Tina O'Dell,odellhomesales@gmail.com,,email,email,1,2026-09-14,2026-09-14,Cold Outreach,Backup real estate photographer,83589af5-879f-4d80-82b7-e389dca4891a
Cheri Thomas,cheri@nwhomestyles.com,,email,email,1,2026-09-14,2026-09-14,Cold Outreach,Backup real estate photographer,113df06b-503d-4008-9778-25a032337463
Molly Lange,mollylangerealtor@gmail.com,,email,email,1,2026-09-14,2026-09-14,Cold Outreach,Backup real estate photographer,0dea8c4f-27ad-4d80-b90b-59561c1f7b94
Tim Martinez & Cheri Thomas,tim@nwhomestyles.com,,email,email,1,2026-09-14,2026-09-14,Cold Outreach,Backup real estate photographer,1ca1cd03-ebeb-4824-bc7e-e8a17cdd2158
Megan Borwieck,megan@prairiehomes.net,,email,email,1,2026-09-14,2026-09-14,Cold Outreach,Backup real estate photographer,4c35e280-440f-4d8d-8846-d7826bca604a
Jefferson Akin,jefferson@castlehomesnw.com,,email,email,1,2026-09-14,2026-09-14,Cold Outreach,Backup real estate photographer,49db7870-3523-42d5-87c3-1d96625bd7fe
Laura Lipinski,laura@thelipinskiteam.com,,email,email,1,2026-09-14,2026-09-14,Cold Outreach,Backup real estate photographer,c687ceb4-b7dd-4c9d-a5c2-fa41627220a5
Ryan LaPointe,lapointerealestate@gmail.com,,email,email,1,2026-09-14,2026-09-14,Cold Outreach,Backup real estate photographer,a8fd4b01-c81e-471a-82de-33466ccdd949
Brittany Talkington,brittanyshomes.realtor@gmail.com,,email,email,1,2026-09-14,2026-09-14,Cold Outreach,Backup real estate photographer,2a38414c-e2c0-4d12-bc32-cffe08a32241
Cayla Kersanty,homesbycaylak@gmail.com,,email,email,1,2026-09-14,2026-09-14,Cold Outreach,Backup real estate photographer,704149cb-3f9c-43e8-9c6a-7451eaf32985
Angela Nesti,adnesti@gmail.com,,email,email,1,2026-09-14,2026-09-14,Cold Outreach,Backup real estate photographer,c967d766-3932-4c8b-b701-6b580f7ea84d
Stephanie Bingold,stephbsellshomes@gmail.com,,email,email,1,2026-09-14,2026-09-14,Cold Outreach,Backup real estate photographer,3d196f0b-8754-4fba-9597-d557521efbf9
Kyle Huckabee,mounthoodliving@gmail.com,,email,email,1,2026-09-14,2026-09-14,Cold Outreach,Backup real estate photographer,2b27b698-de7d-4f8b-b26b-27ce1170c381
Dianne Morris,diannemorrishomes@gmail.com,,email,email,1,2026-09-14,2026-09-14,Cold Outreach,Backup real estate photographer,f8136367-a3cb-45b2-a9be-887072d3b87b
Seth McCauley,sethmccauley@hotmail.com,,email,email,1,2026-09-14,2026-09-14,Cold Outreach,Backup real estate photographer,41989ce3-7449-43ca-a330-fecbfae8274e
Steve Borwieck,steve@prairiehomes.net,,email,email,1,2026-09-14,2026-09-14,Cold Outreach,Backup real estate photographer,2cf8dd49-29c2-4cf3-9fa1-3ddfb0bfdb14
Austin Pratt,austinprattrealestate@gmail.com,,email,email,1,2026-09-14,2026-09-14,Cold Outreach,Backup real estate photographer,c1e72f73-9a31-4d11-aea6-431a3be24b3e
Frank Houser,frankhouser1984@gmail.com,,email,email,1,2026-09-14,2026-09-14,Cold Outreach,Backup real estate photographer,af20d011-ac7a-41e8-8e2b-ebc46e2f35e3
Andrew Hutson,andrew@andrewhutson.com,,email,email,1,2026-09-14,2026-09-14,Cold Outreach,Backup real estate photographer,f000576c-e414-4207-ac94-b0b91eca0af5
Erin Donahoe,erindonahoerealtor@gmail.com,,email,email,1,2026-09-14,2026-09-14,Cold Outreach,Backup real estate photographer,d43128f4-ad20-48d8-83ed-430ab1933a57
Kim Arscott,kim@arscottrep.com,,email,email,1,2026-09-14,2026-09-14,Cold Outreach,Backup real estate photographer,f335a5aa-5f3d-429a-875d-764f95554c35
Keri  Johnson,kerijohnsonbroker@gmail.com,,email,email,1,2026-09-14,2026-09-14,Cold Outreach,Backup real estate photographer,b50f9fd0-18d6-4bef-b880-0ed95512e311
Christina Spry,thespryrealtor@gmail.com,,email,email,1,2026-09-14,2026-09-14,Cold Outreach,Backup real estate photographer,02397e8e-cd12-4bba-a0a7-b9c9eef3f063
Andrea Stewart,andrea.r.stewart.properties@gmail.com,,email,email,1,2026-09-14,2026-09-14,Cold Outreach,Backup real estate photographer,ead1c707-9fdc-4529-8bba-0c6d59f2d801
Rema Rahim Salehi,rema.salehi@gmail.com,,email,email,1,2026-09-14,2026-09-14,Cold Outreach,Backup real estate photographer,13430cf7-22a0-4436-9338-810d39367153
Emily Ngo,emily.elizabeth.ngo@gmail.com,,email,email,1,2026-09-14,2026-09-14,Cold Outreach,Backup real estate photographer,f9228633-3ebf-4805-beab-7c2a509bd336
Kelsie Grothe,kelsie@ambermorganhomes.com,,email,email,1,2026-09-14,2026-09-14,Cold Outreach,Backup real estate photographer,1cceeeef-3503-49aa-bf5b-99ba1c289553
Lori Lee,lorilee.pdxbroker@gmail.com,,email,email,1,2026-09-14,2026-09-14,Cold Outreach,Backup real estate photographer,99a3ce3d-fc8b-40b8-ae70-8aa960d43abb
Liza Stillhard,lizastillhard@gmail.com,,email,email,1,2026-09-14,2026-09-14,Cold Outreach,Backup real estate photographer,09991795-f0a4-4487-9a12-c84c4bde8098
Eric Steindler,esteindler@gmail.com,,email,email,1,2026-09-14,2026-09-14,Cold Outreach,Backup real estate photographer,ddef4402-6921-474f-bbf0-d98e071cff3a
Kevin Levy,kevdiddy@hotmail.com,,email,email,1,2026-09-14,2026-09-14,Cold Outreach,Backup real estate photographer,97b5fada-a652-4171-a42f-4f6f43364572
John McKay,team@mckayhomes.com,,email,email,1,2026-09-14,2026-09-14,Cold Outreach,Backup real estate photographer,4fd08996-9d12-4848-905e-718a6c3e0e60
Robyn Luchs,robynluchs@gmail.com,,email,email,1,2026-09-14,2026-09-14,Cold Outreach,Backup real estate photographer,d29787ca-b2be-46ab-a0b9-8ca493818c5c
Rambo Halpern,rambo@thebungalowguy.com,,email,email,1,2026-09-14,2026-09-14,Cold Outreach,Backup real estate photographer,fcd58b3e-3908-4d9f-960c-13c97b544d06
Bonnie Lawless,bonnie@bonnielawless.com,,email,email,1,2026-09-14,2026-09-14,Cold Outreach,Backup real estate photographer,bedb2d6a-02bd-45e4-aa8c-44f4278001b4
Glenn Farrell,glennfarrellrealtor@gmail.com,,email,email,1,2026-09-14,2026-09-14,Cold Outreach,Backup real estate photographer,e7a15da4-d1f6-48c2-b680-444e5fd29d8d
Angela Talbott,atalbott006@gmail.com,,email,email,1,2026-09-14,2026-09-14,Cold Outreach,Backup real estate photographer,a017ad93-f28d-4abe-baf3-2c968e765faa
Joanne Fantozzi,joannefantozzi@gmail.com,,email,email,1,2026-09-14,2026-09-14,Cold Outreach,Backup real estate photographer,01f97645-5e8e-4443-8829-7105b7463630
Noelle Luchs,noellesellspdx@gmail.com,,email,email,1,2026-09-14,2026-09-14,Cold Outreach,Backup real estate photographer,211fc61d-9d16-48d8-aaa9-20b59537c2a1
Lincoln Tuchow,brokerlinc@gmail.com,,email,email,1,2026-09-14,2026-09-14,Cold Outreach,Backup real estate photographer,ef5d3986-8b1e-46e4-9078-903fe7e369f1
Dave Rudolph,dave@ryestudio.com,,email,email,1,2026-09-14,2026-09-14,Cold Outreach,Backup real estate photographer,0664317f-eae4-4f7e-9692-72b5e7074dfe
Dianne Hagan,dianne@diannehagan.com,,email,email,1,2026-09-14,2026-09-14,Cold Outreach,Backup real estate photographer,0bfe88fb-745b-4374-b299-b398bb14f303
Adam Bayer,adambayerhomes@gmail.com,,email,email,1,2026-09-14,2026-09-14,Cold Outreach,Backup real estate photographer,777c5743-7780-4bf1-9770-7b0d8659899c
Josh Devine,joshdevinepdx@gmail.com,,email,email,1,2026-09-14,2026-09-14,Cold Outreach,Backup real estate photographer,329ed6c1-9b7f-4e16-920d-153739de4097
Graham Marden,graham@grahammarden.com,,email,email,1,2026-09-14,2026-09-14,Cold Outreach,Backup real estate photographer,9c2ff0e7-b169-43e1-8000-7972c628ac60
Do Nguyen,donguyen77@gmail.com,,email,email,1,2026-09-14,2026-09-14,Cold Outreach,Backup real estate photographer,bf4c9331-231a-4722-b626-241b6b99c007
Julie Lais,julie@housesofportland.com,,email,email,1,2026-09-14,2026-09-14,Cold Outreach,Backup real estate photographer,5ea9b4c6-e3bc-41c6-acbb-0db8618a8a46
John McPherson,fuzz@theportlandteam.com,,email,email,1,2026-09-14,2026-09-14,Cold Outreach,Backup real estate photographer,908c7046-40a5-4c1f-aee4-f243d317ccb1
Ayumi Angel Yanome,ayumi@thebungalowguy.com,,email,email,1,2026-09-14,2026-09-14,Cold Outreach,Backup real estate photographer,cd219ba4-1d79-478b-85c7-8b7cfe2a24c1
Alex Roy,alexroyrealty@gmail.com,,email,email,1,2026-09-14,2026-09-14,Cold Outreach,Backup real estate photographer,baee7a54-c63e-493f-b702-13ec83b5b863
Tod Breslau,todbreslau@gmail.com,,email,email,1,2026-09-14,2026-09-14,Cold Outreach,Backup real estate photographer,24e1329a-a8fe-403c-87ba-73ca0c6e90d2
Jenny Montgomery,jennymontgomeryrealtor@gmail.com,,email,email,1,2026-09-14,2026-09-14,Cold Outreach,Backup real estate photographer,7f9a403d-cb60-4c6d-967e-090792e35b8c
Angie Jaggers,realtor.angiej@gmail.com,,email,email,1,2026-09-14,2026-09-14,Cold Outreach,Backup real estate photographer,e1a435d9-55a0-4be8-8186-21fdc5d6237e
Kiya Childers-Wolff,kcwolffrealty@gmail.com,,email,email,1,2026-09-14,2026-09-14,Cold Outreach,Backup real estate photographer,44fe4590-1334-454d-ad93-841d6b262fb7
Miranda Bartkowski,mirandambartkowski41@gmail.com,,email,email,1,2026-09-14,2026-09-14,Cold Outreach,Backup real estate photographer,8a51c317-01da-4d81-bcb3-03eca75bcef7
Lacey Vaughn,laceyvrealtor@outlook.com,,email,email,1,2026-09-14,2026-09-14,Cold Outreach,Backup real estate photographer,749c9434-09b6-44d1-9440-5da69aa3aa97
Dana Terhune,dana@terhune.me,,email,email,1,2026-09-14,2026-09-14,Cold Outreach,Backup real estate photographer,eb6b750b-23cb-45b0-a966-eea442c4400f
Marla Knauss,m.knauss29@gmail.com,,email,email,1,2026-09-14,2026-09-14,Cold Outreach,Backup real estate photographer,c76e9786-61c7-4660-beae-12be0526b117
Theresa Monahan,theresajmonahan@gmail.com,,email,email,1,2026-09-14,2026-09-14,Cold Outreach,Backup real estate photographer,3d24bddb-b0b3-4dda-9181-cf6e128923e3
Patti Shmilenko,patti_realtor@yahoo.com,,email,email,1,2026-09-14,2026-09-14,Cold Outreach,Backup real estate photographer,e2257263-158c-41c2-b016-454fb9434a9c
Skyline to Vine,brian@skylinetovine.com,,email,email,1,2026-09-14,2026-09-14,Cold Outreach,Backup real estate photographer,42c826e1-e1ec-439c-9844-597230282409
Kasra Shakerin,kasrashakerin@gmail.com,,email,email,1,2026-09-14,2026-09-14,Cold Outreach,Backup real estate photographer,da6b2d94-c734-45fb-9d24-c1b97a56357c
Adriana Gavozdea,adriana@lariarealestate.com,,email,email,1,2026-09-14,2026-09-14,Cold Outreach,Backup real estate photographer,0d71a6ae-ad4c-4e20-bc40-44e6a608d835
Jordan Felton,jordan@mckayhomes.com,,email,email,1,2026-09-14,2026-09-14,Cold Outreach,Backup real estate photographer,710135ef-4a4d-4d79-94a0-efa4dfff00c4
Georgette Dashiell,dashiellrealestate@gmail.com,,email,email,1,2026-09-14,2026-09-14,Cold Outreach,Backup real estate photographer,1fbdc11c-2895-41cf-bfad-159b03f71fe2
Adam Ruben,adam@nassarteam.com,,email,email,1,2026-09-14,2026-09-14,Cold Outreach,Backup real estate photographer,8d40013e-92e2-4353-b3e4-371a26a7ef29
Lisa Robinson,mrsrobinsonhomes@gmail.com,,email,email,1,2026-09-14,2026-09-14,Cold Outreach,Backup real estate photographer,0f03789e-1d6e-4ac5-8684-55ede437efbd
Laura Myers,lmyers@premierepropertygroup.com,,email,email,1,2026-09-14,2026-09-14,Cold Outreach,Backup real estate photographer,a9b91481-0544-41af-bbfd-e4b022c0856f
Chanel Lester,chanel.lester12@gmail.com,,email,email,1,2026-09-14,2026-09-14,Cold Outreach,Backup real estate photographer,3ddf4b70-2b50-43cb-9b22-22eb668e7462
Tom Gile,tom@gilegroup.com,,email,email,1,2026-09-14,2026-09-14,Cold Outreach,Backup real estate photographer,49e19a97-030d-44f7-be3f-f98cc12e3e7a
Rochelle Yukich,rochelle@buyorselloregon.com,,email,email,1,2026-09-14,2026-09-14,Cold Outreach,Backup real estate photographer,454e7f71-65b5-4908-be15-720fd29c2d67
Rebel Steirer,rebel4realestate@gmail.com,,email,email,1,2026-09-14,2026-09-14,Cold Outreach,Backup real estate photographer,7798a8cf-64f3-42d9-8dd2-ca305d4e0c71
Angi Ford,angi@key2yournewhome.com,,email,email,1,2026-09-14,2026-09-14,Cold Outreach,Backup real estate photographer,d3bd549b-8b79-4959-9460-24b4a3de96ac
Haris Wolfgang and Adine Peterson,adine@hariswolfgang.com,,email,email,1,2026-09-14,2026-09-14,Cold Outreach,Backup real estate photographer,7820fdc3-85a3-438a-91fe-b2b5b131f830
Christy Bettinelli,christy.bdh@gmail.com,,email,email,1,2026-09-14,2026-09-14,Cold Outreach,Backup real estate photographer,0be44b77-7c9e-4507-bcf0-af5f12c15aef
Patti Wilser,patti@thethomaswilsergroup.com,,email,email,1,2026-09-14,2026-09-14,Cold Outreach,Backup real estate photographer,b07546df-3e96-4c49-ab6d-30982437619a
Cindi Jeskey,cindipdxrealtor@gmail.com,,email,email,1,2026-09-14,2026-09-14,Cold Outreach,Backup real estate photographer,708ade76-728e-4edd-9ed6-63a483178e9a
Marlene Mills,marlenesmills@yahoo.com,,email,email,1,2026-09-14,2026-09-14,Cold Outreach,Backup real estate photographer,30a1d2d4-e577-4a36-8b6d-004acac9cfa9
Mattie Biaggi,martha.biaggi@gmail.com,,email,email,1,2026-09-14,2026-09-14,Cold Outreach,Backup real estate photographer,7688a10a-9b8b-42f4-bd59-b495b7c75131
Lisa Jaqua,lisajaquaproperties@gmail.com,,email,email,1,2026-09-14,2026-09-14,Cold Outreach,Backup real estate photographer,de492c01-61e8-43f9-b37e-ab52198adfe7
Laura Johansen,laurajohansenhomes@gmail.com,,email,email,1,2026-09-14,2026-09-14,Cold Outreach,Backup real estate photographer,cad58d5c-5de4-4b12-8915-9d4615fdc400
Breanna Patton,breannappg@gmail.com,,email,email,1,2026-09-14,2026-09-14,Cold Outreach,Backup real estate photographer,b038bd84-d9aa-4947-8962-b83a933d4429
Michele Bundy,michelebundy@gmail.com,,email,email,1,2026-09-14,2026-09-14,Cold Outreach,Backup real estate photographer,c21d6d5c-2951-427b-b5eb-3412ffdef056
Kacie Green,kacie@nassarteam.com,,email,email,1,2026-09-14,2026-09-14,Cold Outreach,Backup real estate photographer,621f0652-bae2-451a-b8ea-727f6477ea70
The Bylsma Team,randy@bylsmateam.com,,email,email,1,2026-09-14,2026-09-14,Cold Outreach,Backup real estate photographer,38cbd69c-7f79-44cd-a5da-bdd11a5547bd
Robert Fine,robert@nassarteam.com,,email,email,1,2026-09-14,2026-09-14,Cold Outreach,Backup real estate photographer,0dd6e9af-8730-44a4-bf87-1db51528b880
Ivette Flores Schmidt,ivettemybroker@gmail.com,,email,email,1,2026-09-14,2026-09-14,Cold Outreach,Backup real estate photographer,42811ccd-79e2-40b4-8851-8d74e4f80191
Katie Hale,katiehale.homes@yahoo.com,,email,email,1,2026-09-14,2026-09-14,Cold Outreach,Backup real estate photographer,2e2c3215-7e7e-4c12-90a8-d753a69c72f0
Michael De Hetre,michaeldehetre@gmail.com,,email,email,1,2026-09-14,2026-09-14,Cold Outreach,Backup real estate photographer,f84169c3-9329-497f-977b-07e15724a52e
Hanson Song,hanson@dreamwellhome.com,,email,email,1,2026-09-14,2026-09-14,Cold Outreach,Backup real estate photographer,f1980c10-a34d-4afe-9cf8-cd03a5a3fd7c
Haitao Zhang,haitaozhang@outlook.com,,email,email,1,2026-09-14,2026-09-14,Cold Outreach,Backup real estate photographer,3b93b253-65ee-41f9-a28a-8e98612b8c03
Jenny Zeng,jenny7599@hotmail.com,,email,email,1,2026-09-14,2026-09-14,Cold Outreach,Backup real estate photographer,9bebf948-caff-4050-847e-17996b52cd0e
Brittany Westhora,brittany@premierepropertygroup.com,,email,email,1,2026-09-14,2026-09-14,Cold Outreach,Backup real estate photographer,9fcd5569-5074-47d0-a690-c1f1d481e031
Patrick Ledbetter,patricksellsproperty@gmail.com,,email,email,1,2026-09-14,2026-09-14,Cold Outreach,Backup real estate photographer,1fc50dee-8aef-47e4-90fd-97d3ac45d118
Sandi Sheets,sandisheets@comcast.net,,email,email,1,2026-09-14,2026-09-14,Cold Outreach,Backup real estate photographer,3f6107f2-9cc6-4ff3-8629-e3f34c7ef0ec
Deborah Wilkinson,deborah.wilkinson@premierepropertygroup.com,,email,email,1,2026-09-14,2026-09-14,Cold Outreach,Backup real estate photographer,b6ed4bac-cfca-4fb4-9932-5b29fc991438
Thomas Wilser,tom@thethomaswilsergroup.com,,email,email,1,2026-09-14,2026-09-14,Cold Outreach,Backup real estate photographer,843ed514-bd98-422a-b4e8-d840ccc0a06b
Debi Robertson,debi@debirobertson.com,,email,email,1,2026-09-14,2026-09-14,Cold Outreach,Backup real estate photographer,ca6114d2-83f1-4b0d-8a6c-2e129f136658
Noah and Lindsey Culver,noahjculver@gmail.com,,email,email,1,2026-09-14,2026-09-14,Cold Outreach,Backup real estate photographer,cb2dc4d2-224a-4189-b61f-7572e6fa0c44
Julie Hopper,juliehopper11@gmail.com,503-407-9002,email,email,1,2026-09-14,2026-09-14,Cold Outreach,Backup real estate photographer,f899d386-4e99-4261-b702-80f8f8564592
Luz Mendoza,luz@luzmendozarealestate.com,,email,email,1,2026-09-14,2026-09-14,Cold Outreach,Backup real estate photographer,38eecb58-43d2-4ab5-abe8-2e79894268be
Christopher Johnson,cj@sellingpdx.com,,email,email,1,2026-09-14,2026-09-14,Cold Outreach,Backup real estate photographer,8dc083b7-32bf-4e33-a3a7-8eef8ce2dd95
Rick Compton,rick@ricksellscasas.com,,email,email,1,2026-09-14,2026-09-14,Cold Outreach,Backup real estate photographer,f1f04a1a-3082-4ebb-ac4c-3d875c54f1bf
Brian Denne,briandenne@gmail.com,,email,email,1,2026-09-14,2026-09-14,Cold Outreach,Backup real estate photographer,262e4151-5565-4644-8eb5-d011ea4dab2e
Audra Powell,audrasellshomes@gmail.com,,email,email,1,2026-09-14,2026-09-14,Cold Outreach,Backup real estate photographer,a6d4e3db-b4e3-475c-86ea-2e6d06a5c588
Carla Little,carlasellsoregon@gmail.com,541-915-5885,email,email,1,2026-09-14,2026-09-14,Cold Outreach,Backup real estate photographer,6a907aa2-0952-43e9-bdd7-b83d0947035b
Gabrielle Maher,gabrielleirishrealtor@gmail.com,,email,email,1,2026-09-14,2026-09-14,Cold Outreach,Backup real estate photographer,0c3b9179-f1be-4e37-8504-92827403867e
Helen Leek,helenleekrealtor@gmail.com,,email,email,1,2026-09-14,2026-09-14,Cold Outreach,Backup real estate photographer,e8e0590d-1b64-4896-8ba2-b6b55b2c4eae
Barbara Mount,barbara@barbaramountproperties.com,,email,email,1,2026-09-14,2026-09-14,Cold Outreach,Backup real estate photographer,1e46f40e-997f-44f0-af3c-7893c61c82ff
Dustin Pfeif,dustinpfeifhomes@gmail.com,,email,email,1,2026-09-14,2026-09-14,Cold Outreach,Backup real estate photographer,48afa8de-14d7-49fc-b440-3980e630aa80
Cynthia McLeod,cynthia@mcleod.one,,email,email,1,2026-09-14,2026-09-14,Cold Outreach,Backup real estate photographer,ce90a07a-e342-4240-b57e-880b85134e8a
Kelly White,kellysellsoregon@gmail.com,503-720-0718,email,email,1,2026-09-14,2026-09-14,Cold Outreach,Backup real estate photographer,452885dd-5ab1-42a4-997b-542f0298f77b
Greg Long,greg@nassarteam.com,,email,email,1,2026-09-14,2026-09-14,Cold Outreach,Backup real estate photographer,b0a564a9-88de-49bc-b0ff-d02addac5b7b
Adine Peterson,wolfgangadine@gmail.com,,email,email,1,2026-09-14,2026-09-14,Cold Outreach,Backup real estate photographer,68847f43-cb79-4c78-ba67-3d5f1ab80a01
Kerri Hartnett,kerri@hartnetthomesgroup.com,,email,email,1,2026-09-14,2026-09-14,Cold Outreach,Backup real estate photographer,f4ba3771-fff9-44df-8d6f-6eea980159cd
Maria Cerri,maria@mariacerrirealtor.com,,email,email,1,2026-09-14,2026-09-14,Cold Outreach,Backup real estate photographer,55e88312-95d4-4a56-9737-b36f49dd6294
Amber Kahut,amberkahut@gmail.com,,email,email,1,2026-09-14,2026-09-14,Cold Outreach,Backup real estate photographer,229637aa-e057-415a-b321-c100a9306874
Cindy Fous,cindyfoushomes@yahoo.com,,email,email,1,2026-09-14,2026-09-14,Cold Outreach,Backup real estate photographer,d8c993af-1dad-4da3-8e9b-6a96fe571ba2
Abdullah Elmadhoun,aae1990@gmail.com,,email,email,1,2026-09-14,2026-09-14,Cold Outreach,Backup real estate photographer,4f86c120-debc-4812-ae05-e1aa6aafe51a
Robert Treacy,rtreacy@gmail.com,,email,email,1,2026-09-14,2026-09-14,Cold Outreach,Backup real estate photographer,1f6f8742-7cc5-44be-9f9a-9a0421799653
Sam Myers,sam.myers@gmail.com,,email,email,1,2026-09-14,2026-09-14,Cold Outreach,Backup real estate photographer,69585bc4-b07a-41c9-a3d3-94757a28da23
Steve Nassar,steve@nassarteam.com,503-805-5582,email,email,1,2026-09-14,2026-09-14,Cold Outreach,Backup real estate photographer,37a5ec6a-4a1c-40d6-9bbb-21698af3f7b8
Ruth Risch,rrisch@comcast.net,,email,email,1,2026-09-14,2026-09-14,Cold Outreach,Backup real estate photographer,19fe0998-4edd-4f69-807c-5e2629dd7798
Sarah Freeman,sarah@sarahfreemanrealestate.com,,email,email,1,2026-09-14,2026-09-14,Cold Outreach,Backup real estate photographer,37f756e2-8013-445c-abea-048828228245
Rett Pratt,rettpratt@gmail.com,,email,email,1,2026-09-14,2026-09-14,Cold Outreach,Backup real estate photographer,4b2f1b61-4d2d-434b-81d6-a84f094f2b80
Madeline Keo,maddy@keokeys.com,,email,email,1,2026-09-14,2026-09-14,Cold Outreach,Backup real estate photographer,d1c3220d-5e88-41f6-9248-a56db06c7099
Tim Swearingen,swearingen.tim@gmail.com,,email,email,1,2026-09-14,2026-09-14,Cold Outreach,Backup real estate photographer,61446ba5-7dde-4094-a71d-9423b5455e35
Joe & Liz Edwards,joe@edwardshouses.com,,email,email,1,2026-09-14,2026-09-14,Cold Outreach,Backup real estate photographer,4caf5204-b8b5-42e3-9095-0af2296b1a0e
Kimberly Dye,kimberlydyerealtor@comcast.net,,email,email,1,2026-09-14,2026-09-14,Cold Outreach,Backup real estate photographer,55424e5a-bc7d-49bb-a613-99be18fdec65
Barbara Roach,broach@premierepropertygroup.com,,email,email,1,2026-09-14,2026-09-14,Cold Outreach,Backup real estate photographer,449337ea-a522-4317-981e-4f3a2247697b
Joel Benedetti,joel@jbnwhomes.com,,email,email,1,2026-09-14,2026-09-14,Cold Outreach,Backup real estate photographer,96ca1c0a-3b9b-4cc3-8d16-d3826a1c7afd
Vicki Gile,vicki@gilegroup.com,,email,email,1,2026-09-14,2026-09-14,Cold Outreach,Backup real estate photographer,a3a18873-5f84-44e9-8067-25bc628f122e
Kristin Gillis,kgillis@premierepropertygroup.com,,email,email,1,2026-09-14,2026-09-14,Cold Outreach,Backup real estate photographer,2ed053e7-dd74-4007-b7bb-907069e9dbd2
Stephen Campbell,dreamhomespdx@gmail.com,,email,email,1,2026-09-14,2026-09-14,Cold Outreach,Backup real estate photographer,03b43796-d032-47c2-879d-1f4edbd2d8c4
Vanessa Parra,vanessa@nassarteam.com,,email,email,1,2026-09-14,2026-09-14,Cold Outreach,Backup real estate photographer,cfc496c9-8700-4fad-beef-977d25f281ce
Kelsie Hopkins Pfeif,khprealtor@gmail.com,,email,email,1,2026-09-14,2026-09-14,Cold Outreach,Backup real estate photographer,3668612b-994f-4a8b-bbf3-aa138fe2eb0c
Kristina Horning,kristina@yourlifestyleliving.com,,email,email,1,2026-09-14,2026-09-14,Cold Outreach,Backup real estate photographer,e43b6bb4-0e1b-45a4-a8a1-c29e9b26972b
Bryant Cahill,bryant.cahillproperties@gmail.com,,email,email,1,2026-09-14,2026-09-14,Cold Outreach,Backup real estate photographer,3eae3416-e927-4704-937b-aac62de3a68c
Mark Highland,mark@highlandhomes.net,,email,email,1,2026-09-14,2026-09-14,Cold Outreach,Backup real estate photographer,85e7fead-17cc-447d-9cd9-8506c22e64b1
Diana Harrell,dianah@premierepropertygroup.com,,email,email,1,2026-09-14,2026-09-14,Cold Outreach,Backup real estate photographer,5b7aeea6-72eb-40f0-a918-cf76ef0afb58
Conrad Bylsma,conrad@bylsmateam.com,,email,email,1,2026-09-14,2026-09-14,Cold Outreach,Backup real estate photographer,969a2659-634b-414d-86f3-241834799e37
Valorie Bonner,valbonner@comcast.net,,email,email,1,2026-09-14,2026-09-14,Cold Outreach,Backup real estate photographer,53bca16f-1d6b-415b-8828-b43c639a7a21
Doug Fraser,realtordougfraser@gmail.com,,email,email,1,2026-09-14,2026-09-14,Cold Outreach,Backup real estate photographer,f9045c4c-f112-4505-a46e-68de3a36a842
Lindsey & Noah Culver,lindseymculver@gmail.com,,email,email,1,2026-09-14,2026-09-14,Cold Outreach,Backup real estate photographer,3dc87822-c332-4393-bbc8-28dc837bf006
Jennifer Lillie,jen@wegotthekeys.com,,email,email,1,2026-09-14,2026-09-14,Cold Outreach,Backup real estate photographer,2fec6dd0-92d4-4512-b70e-a60ef15f0253
Ty Lankheet,ty@lankheetgroup.com,,email,email,1,2026-09-14,2026-09-14,Cold Outreach,Backup real estate photographer,8b69dd0a-7da9-4f18-a36d-6da141be51c5
Vivian Chappell,brokerviv@gmail.com,,email,email,1,2026-09-14,2026-09-14,Cold Outreach,Backup real estate photographer,395fca42-c0cd-4c32-837d-bdb061bfb029
Susan Roesler,susan@susanroesler.com,503-720-9564,email,email,1,2026-09-14,2026-09-14,Cold Outreach,Backup real estate photographer,aa779ee6-8e9b-49ba-bf7e-27803ae7f611
Jeffry D Wiren,jeff@wirenhomes.com,,email,email,1,2026-09-14,2026-09-14,Cold Outreach,Backup real estate photographer,d08bb627-842a-4fde-a16a-9f035234e9ce
Mike Hickman,mike@nassarteam.com,,email,email,1,2026-09-14,2026-09-14,Cold Outreach,Backup real estate photographer,4a5c2865-eb7b-4fa9-8314-44c021d44f0b
Heladio Vera,heladio@verapropertygroup.com,,email,email,1,2026-09-14,2026-09-14,Cold Outreach,Backup real estate photographer,1bfa815c-89fa-4b81-ad12-ebfb8055fd87
Steven Wong,realtorswong@hotmail.com,,email,email,1,2026-09-14,2026-09-14,Cold Outreach,Backup real estate photographer,715cc04f-028c-4ada-b4ce-6a8b1ce66136
Melissa Framiglio,mframiglio12@gmail.com,,email,email,1,2026-09-14,2026-09-14,Cold Outreach,Backup real estate photographer,33c424b7-d594-4226-99ba-4e1ec73b150d
Lorraine DeDonato,dedonato11@gmail.com,,email,email,1,2026-09-14,2026-09-14,Cold Outreach,Backup real estate photographer,abb2b3bb-a246-4890-a002-4006c9c79e4b
Tracy Keegan,tracykeegan@comcast.net,,email,email,1,2026-09-14,2026-09-14,Cold Outreach,Backup real estate photographer,de965cfb-f786-4c53-9c5b-40be0f31e768
Kimberly Shute,kimberly@mmret.com,,email,email,1,2026-09-14,2026-09-14,Cold Outreach,Backup real estate photographer,1b00b6bd-40fd-4a69-bec5-973d79ade05b
Madeleine Rose,madeleine@madeleinerose.com,,email,email,1,2026-09-14,2026-09-14,Cold Outreach,Backup real estate photographer,40b46f2e-9881-4ee1-b382-5e8b8dbb7e1f
Tyzoe Brown,tyzoe@millennialgroupre.com,,email,email,1,2026-09-14,2026-09-14,Cold Outreach,Backup real estate photographer,f86132b1-09fa-43ad-ba6a-9e8a846aae5c
Carissa Ferro,carissa.ferro@gmail.com,,email,email,1,2026-09-14,2026-09-14,Cold Outreach,Backup real estate photographer,eaf5252b-3bf3-4df6-b494-6c220a2b929f
Fred Mueller,fjmueller@comcast.net,,email,email,1,2026-09-14,2026-09-14,Cold Outreach,Backup real estate photographer,4eff3508-a01f-40e4-ad4e-29c7c4ced22c
Jennifer Saucy,jennifer@nassarteam.com,,email,email,1,2026-09-14,2026-09-14,Cold Outreach,Backup real estate photographer,5359817e-b9ad-4a3b-b683-949a9104044e
Laura Rumford CDREu00ae,homes@laurarumford.com,,email,email,1,2026-09-14,2026-09-14,Cold Outreach,Backup real estate photographer,985aac3d-5223-4a5b-80f5-4c3bf4a5f351
Jason Voss,jason.voss@premierepropertygroup.com,,email,email,1,2026-09-14,2026-09-14,Cold Outreach,Backup real estate photographer,5c0fabea-275f-4996-89dc-7592f9f78c29
Dave Hopkins,davehopkinshomes@gmail.com,,email,email,1,2026-09-14,2026-09-14,Cold Outreach,Backup real estate photographer,e02bf50a-3972-45c4-a56d-29244232b1e4
Terri Rise,terri@terririse.com,,email,email,1,2026-09-14,2026-09-14,Cold Outreach,Backup real estate photographer,d1dc2751-be0e-48f0-8db5-626e3ca47726
Michael Kyle,michaelkylerealtor@gmail.com,,email,email,1,2026-09-14,2026-09-14,Cold Outreach,Backup real estate photographer,d992b0f1-701b-4c11-bae6-f7a43b4202e6
Aaron Interiano,aaronrealtor7@gmail.com,,email,email,1,2026-09-14,2026-09-14,Cold Outreach,Backup real estate photographer,2255d8d1-f120-45c3-886f-cf00a17c3cf7
Kelly Casey Dilbeck,kelly@rubyrosere.com,,email,email,1,2026-09-14,2026-09-14,Cold Outreach,Backup real estate photographer,e3ad57e9-6ec0-4599-a958-3ac87ca66c58
Scott Foster,scott@homes503.com,,email,email,1,2026-09-14,2026-09-14,Cold Outreach,Backup real estate photographer,16cec287-bb90-45ba-bb67-7bec957fd42a
Alma Ayala,aayalaspg@gmail.com,,email,email,1,2026-09-14,2026-09-14,Cold Outreach,Backup real estate photographer,0b163c2c-354d-4f02-9c4b-b67676b98044
Jenn Tenderella,tenderellahomes@gmail.com,,email,email,1,2026-09-14,2026-09-14,Cold Outreach,Backup real estate photographer,9ae770a0-8d45-43c2-9b90-dea91b11e80e
Casey O'Callaghan,brokercasey.o@gmail.com,,email,email,1,2026-09-14,2026-09-14,Cold Outreach,Backup real estate photographer,5c85620e-7d3f-4066-8d95-82b40164da7f
Jordan Iverson,jordan.iverson.re@gmail.com,,email,email,1,2026-09-14,2026-09-14,Cold Outreach,Backup real estate photographer,4bf57c22-9ab7-45a6-b42a-3c769530d214
Joe Jessal,joe@joejessal.com,,email,email,1,2026-09-14,2026-09-14,Cold Outreach,Backup real estate photographer,bba10017-f251-4be3-9bbc-a48d89f91b3f
Juli Blaser Sagar,julisagar@gmail.com,,email,email,1,2026-09-14,2026-09-14,Cold Outreach,Backup real estate photographer,54bb2f79-ad81-4953-8887-7ad7ffa4d18a
Sara Bell,forsarabell@gmail.com,,email,email,1,2026-09-14,2026-09-14,Cold Outreach,Backup real estate photographer,b8065148-d8f1-4bb6-82e5-7efeb0ddfa50
Vickie Phillips,vickie@newportnet.com,,email,email,1,2026-09-14,2026-09-14,Cold Outreach,Backup real estate photographer,3e93bbc1-912d-4061-b089-94f372b2ba78
Janine Duronslet,jmduronslet@gmail.com,,email,email,1,2026-09-14,2026-09-14,Cold Outreach,Backup real estate photographer,6fbb17c0-fa8d-4233-80c0-f50f6214789b
Tammy Gagne,tammy.gagne@gmail.com,,email,email,1,2026-09-14,2026-09-14,Cold Outreach,Backup real estate photographer,c339e4a5-d385-43f4-88c5-202a2e1f00e5
Michael Kessinger,kessingerppg@gmail.com,,email,email,1,2026-09-14,2026-09-14,Cold Outreach,Backup real estate photographer,e70b9b81-cc76-427c-b3a0-5f89ffe12cb6
Nick Dyer,nickdyerhomes@gmail.com,,email,email,1,2026-09-14,2026-09-14,Cold Outreach,Backup real estate photographer,94ed2361-377c-40b7-b404-833a8c5b5857
Kylie Lynch,kylynch622@gmail.com,,email,email,1,2026-09-14,2026-09-14,Cold Outreach,Backup real estate photographer,3ae571d8-7dea-4660-b409-a86ee5e47967
Tina Molina,molinatina07@gmail.com,,email,email,1,2026-09-14,2026-09-14,Cold Outreach,Backup real estate photographer,a18c20d5-dc00-448a-aa16-2ed111a3331a
Eric Dahlen,eric.dahlen@gmail.com,,email,email,1,2026-09-14,2026-09-14,Cold Outreach,Backup real estate photographer,9e6b838a-8009-4b9d-8654-92de9cdbd61b
Christine Johnson-Sundby,christine@yellowlabrealestate.com,,email,email,1,2026-09-14,2026-09-14,Cold Outreach,Backup real estate photographer,6daf9065-5aa5-4981-b299-88321d3b8fe4
Tanna Johnson,tannakimberlee@gmail.com,,email,email,1,2026-09-14,2026-09-14,Cold Outreach,Backup real estate photographer,4954b8da-c0b0-4a6d-87d8-4f7bd4d8f630
Jackson Home Team,desirea@homewithjackson.com,,email,email,1,2026-09-14,2026-09-14,Cold Outreach,Backup real estate photographer,32ff6c63-f826-4a17-a19b-6456b2867dd5
Greg and Judy  Gysin,gregandjudy@gysinrealty.com,,email,email,1,2026-09-14,2026-09-14,Cold Outreach,Backup real estate photographer,0d0d609d-43d6-4053-9719-a92ad264d696
Isaias Cervantes,isaias@avantestategroup.com,,email,email,1,2026-09-14,2026-09-14,Cold Outreach,Backup real estate photographer,1e786207-c8df-4f1a-982d-63bf7824fb51
Judy Gysin,judygysin@gmail.com,,email,email,1,2026-09-14,2026-09-14,Cold Outreach,Backup real estate photographer,13cf1712-ae44-4790-bed6-98ad6f395b63
Darlene Sprecher,darlene@sprecherhomesales.com,,email,email,1,2026-09-14,2026-09-14,Cold Outreach,Backup real estate photographer,6bfe7bb3-1e6b-454e-81e6-e9b15ecd89a7
NewTeam,kyle@newteamoregon.com,,email,email,1,2026-09-14,2026-09-14,Cold Outreach,Backup real estate photographer,353e78c3-ef5b-4b01-8922-ecb6f8171bbf
Safford Carpenter,saffordcarpenter@gmail.com,,email,email,1,2026-09-14,2026-09-14,Cold Outreach,Backup real estate photographer,e1f1ccf6-39d3-4d14-b58f-cbb7094e58e6
Susan Victor-Reed,susan@reedhomesnw.com,,email,email,1,2026-09-14,2026-09-14,Cold Outreach,Backup real estate photographer,9bca817e-4376-42b5-9ca1-7a8f5e1ff1c6
Gloria Nali Ledgerwood,gloria@gnrrealestate.com,,email,email,1,2026-09-14,2026-09-14,Cold Outreach,Backup real estate photographer,cc132675-5d8f-458e-a587-073824a055e4
Maki Arai,arairealestate@gmail.com,,email,email,1,2026-09-14,2026-09-14,Cold Outreach,Backup real estate photographer,1ca0f088-4597-4e43-a194-087c2fc05538
Patrick Fry,pdfrysells@gmail.com,,email,email,1,2026-09-14,2026-09-14,Cold Outreach,Backup real estate photographer,bb042c16-4fb1-4f00-88b9-11dbf4f801dc
Grant Baker,findoregonhome@gmail.com,,email,email,1,2026-09-14,2026-09-14,Cold Outreach,Backup real estate photographer,071fe00c-2794-4f9f-a8c5-65309e320b2a
Landon Davis,landondavis.realestate@gmail.com,,email,email,1,2026-09-14,2026-09-14,Cold Outreach,Backup real estate photographer,3d36f057-1c9a-4b81-8fe3-69d43b2b1e6d
Patti  Gay-Buoy,patti@gopatti.net,,email,email,1,2026-09-14,2026-09-14,Cold Outreach,Backup real estate photographer,39b03440-cda7-451e-b803-daeb8e61d224
Gene Farr,gene@genefarrhomes.com,,email,email,1,2026-09-14,2026-09-14,Cold Outreach,Backup real estate photographer,36342d27-8ecd-43a6-98a3-bb560a411757
Emelia Wessel,emelia.your.realtor@gmail.com,,email,email,1,2026-09-14,2026-09-14,Cold Outreach,Backup real estate photographer,0098b529-2ebd-440a-aafe-c5f65a7838d0
Liz Warren,liz@mthoodarearealestate.com,,email,email,1,2026-09-14,2026-09-14,Cold Outreach,Backup real estate photographer,dc753efa-7f80-4b67-b5b5-37671e8f7ddb
Crystal Bacon,crystal@crystalbacon.biz,,email,email,1,2026-09-14,2026-09-14,Cold Outreach,Backup real estate photographer,9f4cd15f-7972-40dd-aafb-813ee8bd5bd4
Tiffany Hubbard,tiffsellsoregon@gmail.com,,email,email,1,2026-09-14,2026-09-14,Cold Outreach,Backup real estate photographer,d359be58-2013-4d3a-b7c0-d59fa2732eab
Monique Farinha,me@moniquefarinha.com,,email,email,1,2026-09-14,2026-09-14,Cold Outreach,Backup real estate photographer,88265b0d-5eee-4c0f-8472-c6f80371e919
Jessica Thomason,jessicaknowsyou@gmail.com,,email,email,1,2026-09-14,2026-09-14,Cold Outreach,Backup real estate photographer,26198ba9-04d0-41e3-a7cc-fe723715f8f7
Melissa Hill,realtor97055@gmail.com,,email,email,1,2026-09-14,2026-09-14,Cold Outreach,Backup real estate photographer,f403181c-7eff-4e09-b0e0-e41264b802c6
Chris Olson,chris@chrisolsonhomes.com,,email,email,1,2026-09-14,2026-09-14,Cold Outreach,Backup real estate photographer,77c7a950-8e23-4876-a56f-4e8b052ea0e0
Jason Gardner,jason@gardnerteam.net,,email,email,1,2026-09-14,2026-09-14,Cold Outreach,Backup real estate photographer,5f0826e4-0162-4587-b5ab-8ff7429997a7
Isis Morrissey,isismorrisseyhomes@yahoo.com,,email,email,1,2026-09-14,2026-09-14,Cold Outreach,Backup real estate photographer,659e1e57-a2da-449b-89e3-4bfabb430ecf
Frank McCleskey,frank@mccleskeyhomes.com,,email,email,1,2026-09-14,2026-09-14,Cold Outreach,Backup real estate photographer,82e7b136-7072-42f3-b9df-bf8a0a1f76bb
April VandeBergh,april@theenloegroup.com,,email,email,1,2026-09-14,2026-09-14,Cold Outreach,Backup real estate photographer,e5c07859-0879-4e42-8ef1-a4fed2754f48
Mindi Holstein,mindi@mindiholstein.com,,email,email,1,2026-09-14,2026-09-14,Cold Outreach,Backup real estate photographer,48d44012-6964-4ca1-bfe4-a469f34a2216
Amy Campbell,amy@homesbyamycampbell.com,,email,email,1,2026-09-14,2026-09-14,Cold Outreach,Backup real estate photographer,c0c433b9-607a-49fc-80eb-cdabf37ea17c
Greg Whistler,greg@whistle4ahome.com,,email,email,1,2026-09-14,2026-09-14,Cold Outreach,Backup real estate photographer,79880bf6-4e4e-4cc1-a323-72161789ffba
Paula Brotherton,callpaulab@gmail.com,,email,email,1,2026-09-14,2026-09-14,Cold Outreach,Backup real estate photographer,16bdc647-ea2b-4847-9920-4a710e36ec88
William Mohring,will@mohringrealtygroup.com,,email,email,1,2026-09-14,2026-09-14,Cold Outreach,Backup real estate photographer,bf55a4b7-83c7-411d-b566-411960eb6be3
Thomas Cardelli,cardelli.tj@gmail.com,,email,email,1,2026-09-14,2026-09-14,Cold Outreach,Backup real estate photographer,0a3c45b5-8e23-43aa-ae64-53d55469827d
Lee Toft,leetoft@pdxhouse.net,,email,email,1,2026-09-14,2026-09-14,Cold Outreach,Backup real estate photographer,dbd55126-839f-4ce8-a484-8f04b5c5b6b5
Teresa Coon,teresa@coonrealestate.com,,email,email,1,2026-09-14,2026-09-14,Cold Outreach,Backup real estate photographer,4d845916-2cae-4352-a5da-03b192e81dad
Eric Pubols,ericpubols.broker@gmail.com,,email,email,1,2026-09-14,2026-09-14,Cold Outreach,Backup real estate photographer,ad0deba6-f50d-4b59-8493-2f85797f0a43
Jason Preuit,staywithj24@gmail.com,,email,email,1,2026-09-14,2026-09-14,Cold Outreach,Backup real estate photographer,b77a8b59-9ec0-49ad-8b6d-527a35b2e600
Tom Baker,tom@tombaker.estate,,email,email,1,2026-09-14,2026-09-14,Cold Outreach,Backup real estate photographer,09de837c-ffd9-4fcf-9007-a0c62d8a7aff
Kelsi Morris,orwarealty@gmail.com,,email,email,1,2026-09-14,2026-09-14,Cold Outreach,Backup real estate photographer,7a735368-f86a-482e-8b69-1b3ede61b070
Eric & Sonya MacDonald,porchswingnw@gmail.com,,email,email,1,2026-09-14,2026-09-14,Cold Outreach,Backup real estate photographer,23e9667d-7087-41c7-8e3e-759c5442dd51
Laura Alvarez,lauraalvarezpdx@gmail.com,,email,email,1,2026-09-14,2026-09-14,Cold Outreach,Backup real estate photographer,f77d1e8f-33fb-40b0-acc5-116d50f1ffad
Daniel J. Canfield,danieljcanfield@gmail.com,,email,email,1,2026-09-14,2026-09-14,Cold Outreach,Backup real estate photographer,b516dfff-1ab6-4f49-9002-d6c99e21f94e
Andrew Nordby,vikingpropertiesnw@gmail.com,,email,email,1,2026-09-14,2026-09-14,Cold Outreach,Backup real estate photographer,4d2c087d-8dd9-4990-8e59-4ec2e5aedb1e
Tonya Rourke,tonyarourke@outlook.com,,email,email,1,2026-09-14,2026-09-14,Cold Outreach,Backup real estate photographer,3b0406b5-df42-4e35-b47d-9a44661155bc
Samantha Whitcomb,samantha.whitcomb.homes@gmail.com,,email,email,1,2026-09-14,2026-09-14,Cold Outreach,Backup real estate photographer,70005969-0011-4be4-9a81-771a76727879
Gordon Vavrek,gordon.vavrek@gmail.com,,email,email,1,2026-09-14,2026-09-14,Cold Outreach,Backup real estate photographer,68061101-5ef2-4be6-b6a1-7cc989583f82
Nancy Shannon,nancy@sellingpdxmetrohomes.com,,email,email,1,2026-09-14,2026-09-14,Cold Outreach,Backup real estate photographer,c1f28fb1-f2c3-4b9a-bc8b-6e1cd6782a34
Renee King,renee@mckayhomes.com,,email,email,1,2026-09-14,2026-09-14,Cold Outreach,Backup real estate photographer,0a66f7e0-955f-427f-9a83-f2c96c73972d
Becky Hughes,becky@beckyhughes.com,,email,email,1,2026-09-14,2026-09-14,Cold Outreach,Backup real estate photographer,f1c14aab-5334-4d31-a7a4-840486e4bea8
Robyn Verdier,robyn.verdier@gmail.com,,email,email,1,2026-09-14,2026-09-14,Cold Outreach,Backup real estate photographer,6c5b5458-973c-4a21-bedf-0f1333bf0162
Austin Overton,austindoverton@gmail.com,,email,email,1,2026-09-14,2026-09-14,Cold Outreach,Backup real estate photographer,09db9444-b38a-4ced-8edc-bb7e07318209
Lisa Stone,lisastone@premierepropertygroup.com,,email,email,1,2026-09-14,2026-09-14,Cold Outreach,Backup real estate photographer,e1d11012-cd22-44ab-aaf5-5102374e6cb6
Stephanie Hunt,stephhuntrealtor@gmail.com,,email,email,1,2026-09-14,2026-09-14,Cold Outreach,Backup real estate photographer,69c5f48a-e7de-4138-b4de-1bf717a5f678
Alex Mitchenkov,alex@realestatebrokersoforegon.com,,email,email,1,2026-09-14,2026-09-14,Cold Outreach,Backup real estate photographer,843af353-fb29-4729-bd19-f447bd445eb5
Tanya Buliga,tanyabuligarealtor@gmail.com,,email,email,1,2026-09-14,2026-09-14,Cold Outreach,Backup real estate photographer,a034abc7-245d-4138-9731-a87a6224cfe1
Amber Lessley,amberlessleyhomes@gmail.com,,email,email,1,2026-09-14,2026-09-14,Cold Outreach,Backup real estate photographer,63f60f49-c750-4cac-96d1-b86e647f080f
Lisa Bettendorf,lisabettendorf@yahoo.com,,email,email,1,2026-09-14,2026-09-14,Cold Outreach,Backup real estate photographer,c4f0f07e-c691-450a-aee5-f92c5c12e75c
Tracy Owen,closewithtracy@gmail.com,,email,email,1,2026-09-14,2026-09-14,Cold Outreach,Backup real estate photographer,b5a13429-9cf2-4711-abaa-5df235b3fc4e
Julie Loder,julie@julieloderhomes.com,,email,email,1,2026-09-14,2026-09-14,Cold Outreach,Backup real estate photographer,f576491d-0ec1-470c-b673-63aef30238ec
Vickie Williams,vic.ram66@yahoo.com,,email,email,1,2026-09-14,2026-09-14,Cold Outreach,Backup real estate photographer,8d9e00ee-da11-4799-9f22-b78a06c907b4
Nadia Mulyar,nadia.mulyar.ppg@gmail.com,,email,email,1,2026-09-14,2026-09-14,Cold Outreach,Backup real estate photographer,12f394e9-41f9-44a1-989c-193dc48d9fd7
Cristina Armstrong,armstrongcristinai@gmail.com,,email,email,1,2026-09-14,2026-09-14,Cold Outreach,Backup real estate photographer,dd409be9-268b-4eaf-bf67-2df675df8671
Josh Creekmore,josh@raindropre.com,,email,email,1,2026-09-14,2026-09-14,Cold Outreach,Backup real estate photographer,b9474554-fda1-424a-a032-aaf0575e343e
Kristylinn Sequeira,kristylinn@sequeirare.com,,email,email,1,2026-09-14,2026-09-14,Cold Outreach,Backup real estate photographer,f7fdf5c7-c497-42d0-b76a-8ea1f029fa64
Sean Premo,sean@seanpremohomes.com,,email,email,1,2026-09-14,2026-09-14,Cold Outreach,Backup real estate photographer,532ea538-a50d-4533-a878-5fa6b0836fb1
Stephanie Brossart,stephaniebrossarthomes@gmail.com,,email,email,1,2026-09-14,2026-09-14,Cold Outreach,Backup real estate photographer,d2360a00-a9d6-442f-9723-0d265ab1fa25
Beth Snider,homesbybeths@gmail.com,,email,email,1,2026-09-14,2026-09-14,Cold Outreach,Backup real estate photographer,7e1e8d65-7f99-4a8e-ad52-a88943bf88b0
Peter Anyanwu,kcppv14@myctl.net,,email,email,1,2026-09-14,2026-09-14,Cold Outreach,Backup real estate photographer,e23a6aa0-d682-4cbf-8bee-c2fe79fe4c1d
Kelsey Huey,kelseyhueyhomes@gmail.com,,email,email,1,2026-09-14,2026-09-14,Cold Outreach,Backup real estate photographer,c9a14af2-8e2a-48eb-a40e-cb38237fb92a
Mary Gedrose,mary@marygedrose.com,,email,email,1,2026-09-14,2026-09-14,Cold Outreach,Backup real estate photographer,b92399e9-d902-453e-bc04-8270ed5a99f7
Ryan Brooks,realtorbrooksie@gmail.com,,email,email,1,2026-09-14,2026-09-14,Cold Outreach,Backup real estate photographer,aa437c72-3702-44c1-a63e-0ff99154468f
Brian  Whistler,brian@whistle4ahome.com,,email,email,1,2026-09-14,2026-09-14,Cold Outreach,Backup real estate photographer,76ab8c4f-6670-4258-821c-9422eadcc74d
Sara Bettinger,sarabettinger@gmail.com,,email,email,1,2026-09-14,2026-09-14,Cold Outreach,Backup real estate photographer,b23caadc-8430-49aa-b9dd-1a64888624de
Darci Buckland-Guasco,darci@bucklandrealestate.com,,email,email,1,2026-09-14,2026-09-14,Cold Outreach,Backup real estate photographer,569db48c-ce70-44b1-81bf-5638ec660147
Kristin Harris,kristin@homesbykristin.com,,email,email,1,2026-09-14,2026-09-14,Cold Outreach,Backup real estate photographer,3181aab1-511a-4df3-8823-0dd3802ef71d
Cindy Co-Pfeifer,cindylamcopfeifer@gmail.com,,email,email,1,2026-09-14,2026-09-14,Cold Outreach,Backup real estate photographer,d5a6e6cf-6a22-48e5-a341-336cc14c8930
Carl Iiams,carl@iiams.net,,email,email,1,2026-09-14,2026-09-14,Cold Outreach,Backup real estate photographer,4100eb14-01ea-4bc7-ac0c-5c04db080a90
Grace Aguilar,sold.with.grace.pdx@gmail.com,,email,email,1,2026-09-14,2026-09-14,Cold Outreach,Backup real estate photographer,96a5d07e-a136-4462-8d0c-3ee542733cf3
Michelle Burbank,michelle@michellejoanne.com,,email,email,1,2026-09-14,2026-09-14,Cold Outreach,Backup real estate photographer,dc07aef2-78c7-43d6-a063-416a5816e236
Steve Wiltshire,steven@investcre.net,,email,email,1,2026-09-14,2026-09-14,Cold Outreach,Backup real estate photographer,09fd440d-08e6-42d1-b436-f662bf7f742c
Dave Walters,dave@dwnitrohomes.com,,email,email,1,2026-09-14,2026-09-14,Cold Outreach,Backup real estate photographer,dfb70e83-e108-40f9-b33e-b916e89af629
Nicole Gherman,nicole@nicolesellspdx.com,,email,email,1,2026-09-14,2026-09-14,Cold Outreach,Backup real estate photographer,4069d69c-24d1-4725-9466-c4b306905986
Susie Hansen,pdxhomes@hotmail.com,,email,email,1,2026-09-14,2026-09-14,Cold Outreach,Backup real estate photographer,7941003d-4f65-443c-9120-c90186533e48
Jerry Enders,myagent@jerryenders.com,,email,email,1,2026-09-14,2026-09-14,Cold Outreach,Backup real estate photographer,a73288ab-6643-498f-94d9-57a3df0eefb5
Amber Hadden,amberhadden@live.com,,email,email,1,2026-09-14,2026-09-14,Cold Outreach,Backup real estate photographer,ce504ffa-d33c-42c8-bb19-f34548ed5056
Katie DeMent,katie@raindropre.com,,email,email,1,2026-09-14,2026-09-14,Cold Outreach,Backup real estate photographer,7b419d46-9d9e-4a6b-ad38-7387414749c8
Erick Claytor,erickclaytor@gmail.com,,email,email,1,2026-09-14,2026-09-14,Cold Outreach,Backup real estate photographer,64af8fdc-46de-44e5-8790-47f672f6925e
Ovidiu Ailinchi,oviestate@gmail.com,,email,email,1,2026-09-14,2026-09-14,Cold Outreach,Backup real estate photographer,41498d08-df91-40f1-af99-a51473c83421
Sami Welday,sami.pdxrealestate@gmail.com,,email,email,1,2026-09-14,2026-09-14,Cold Outreach,Backup real estate photographer,315ca9d2-52ec-4d7d-9934-364e1088d664
Debra Katrena,debrak77@gmail.com,,email,email,1,2026-09-14,2026-09-14,Cold Outreach,Backup real estate photographer,0701725c-38d7-422b-bde5-53ba5262c4a5
Connie Peterson,conniepetersonrealestate@gmail.com,,email,email,1,2026-09-14,2026-09-14,Cold Outreach,Backup real estate photographer,fe0d8faa-1f3d-49c8-a310-673789a8dec0
Ryan Paquette,ryanlpaquette@gmail.com,,email,email,1,2026-09-14,2026-09-14,Cold Outreach,Backup real estate photographer,b7682f94-a206-4d04-bc1b-d866db5d1c4b
Tonya LM  Osborn,tonyaosborn1@yahoo.com,,email,email,1,2026-09-14,2026-09-14,Cold Outreach,Backup real estate photographer,7bd29987-5e02-4f6c-bd38-73f7dc17558e
Kyle Ball,kyle@kyleball.com,,email,email,1,2026-09-14,2026-09-14,Cold Outreach,Backup real estate photographer,7e4a1bf6-c247-4063-a4a3-9eda365edce4
Paris Fettig,propertiesbyparis@gmail.com,,email,email,1,2026-09-14,2026-09-14,Cold Outreach,Backup real estate photographer,bbd2e0a6-fcf9-41a5-9df8-f6300a664c57
Sara Bakkum,sarabakkum@gmail.com,503-894-4632,email,email,1,2026-09-14,2026-09-14,Cold Outreach,Backup real estate photographer,a418d61f-2c43-43ec-bf08-5c78e7a961f8
Dustin Funes,dustin@dustinfunes.com,,email,email,1,2026-09-14,2026-09-14,Cold Outreach,Backup real estate photographer,947441d4-fee5-4a5a-a527-37e9d1697f33
Rees Bettinger,reesbettinger@gmail.com,,email,email,1,2026-09-14,2026-09-14,Cold Outreach,Backup real estate photographer,b5367dd5-04f1-4555-a007-0aefad6fd891
Gwen Katyryniuk,gwenkatre@gmail.com,,email,email,1,2026-09-14,2026-09-14,Cold Outreach,Backup real estate photographer,e28b02a8-c1e2-4206-a4e9-75f961337b7e
Xan Gale,xangalere@gmail.com,,email,email,1,2026-09-14,2026-09-14,Cold Outreach,Backup real estate photographer,9eee79bf-695f-4c79-b018-2603c89a4477
Ben Nikolas,ben@cowboyrealtor.com,,email,email,1,2026-09-14,2026-09-14,Cold Outreach,Backup real estate photographer,2b332262-5e06-440b-8720-9c6f1267073b
Cecilia Zepeda,ladybughomesrealestate@gmail.com,,email,email,1,2026-09-14,2026-09-14,Cold Outreach,Backup real estate photographer,5ac3d6f4-64a2-4cce-bc76-b740128a843a
Kendel White,homesbykendel@gmail.com,,email,email,1,2026-09-14,2026-09-14,Cold Outreach,Backup real estate photographer,6c992e04-4104-473e-8d97-4f34d6664388
Denise Spanke GRI PSA,denise@denisespanke.com,,email,email,1,2026-09-14,2026-09-14,Cold Outreach,Backup real estate photographer,2fde7ad1-ae87-4679-b135-a69fc3d9b837
Stephen Erving,stephen@portlandmetroproperties.com,,email,email,1,2026-09-14,2026-09-14,Cold Outreach,Backup real estate photographer,d9e28201-c19a-4bfd-8a31-9b9b41029a35
Corena Mohammed,corena70@gmail.com,,email,email,1,2026-09-14,2026-09-14,Cold Outreach,Backup real estate photographer,a5c1a2b7-12f1-435a-8443-520b92d6b8c1
Janelle Angel-ramirez,janellepremierehomes@gmail.com,,email,email,1,2026-09-14,2026-09-14,Cold Outreach,Backup real estate photographer,d1dc472c-6bd6-4dd2-bc81-bcd3f848f068
Leslie Keller,lesliekellerrealestate@gmail.com,,email,email,1,2026-09-14,2026-09-14,Cold Outreach,Backup real estate photographer,26ae6732-f513-47bb-8318-6d4b6affa4d5
McKenzie Utti,mckenzieutti@gmail.com,,email,email,1,2026-09-14,2026-09-14,Cold Outreach,Backup real estate photographer,cccf84e7-deca-4246-b375-8c141d43c30e
Karen Croston,karen@abcproteam.com,,email,email,1,2026-09-14,2026-09-14,Cold Outreach,Backup real estate photographer,e51c6c76-8366-4f51-bdab-625fc94c1c91
Amanda Boden,bodenrealestate@gmail.com,,email,email,1,2026-09-14,2026-09-14,Cold Outreach,Backup real estate photographer,65e194e1-57d5-4d09-b604-4a0f2b24b35f
Daphne Blachly,daphne.blachly@gmail.com,,email,email,1,2026-09-14,2026-09-14,Cold Outreach,Backup real estate photographer,b059f211-5a7a-40aa-b88e-951bf4040088
Rod Barker,info@abcproteam.com,,email,email,1,2026-09-14,2026-09-14,Cold Outreach,Backup real estate photographer,1dc69424-6c13-4fc9-bab1-2a9767d8d894
Nichole Jellum,nicholejellum@gmail.com,,email,email,1,2026-09-14,2026-09-14,Cold Outreach,Backup real estate photographer,981e30f7-b524-4939-b571-4c1b0bc7e035
Jayden Blaylock,jaydenbrealestate@gmail.com,,email,email,1,2026-09-14,2026-09-14,Cold Outreach,Backup real estate photographer,457060d7-24f7-4d42-8e69-87ae0832c350
Myra Brock,agentmyrabrock@gmail.com,,email,email,1,2026-09-14,2026-09-14,Cold Outreach,Backup real estate photographer,30325d2d-4b8d-4007-bb97-640524302858
Aaron Krueger,aaron@swordfernrealestate.com,,email,email,1,2026-09-14,2026-09-14,Cold Outreach,Backup real estate photographer,a8957694-7ccf-4efa-9391-47f3408ade8c
Heather Renner,heather@rennersrealestate.com,,email,email,1,2026-09-14,2026-09-14,Cold Outreach,Backup real estate photographer,234e8db0-ca51-47d7-a747-12a04ef10730
Mollie Bradshaw,mollie.bradshaw@gmail.com,,email,email,1,2026-09-14,2026-09-14,Cold Outreach,Backup real estate photographer,7fcaa113-8f58-4e4f-8f5f-1348e9a47983
Max Mendez,maxj.08@gmail.com,,email,email,1,2026-09-14,2026-09-14,Cold Outreach,Backup real estate photographer,37881070-0f81-4d6b-8c97-b80fcca4863d
Cindy Shannon  Anderson,cindyanderson1@comcast.net,,email,email,1,2026-09-14,2026-09-14,Cold Outreach,Backup real estate photographer,ee089fe7-0708-4428-8e58-3a930f192787
Ron Patterson,homesmartron@gmail.com,,email,email,1,2026-09-14,2026-09-14,Cold Outreach,Backup real estate photographer,b2f411c7-5f8d-4942-b7cb-e3867c3910f6
John Bishop,johnbishopnw@gmail.com,,email,email,1,2026-09-14,2026-09-14,Cold Outreach,Backup real estate photographer,afa080bc-15fb-4203-a472-b4c763f0fa5f
Jason Bishop,jasonbishopnw@gmail.com,,email,email,1,2026-09-14,2026-09-14,Cold Outreach,Backup real estate photographer,f9d2c06e-e547-4416-854c-a4adda59c908
Andria Neathamer,andrianeathamer@gmail.com,,email,email,1,2026-09-14,2026-09-14,Cold Outreach,Backup real estate photographer,f199f9c5-d828-4025-85e9-21daeb2b439c
Robert Langley,langleyrealestateoregon@gmail.com,,email,email,1,2026-09-14,2026-09-14,Cold Outreach,Backup real estate photographer,eb9ef683-b630-4488-b611-8e463148be4f
Travis Bishop,travisbishopnw@gmail.com,,email,email,1,2026-09-14,2026-09-14,Cold Outreach,Backup real estate photographer,32fe249f-2f99-4894-aa8b-50c1ac735a5f
Jeff Moe,jeffmoehomes@gmail.com,,email,email,1,2026-09-14,2026-09-14,Cold Outreach,Backup real estate photographer,35ae5a8f-f289-493e-b349-d7a2f8aba1f5
Colleen Davies,colleen.davies@ppg-re.com,,email,email,1,2026-09-14,2026-09-14,Cold Outreach,Backup real estate photographer,a060b5f3-1a15-4f19-b384-6e86d4161f0f
Mark & Claire Widmark-Wright,mark@wwhometeam.com,,email,email,1,2026-09-14,2026-09-14,Cold Outreach,Backup real estate photographer,e1aec330-3dd6-4627-b67f-54037ee581e0
Lew Vajtai,lewsellswahomes@gmail.com,,email,email,1,2026-09-14,2026-09-14,Cold Outreach,Backup real estate photographer,294a8a0a-719b-40ee-b5c5-871c58238881
Brooke Anderson,brooke@agentbrooke.com,,email,email,1,2026-09-14,2026-09-14,Cold Outreach,Backup real estate photographer,9c0f142b-4893-4d91-8f97-4bd3720b3986
Neha Dugale,neha.dugale@gmail.com,,email,email,1,2026-09-14,2026-09-14,Cold Outreach,Backup real estate photographer,d53b7568-1943-42fc-8bf4-eea5e9100bcf
Laura Harrington,laura@agentmikel.com,,email,email,1,2026-09-14,2026-09-14,Cold Outreach,Backup real estate photographer,8af30594-4e1f-4183-baac-c2459f689c2d
Shirley Walton,shirley@shirleywalton.com,,email,email,1,2026-09-14,2026-09-14,Cold Outreach,Backup real estate photographer,3f6daf07-ae44-4a65-85b8-a26f94cca897
Todd Stevens,dmdripps@gmail.com,,email,email,1,2026-09-14,2026-09-14,Cold Outreach,Backup real estate photographer,5f50ce5f-8e05-49a1-8a8d-a1e63c8050d1
Joe Kim,joe@joekimre.com,,email,email,1,2026-09-14,2026-09-14,Cold Outreach,Backup real estate photographer,9e3b18b4-1fcc-4a1e-b0ff-f22e33e7b2a7
Eric Macdonald,macdonaldregroup@gmail.com,,email,email,1,2026-09-14,2026-09-14,Cold Outreach,Backup real estate photographer,0adfe044-e7d9-4adf-812e-f27b59bc0a51
Deanna Reijonen,deannarrealtor@gmail.com,,email,email,1,2026-09-14,2026-09-14,Cold Outreach,Backup real estate photographer,03650d01-f5b9-4886-85bc-5a716beb473e
Casey Arnold,homesbycaseylynn@gmail.com,,email,email,1,2026-09-14,2026-09-14,Cold Outreach,Backup real estate photographer,ade63580-f07b-4b9e-b248-92f33bea156b
Laura Peterson,lpeterson1955@gmail.com,,email,email,1,2026-09-14,2026-09-14,Cold Outreach,Backup real estate photographer,11fd1ae1-d046-489c-84ec-6817981c1986
Stephen Lloid,lloidsells@yahoo.com,,email,email,1,2026-09-14,2026-09-14,Cold Outreach,Backup real estate photographer,36bdb5d3-8ee4-4215-8c23-e3c1e09d1def
Beverly Frantz,beverlyfrantz7@gmail.com,,email,email,1,2026-09-14,2026-09-14,Cold Outreach,Backup real estate photographer,bfe5440f-1877-4cc2-ad61-0a58befa6012
Kristin Paulson,kpaulsonrealtor@gmail.com,,email,email,1,2026-09-14,2026-09-14,Cold Outreach,Backup real estate photographer,f5f60d40-39d2-4b63-9aed-c2458031760e
Nick Bradshaw,bradshawteamrealty@gmail.com,,email,email,1,2026-09-14,2026-09-14,Cold Outreach,Backup real estate photographer,b8b2b31e-865e-4946-bddc-69b7b49c5aa7
Claire & Mark Widmark-Wright,claire@wwhometeam.com,,email,email,1,2026-09-14,2026-09-14,Cold Outreach,Backup real estate photographer,0b54e94c-6919-4e19-b0c9-e50db6792af7
Miguel Ochoa,miguel@ochoaestategroup.com,,email,email,1,2026-09-14,2026-09-14,Cold Outreach,Backup real estate photographer,bd2f77a7-3641-4a34-8820-23f58c7e402f
Jodi Rayburn,jodirayburn@comcast.net,,email,email,1,2026-09-14,2026-09-14,Cold Outreach,Backup real estate photographer,aa6e42ee-444b-485e-a32d-35a5f549ec43
Amanda Bennett,amandabennettrealty@gmail.com,,email,email,1,2026-09-14,2026-09-14,Cold Outreach,Backup real estate photographer,c075967f-4ce9-4221-ba24-bd98221ea133
Scott Dickinson,scottyourbroker@gmail.com,,email,email,1,2026-09-14,2026-09-14,Cold Outreach,Backup real estate photographer,4d5dc603-e59a-4bcf-92dc-30ca6c4e2b10
William Hruby,billhruby@gmail.com,,email,email,1,2026-09-14,2026-09-14,Cold Outreach,Backup real estate photographer,0c73b8d1-c588-4261-a6d3-df607df488b0
John Arnold,jonwane86@gmail.com,,email,email,1,2026-09-14,2026-09-14,Cold Outreach,Backup real estate photographer,6f746410-677d-4b6f-95a5-abbe7bdebb9e
Kimberly Gersen,kimgersen@gmail.com,,email,email,1,2026-09-14,2026-09-14,Cold Outreach,Backup real estate photographer,cc977efb-5ad1-4996-be96-396d0d47ba61
Mavis Xin Dudley,mavisdudley223@gmail.com,,email,email,1,2026-09-14,2026-09-14,Cold Outreach,Backup real estate photographer,95dbe510-e6a2-4b9f-b43a-fdc680944f46
Marcus Saxon,marcus@homesinthe360.com,,email,email,1,2026-09-14,2026-09-14,Cold Outreach,Backup real estate photographer,532d2aaa-393e-4c30-9d8a-186dafd495cf
Michael Davis,michael@premierepropertygroup.com,,email,email,1,2026-09-14,2026-09-14,Cold Outreach,Backup real estate photographer,9d86d866-6ba0-4486-b9d1-7049a39d0c2d
Daphne Tappert,pnwdaphne@gmail.com,,email,email,1,2026-09-14,2026-09-14,Cold Outreach,Backup real estate photographer,c2bb5bf5-1a7e-48a3-812c-e7fa6923da37
Sharilynn Taylor,shari@digspdx.com,,email,email,1,2026-09-14,2026-09-14,Cold Outreach,Backup real estate photographer,b3c6f7f8-1e4c-4278-a118-c3db37237f6e
Sunita Thaker,sunita@premierepropertygroup.com,,email,email,1,2026-09-14,2026-09-14,Cold Outreach,Backup real estate photographer,39b18b6b-86b8-4a7c-ada7-6fb14b24cc7e
Steven Nagel,steven.nagel@gmail.com,,email,email,1,2026-09-14,2026-09-14,Cold Outreach,Backup real estate photographer,5303eacf-0e5e-4961-a242-55ffef016da2
Tammy Huguenin,tammyhuguenin.realtor@gmail.com,,email,email,1,2026-09-14,2026-09-14,Cold Outreach,Backup real estate photographer,c897d91b-bd35-46e4-afe8-971c971b0e16
Nikki Peterson,nikki@nikkipeterson.net,,email,email,1,2026-09-14,2026-09-14,Cold Outreach,Backup real estate photographer,26da0939-2195-4570-a3aa-7bbe92ea431b
Jen Nunnerley,jen@jensamahahomes.com,,email,email,1,2026-09-14,2026-09-14,Cold Outreach,Backup real estate photographer,c1f64b20-d8ef-4aaf-a469-cd11eecfe444
Laurie Vizzini,laurie@teammilliganpdx.com,,email,email,1,2026-09-14,2026-09-14,Cold Outreach,Backup real estate photographer,e956d9e8-dddb-4d37-a117-54b234a953b9
Elizabeth Hastings,elizabeth@erealtyexp.com,,email,email,1,2026-09-14,2026-09-14,Cold Outreach,Backup real estate photographer,0fafeb78-a787-4620-b680-636ec31bbc8c
Faith Toney,faith@yourown.team,,email,email,1,2026-09-14,2026-09-14,Cold Outreach,Backup real estate photographer,93220331-2750-4f56-ad33-d1dbd9490564
Christine Kem,ckem.realtor@gmail.com,,email,email,1,2026-09-14,2026-09-14,Cold Outreach,Backup real estate photographer,363ac44d-9ddc-4945-a72b-fa43f43ab446
Heather Banta,heathermbanta@gmail.com,,email,email,1,2026-09-14,2026-09-14,Cold Outreach,Backup real estate photographer,872539eb-cc2d-499f-b95a-7b23c4ab5050
Helen Altair,stellarhomeswithhelen@gmail.com,,email,email,1,2026-09-14,2026-09-14,Cold Outreach,Backup real estate photographer,cb8d08a8-86d7-4ab0-afc6-e869ca211975
Dag Mavrolas,dag@mav-realestate.com,,email,email,1,2026-09-14,2026-09-14,Cold Outreach,Backup real estate photographer,9afd5f53-697d-4a7e-b304-73c0dd3c659a
Don Johnson PC,donjohnsonpc@yahoo.com,,email,email,1,2026-09-14,2026-09-14,Cold Outreach,Backup real estate photographer,cb5427f4-edc9-42b2-9ab4-6b2b4e951c53
Richard McDowell,rick@rickmcdowell.com,,email,email,1,2026-09-14,2026-09-14,Cold Outreach,Backup real estate photographer,3f713f42-c433-4b1e-9a34-bb87addc0618
Patty Savage,pat@patriciasavage.com,,email,email,1,2026-09-14,2026-09-14,Cold Outreach,Backup real estate photographer,441a39cf-3430-450c-9979-bb48b7c5aa03
Sheila Done,sheiladone@yahoo.com,,email,email,1,2026-09-14,2026-09-14,Cold Outreach,Backup real estate photographer,5e0f8636-6247-4394-b48e-66f5ce7fe2c4
Anita Braun,anitabraun.pdx@gmail.com,,email,email,1,2026-09-14,2026-09-14,Cold Outreach,Backup real estate photographer,ddcad68b-6f9f-4b8f-a1f6-f501f811b2d6
Justin Denfeld,justin@oshomebuyers.com,,email,email,1,2026-09-14,2026-09-14,Cold Outreach,Backup real estate photographer,76b60ff5-b0fe-4ced-9dd8-52f53e450b93
Megan Barkman,megan@yourown.team,,email,email,1,2026-09-14,2026-09-14,Cold Outreach,Backup real estate photographer,2e872c51-f14e-465c-a282-eae7e8241cbd
Hue Nguyen,huenguyen59@gmail.com,,email,email,1,2026-09-14,2026-09-14,Cold Outreach,Backup real estate photographer,4813c155-f09a-4234-9a44-7131afcbe10d
Rebecca Servo,beckiservo@gmail.com,,email,email,1,2026-09-14,2026-09-14,Cold Outreach,Backup real estate photographer,f4893e41-b955-46d9-a758-21415b639e92
Jesse Dill & The Property Group,jessedillpdx@gmail.com,,email,email,1,2026-09-14,2026-09-14,Cold Outreach,Backup real estate photographer,8133a075-75c6-400a-8ed3-8ee16d70f8d9
Blair Jones,blairjonesrealtor@gmail.com,,email,email,1,2026-09-14,2026-09-14,Cold Outreach,Backup real estate photographer,bae722a2-6459-4eaa-9b8f-6837a16e2209
Ruby Liu,therubyliu@gmail.com,,email,email,1,2026-09-14,2026-09-14,Cold Outreach,Backup real estate photographer,f969962d-c493-441f-9b54-27129cd5fbcf
Todd Adams,toddadamsrealestate@gmail.com,,email,email,1,2026-09-14,2026-09-14,Cold Outreach,Backup real estate photographer,2471c458-b6f8-4bb7-b182-6ad88bc6219f
Sarah Hesselman,sarah@sarahhesselman.com,,email,email,1,2026-09-14,2026-09-14,Cold Outreach,Backup real estate photographer,50430045-60b4-451d-8118-71628ce9b0e2
Kirk Sherrill,renewalpropertiesllc@gmail.com,,email,email,1,2026-09-14,2026-09-14,Cold Outreach,Backup real estate photographer,e2ae50d4-d0a6-4c3a-8c15-ff88a8afdbc7
Elizabeth Ashenafe,eashenafe@gmail.com,,email,email,1,2026-09-14,2026-09-14,Cold Outreach,Backup real estate photographer,38e40a0d-b9aa-4328-93ec-a003ba11a916
Mary McGrane,marylmcgrane@gmail.com,,email,email,1,2026-09-14,2026-09-14,Cold Outreach,Backup real estate photographer,603c327c-063f-4da6-9d08-d7922ee3338a
Christina Miller,christina@sarahhesselman.com,,email,email,1,2026-09-14,2026-09-14,Cold Outreach,Backup real estate photographer,34350fed-2564-4398-9189-8892b6eab627
Amin Allison,aminallison@gmail.com,,email,email,1,2026-09-14,2026-09-14,Cold Outreach,Backup real estate photographer,18d9b788-fee0-4a77-bb11-231fb42fe21e
Mike Parsiani,mhparsiani@gmail.com,,email,email,1,2026-09-14,2026-09-14,Cold Outreach,Backup real estate photographer,b8b357b2-8437-4fdd-a72b-b785b938d280
"Sarah Boylan, MBA",sarahannasmiles@gmail.com,,email,email,1,2026-09-14,2026-09-14,Cold Outreach,Backup real estate photographer,dba3740d-b18f-4e92-bac3-92d44080758c
Debi Sawyier,debi@propertiesbydebi.com,,email,email,1,2026-09-14,2026-09-14,Cold Outreach,Backup real estate photographer,3f356b7d-f89d-4e5a-84c1-f8948bb1c1a3
Jane Tesdal,janetesdalpdx@gmail.com,,email,email,1,2026-09-14,2026-09-14,Cold Outreach,Backup real estate photographer,7e36a459-518b-4f47-9b84-812bcd00a27f
Todd and Danell Stevens,toddanddanell@gmail.com,,email,email,1,2026-09-14,2026-09-14,Cold Outreach,Backup real estate photographer,11e23877-89c0-43ad-a12f-f4ecdeb015d0
Phyllis Podolske,phyllis.repro@gmail.com,,email,email,1,2026-09-14,2026-09-14,Cold Outreach,Backup real estate photographer,a17e2fcf-4094-4400-8561-f10e8a64e4c2
Lisa Bradburn,lisa@yourown.team,,email,email,1,2026-09-14,2026-09-14,Cold Outreach,Backup real estate photographer,fcfa916c-cc6e-4321-aed1-47e2677b00ec
Ashley Flukinger,ashleyflukinger@gmail.com,,email,email,1,2026-09-14,2026-09-14,Cold Outreach,Backup real estate photographer,951accc9-a2a1-45ea-af83-c8b719f36e9d
Nkemka Abia-Okon,nkemkaholdingsre@gmail.com,,email,email,1,2026-09-14,2026-09-14,Cold Outreach,Backup real estate photographer,d673158c-ac5a-4870-8757-d675e2a15360
Cris Unger,cris@yourown.team,,email,email,1,2026-09-14,2026-09-14,Cold Outreach,Backup real estate photographer,7a7bff94-2573-4ff7-ba34-4f3525efedc4
Vianey Conway,vianey@casapdxrealty.net,,email,email,1,2026-09-14,2026-09-14,Cold Outreach,Backup real estate photographer,387c0784-0d87-4bcd-9591-6613c1b89843
Emilio Fontana,emilio@thefontanateam.com,,email,email,1,2026-09-14,2026-09-14,Cold Outreach,Backup real estate photographer,f056db50-64c2-4756-b301-22202f32b6d8
Janet Chan,janet@janetchanrealestate.com,,email,email,1,2026-09-14,2026-09-14,Cold Outreach,Backup real estate photographer,02145dca-cf0b-44e5-ae01-15f18ec41b44
Maria Chen,maria.chen.re@gmail.com,,email,email,1,2026-09-14,2026-09-14,Cold Outreach,Backup real estate photographer,144dd41f-9ad7-4c91-98d4-ab98f992a3ff
Andrea Fishback,andrea@fishbackhomes.com,,email,email,1,2026-09-14,2026-09-14,Cold Outreach,Backup real estate photographer,a8db837f-5f4d-4599-854b-cce518ee6896
Tanya Holmes,tanyaholmesrealtor@gmail.com,,email,email,1,2026-09-14,2026-09-14,Cold Outreach,Backup real estate photographer,44368baa-c58b-4417-b6cd-0fabc410003c
Tony Nguyen,tonynguyen012@gmail.com,,email,email,1,2026-09-14,2026-09-14,Cold Outreach,Backup real estate photographer,2d328de3-2d02-45ec-be7d-694ccc5f4b76
Lawrence Burkett,larry@burkettre.com,,email,email,1,2026-09-14,2026-09-14,Cold Outreach,Backup real estate photographer,0f102339-ae04-467d-a272-a9ad1da7cae5
Abril Cruz Luna,lunahomesrealty@gmail.com,,email,email,1,2026-09-14,2026-09-14,Cold Outreach,Backup real estate photographer,6d87bcd6-6b62-40a3-a9f3-ebf797eae5ac
Vickie Brooks,vickiebrooks@comcast.net,,email,email,1,2026-09-14,2026-09-14,Cold Outreach,Backup real estate photographer,49fc4a30-8766-4afa-a6bd-c46caa96039c
Teresa Adams,teresa@premierepropertygroup.com,,email,email,1,2026-09-14,2026-09-14,Cold Outreach,Backup real estate photographer,d84769f5-8547-460a-9ada-fd0fcdcd52f3
Kristi Israel,kristiisrael@gmail.com,,email,email,1,2026-09-14,2026-09-14,Cold Outreach,Backup real estate photographer,2c088a07-3200-4e97-8237-1a513154806d
Suzi Farrow,suzi.farrow26@gmail.com,,email,email,1,2026-09-14,2026-09-14,Cold Outreach,Backup real estate photographer,87c9980b-a0e4-4d46-a621-8eaa12d029b6
Naz Parsiani,nparsiani@gmail.com,,email,email,1,2026-09-14,2026-09-14,Cold Outreach,Backup real estate photographer,1c35c38b-7316-4209-9181-b0a6dfb1c810
Katy Malby,katytblodgett@gmail.com,,email,email,1,2026-09-14,2026-09-14,Cold Outreach,Backup real estate photographer,bbcb7821-9313-45d9-8064-da22f48f9191
Tanner Kollar,tannerkollar26@gmail.com,,email,email,1,2026-09-14,2026-09-14,Cold Outreach,Backup real estate photographer,181e856e-a31b-43d0-a83f-af1e059ff1fb
James McDowell,jimmy@rickmcdowell.com,,email,email,1,2026-09-14,2026-09-14,Cold Outreach,Backup real estate photographer,67cb6d2d-141d-480e-bb33-92fa9422ad6a
Rick Brainard,rick@thelaueteam.com,,email,email,1,2026-09-14,2026-09-14,Cold Outreach,Backup real estate photographer,af9f3f6e-579c-4ec2-a13b-8c7ff99c7acb
Danielle Easterly,danielle@thelaueteam.com,,email,email,1,2026-09-14,2026-09-14,Cold Outreach,Backup real estate photographer,e63a73e0-3e7b-4162-b5c8-b530a881e63b
Darren Piper,darren@thelaueteam.com,,email,email,1,2026-09-14,2026-09-14,Cold Outreach,Backup real estate photographer,563b7635-1b15-4f92-a71c-995f75d40c00
Julie Case,ppg.juliecase@gmail.com,,email,email,1,2026-09-14,2026-09-14,Cold Outreach,Backup real estate photographer,6a41a193-8d45-41d9-a140-0cdc99c3286c
Nicole Kelly,nicole@nicolekellynw.com,,email,email,1,2026-09-14,2026-09-14,Cold Outreach,Backup real estate photographer,29a47f52-bea1-4611-9081-fe35c8f2844e
Dusty Binkerd,dusty@redhillshometeam.com,,email,email,1,2026-09-14,2026-09-14,Cold Outreach,Backup real estate photographer,d6132e49-6cf1-4337-ac88-11e8bde43d8b
Matt Tackett,matt@oregonvineyardproperty.com,,email,email,1,2026-09-14,2026-09-14,Cold Outreach,Backup real estate photographer,f405e189-6948-4ea5-8fa2-686eb79b2e8f
Andrew Lavier,andrew@lavierhometeam.com,,email,email,1,2026-09-14,2026-09-14,Cold Outreach,Backup real estate photographer,6a4c4082-d122-4995-8ad3-c8323cef8471
Kristina Herold,kristina@premierepropertygroup.com,,email,email,1,2026-09-14,2026-09-14,Cold Outreach,Backup real estate photographer,eb21b2b9-057c-41e8-bcae-f8a2e4dc7a74
Linsey Macy,linsey@linseymacy.com,,email,email,1,2026-09-14,2026-09-14,Cold Outreach,Backup real estate photographer,e95c5f96-52b6-4202-b36c-762d24a9ae39
Ashley Jech,ashley@teamirishre.com,,email,email,1,2026-09-14,2026-09-14,Cold Outreach,Backup real estate photographer,cd72f6f5-a493-42e2-82a9-38389eb62a47
Maria Di Lorenzo Smith,mdilorenzosmith@gmail.com,,email,email,1,2026-09-14,2026-09-14,Cold Outreach,Backup real estate photographer,29229ba8-b399-4e90-937a-2c6c78112762
Team Irish Real Estate,pam@teamirishre.com,,email,email,1,2026-09-14,2026-09-14,Cold Outreach,Backup real estate photographer,de3ac573-6b31-465b-a1a0-1f4b506b6fc6
Heidi Thomason (Roy),heidi@redhillshometeam.com,,email,email,1,2026-09-14,2026-09-14,Cold Outreach,Backup real estate photographer,3ca84afa-fce5-4db2-b851-22e17a385545
Kristi Masterson,kristi@dkmasterson.com,,email,email,1,2026-09-14,2026-09-14,Cold Outreach,Backup real estate photographer,e2aa09da-549b-463f-a1b8-63258ecc4737
Dan Masterson,dan@dkmasterson.com,,email,email,1,2026-09-14,2026-09-14,Cold Outreach,Backup real estate photographer,eaf0a6d9-1a1d-4fd2-8dc8-0c6b52937809
"""Maggie"" Magdalena  Jacobson",maggie@windermere.com,541-476-2000,email,email,1,2026-09-15,2026-09-15,Cold Outreach,Backup real estate photographer,af8fc9b9-2bf9-42a1-99f2-b037de319225
Aaron Bloom,aaronbloom@windermere.com,541-735-1829,email,email,1,2026-09-15,2026-09-15,Cold Outreach,Backup real estate photographer,6fd5a51f-d851-4173-9253-ee62ea146b3b
Aaron Cross,theaaroncross@windermere.com,503-703-0335,email,email,1,2026-09-15,2026-09-15,Cold Outreach,Backup real estate photographer,0475a6d0-8c88-41e5-b253-9f062d23206c
Aaron Polter,aaronpolter@windermere.com,541-503-9947,email,email,1,2026-09-15,2026-09-15,Cold Outreach,Backup real estate photographer,49831d80-5591-4a6e-8ee3-ac1849e0b805
Adam  Johnson,adamjohnson@windermere.com,503-713-8956,email,email,1,2026-09-15,2026-09-15,Cold Outreach,Backup real estate photographer,070f55c0-8408-41e3-92e5-c945b11675bf
Addison Elliot,addison@windermere.com,503-961-2386,email,email,1,2026-09-15,2026-09-15,Cold Outreach,Backup real estate photographer,ac0b7539-c605-452b-9ee4-c19932b5e624
Admin Services,adminservices@windermere.com,503-294-1101,email,email,1,2026-09-15,2026-09-15,Cold Outreach,Backup real estate photographer,720bc72b-7803-4dd9-b8ee-569d68975e0c
Adrian Broadhurst,adrianbroadhurst@windermere.com,503-710-7705,email,email,1,2026-09-15,2026-09-15,Cold Outreach,Backup real estate photographer,501373a6-9c37-49ed-a8b6-35608d610316
Ahna Austin,ahna.austin@windermere.com,503-858-0749,email,email,1,2026-09-15,2026-09-15,Cold Outreach,Backup real estate photographer,dc5c0e9e-6eef-4d78-b1b1-70403c35ec31
Aimee Baxter,aimeebaxter@windermere.com,503-580-6620,email,email,1,2026-09-15,2026-09-15,Cold Outreach,Backup real estate photographer,a41753a4-5de0-469d-a5ac-fb19f2622d38
Aimee Virnig,aimee@aimeevirnig.com,503-803-7678,email,email,1,2026-09-15,2026-09-15,Cold Outreach,Backup real estate photographer,04bd4c88-2f39-4dc5-9069-9bfeae808ad4
Aladdin Marashly,am97232@yahoo.com,503-781-2098,email,email,1,2026-09-15,2026-09-15,Cold Outreach,Backup real estate photographer,dac16dd3-3482-43a7-9b97-526a1490bd0e
Alaina Cozby,alaina@windermere.com,971-244-3800,email,email,1,2026-09-15,2026-09-15,Cold Outreach,Backup real estate photographer,1f93d719-ee6c-4116-a75f-1ddde57b009a
Alan Adams Jr.,aj@windermere.com,541-944-9718,email,email,1,2026-09-15,2026-09-15,Cold Outreach,Backup real estate photographer,07c3c1b4-eff3-41ca-83b7-70d6eef9ead4
Alan Adams Sr.,alan@lionheartre.net,541-890-3781,email,email,1,2026-09-15,2026-09-15,Cold Outreach,Backup real estate photographer,bd2ccffd-1433-4a0e-ab43-a4a9b14e2941
Alec Armour,alec@windermere.com,541-465-8149,email,email,1,2026-09-15,2026-09-15,Cold Outreach,Backup real estate photographer,239704cb-9e10-4332-8def-d8ebcd6a6f1b
Alex Chadney,alexchadney@windermere.com,541-399-6896,email,email,1,2026-09-15,2026-09-15,Cold Outreach,Backup real estate photographer,11030885-892d-4e65-987f-2e9d4e80e6e7
Alex Cole Juer,acj@windermere.com,503-956-1659,email,email,1,2026-09-15,2026-09-15,Cold Outreach,Backup real estate photographer,52bec452-2a5b-4526-a35d-a8f6ccfc2aad
Alex Grimaldi,alexg@windermere.com,971-533-5209,email,email,1,2026-09-15,2026-09-15,Cold Outreach,Backup real estate photographer,3234b1df-f9f7-4991-a611-2daaffc0af89
Alex Lumbreras,alexlumbreras@windermere.com,541-885-4400,email,email,1,2026-09-15,2026-09-15,Cold Outreach,Backup real estate photographer,b4f5fdf1-9bea-4f43-abc0-c4ab5dac2a37
Alex Sand,asand@windermere.com,,email,email,1,2026-09-15,2026-09-15,Cold Outreach,Backup real estate photographer,e2ccaaae-966b-4572-8457-249b5d16eb0c
Alexa Miller,alexamiller@windermere.com,503-756-6888,email,email,1,2026-09-15,2026-09-15,Cold Outreach,Backup real estate photographer,544cdcca-a0fb-4fa8-898f-f0042d27eb51
Alexander Annand,alexander.j.annand@gmail.com,503-572-1012,email,email,1,2026-09-15,2026-09-15,Cold Outreach,Backup real estate photographer,76f1d213-6d8e-4419-bb59-cfb7b18bb2d8
Alexandria Dillon,alexandriadillon@windermere.com,971-599-8649,email,email,1,2026-09-15,2026-09-15,Cold Outreach,Backup real estate photographer,85420d9d-0ef2-4eee-8cea-08ca30d65428
Alexis Halmy,ahalmy@windermere.com,503-819-3439,email,email,1,2026-09-15,2026-09-15,Cold Outreach,Backup real estate photographer,bb25838b-112e-453a-85bc-811d5e7ec3b1
Alexis King,alexisking@windermere.com,503-964-2928,email,email,1,2026-09-15,2026-09-15,Cold Outreach,Backup real estate photographer,c2bc088b-30c8-4330-9cff-5e37221e4c25
Ali Gier (Morrison),ali@windermere.com,503-689-3652,email,email,1,2026-09-15,2026-09-15,Cold Outreach,Backup real estate photographer,85e13072-c486-430a-baca-a97b8d3b3c64
Alia  Mahuna-Cantu,aliam@windermere.com,503-680-3770,email,email,1,2026-09-15,2026-09-15,Cold Outreach,Backup real estate photographer,96e8c741-0276-43cb-a2a0-6ba9d614c83b
Alice Deutsch,alice@windermere.com,541-208-2928,email,email,1,2026-09-15,2026-09-15,Cold Outreach,Backup real estate photographer,4e125f76-9e61-4609-ba6c-44060e2e5383
Alice Holmes,aliceholmes@windermere.com,541-556-4731,email,email,1,2026-09-15,2026-09-15,Cold Outreach,Backup real estate photographer,2d66eef4-3e18-4c97-8f1f-ef3e1131e32a
Alicia Edeline,aliciaedeline@windermere.com,530-575-2519,email,email,1,2026-09-15,2026-09-15,Cold Outreach,Backup real estate photographer,75b3e2b2-acd4-449f-8b7c-b8a4f052c063
Alisha Nightingale,alisha.nightingale@windermere.com,253-985-5400,email,email,1,2026-09-15,2026-09-15,Cold Outreach,Backup real estate photographer,e69e64e4-bf8e-4e74-bbc8-fe8e64a97131
Alison Mildrexler,askalison@windermere.com,541-905-1534,email,email,1,2026-09-15,2026-09-15,Cold Outreach,Backup real estate photographer,4b79e44e-c59f-43c7-a858-344a87cce691
Allie Seifert,allieseifert@windermere.com,503-569-3178,email,email,1,2026-09-15,2026-09-15,Cold Outreach,Backup real estate photographer,1e7b6e3f-c280-4bbe-9e3e-37974e9e7b8a
Allison  Boehm,allison@allisonboehm.com,503-930-8522,email,email,1,2026-09-15,2026-09-15,Cold Outreach,Backup real estate photographer,f5c538f2-0155-4327-abb4-58022025de44
Allison Johnson,allison.johnson@windermere.com,503-704-0038,email,email,1,2026-09-15,2026-09-15,Cold Outreach,Backup real estate photographer,aa395872-cb60-472c-bc2c-dee1545b5729
Allison Meyer,allisonmeyer@windermere.com,503-419-7940,email,email,1,2026-09-15,2026-09-15,Cold Outreach,Backup real estate photographer,3c7397af-5b66-4888-990f-a63d53d5d71c
Allison Thompson,allisonthompson@windermere.com,503-220-1144,email,email,1,2026-09-15,2026-09-15,Cold Outreach,Backup real estate photographer,7a59e652-63f6-4c12-9ae3-ce9f820f1d29
Allison York,ayork@windermere.com,541-331-0060,email,email,1,2026-09-15,2026-09-15,Cold Outreach,Backup real estate photographer,4201b517-e580-4171-ac82-040f6719b882
Alysha Condit,alyshacondit@windermere.com,503-558-4400,email,email,1,2026-09-15,2026-09-15,Cold Outreach,Backup real estate photographer,33f5d2a1-42b0-4398-a3ad-49f650e7a5ab
Amanda Bishop,1agentamanda@gmail.com,503-515-1052,email,email,1,2026-09-15,2026-09-15,Cold Outreach,Backup real estate photographer,4884340c-c8e7-4457-b865-9ad99caa16cc
Amanda Colwell,amandacolwell@windermere.com,503-752-6906,email,email,1,2026-09-15,2026-09-15,Cold Outreach,Backup real estate photographer,9c51d295-a5b2-4293-8ec0-7f9b95e5432a
Amanda Olson,amandacavolt@windermere.com,541-778-0129,email,email,1,2026-09-15,2026-09-15,Cold Outreach,Backup real estate photographer,df2e6065-a396-4cdb-b28f-58a1b2edb376
Amanda Richardson,arichardson@windermere.com,541-878-2249,email,email,1,2026-09-15,2026-09-15,Cold Outreach,Backup real estate photographer,46eaf0c0-a1f9-484a-bba5-66d101dd384c
Amelie Marian,amelie@ameliehomes.com,360-907-9513,email,email,1,2026-09-15,2026-09-15,Cold Outreach,Backup real estate photographer,76b27c64-1ff2-4688-a1fb-f882b193b38b
Amy  Adler,amyadler@windermere.com,503-422-8495,email,email,1,2026-09-15,2026-09-15,Cold Outreach,Backup real estate photographer,55c047b2-b03a-43a1-8d56-8c459c080fde
Amy Brown,amybrown@windermere.com,541-815-4515,email,email,1,2026-09-15,2026-09-15,Cold Outreach,Backup real estate photographer,05148bce-7d44-46e3-9543-3d2af5c95f62
Amy Costello,acostello@windermere.com,503-504-6746,email,email,1,2026-09-15,2026-09-15,Cold Outreach,Backup real estate photographer,bcb4158c-f470-46a5-91a5-3f2045f23768
Amy McMahon,amcmahon@windermere.com,503-309-3164,email,email,1,2026-09-15,2026-09-15,Cold Outreach,Backup real estate photographer,d2d871fe-4498-4f56-9943-1be837ad4c50
Amy Nakayama,amynakayama@windermere.com,503-349-4555,email,email,1,2026-09-15,2026-09-15,Cold Outreach,Backup real estate photographer,7a2ce0ed-b28d-4a29-be42-4dd7fd4147de
Amy Radonich,amyradonich@windermere.com,503-481-1160,email,email,1,2026-09-15,2026-09-15,Cold Outreach,Backup real estate photographer,e9d6a8e8-f767-4a70-9134-62d7b56d1374
Amy Raimundo Seaholt,amyseaholt@windermere.com,503-936-8705,email,email,1,2026-09-15,2026-09-15,Cold Outreach,Backup real estate photographer,d0788ca2-4d3d-452d-aa98-6777af327482
Amy Rice,amyrice@windermere.com,503-333-5519,email,email,1,2026-09-15,2026-09-15,Cold Outreach,Backup real estate photographer,76a0b8cd-a0b4-45b4-a255-2becae011baf
Amy Romberg,aromberg@windermere.com,503-756-7089,email,email,1,2026-09-15,2026-09-15,Cold Outreach,Backup real estate photographer,df17b67a-cfd3-431d-89db-8b68e4b1201c
Andie Quinn,andierquinn@gmail.com,541-220-7767,email,email,1,2026-09-15,2026-09-15,Cold Outreach,Backup real estate photographer,8f4fb35b-32bb-4225-a61b-56bb6737f201
Andrea MacMurchy,andrea@windermere.com,503-702-5854,email,email,1,2026-09-15,2026-09-15,Cold Outreach,Backup real estate photographer,783ae5de-ae89-4228-b590-f04c8a74d0ad
Andrea Menashe,amenashe@windermere.com,503-998-9352,email,email,1,2026-09-15,2026-09-15,Cold Outreach,Backup real estate photographer,8dee472c-ccce-4bb2-97cb-8667fde4495c
Andrea Pienovi Baffaro,abaffaro@windermere.com,503-314-0658,email,email,1,2026-09-15,2026-09-15,Cold Outreach,Backup real estate photographer,d5362afe-dd83-4107-a102-017af727f283
Andrea Wood,andreawood@windermere.com,541-380-0307,email,email,1,2026-09-15,2026-09-15,Cold Outreach,Backup real estate photographer,41536f82-cf69-4e86-8f44-d1e35c26b3e2
Andrea Young,andreay@windermere.com,503-502-4579,email,email,1,2026-09-15,2026-09-15,Cold Outreach,Backup real estate photographer,2384f873-50c5-4b9e-94fa-76f7907461a1
Andrew Myhre,andrewmyhre@windermere.com,541-241-0183,email,email,1,2026-09-15,2026-09-15,Cold Outreach,Backup real estate photographer,85dc1280-06b3-432b-8ac1-e0aafee90e53
Angel Drinkwine,angeldrinkwine@windermere.com,503-926-1417,email,email,1,2026-09-15,2026-09-15,Cold Outreach,Backup real estate photographer,95689d8a-6466-47b4-aeb6-9181b8cd82fa
Angela Boothroyd,aboothroyd@windermere.com,541-410-2572,email,email,1,2026-09-15,2026-09-15,Cold Outreach,Backup real estate photographer,066bba21-8459-4598-b21a-19b7a9747a39
Angela Cherbas,angela@windermere.com,541-914-8803,email,email,1,2026-09-15,2026-09-15,Cold Outreach,Backup real estate photographer,40f1bb98-707a-4c65-b6d7-20d32a5d5753
Angela Holmes,aholmee@gmail.com,541-621-5203,email,email,1,2026-09-15,2026-09-15,Cold Outreach,Backup real estate photographer,d4f54788-f623-43f0-9a46-37b3b47c6387
Angela Middel,angelamiddel@windermere.com,541-399-7788,email,email,1,2026-09-15,2026-09-15,Cold Outreach,Backup real estate photographer,9bc1f1bc-6f59-4279-b0db-c4671e7e873f
Angelina Marino-Heidel,angelinamarino@windermere.com,503-381-8614,email,email,1,2026-09-15,2026-09-15,Cold Outreach,Backup real estate photographer,516ed18a-dbb7-49d6-9bd9-0e4264076327
Angie Greenwood,angieg@windermere.com,541-386-3444,email,email,1,2026-09-15,2026-09-15,Cold Outreach,Backup real estate photographer,a5fe9111-83c1-4be2-9c77-e15fb8886838
Ann Thompson,annthompson@windermere.com,503-314-5886,email,email,1,2026-09-15,2026-09-15,Cold Outreach,Backup real estate photographer,6c118bfe-4f51-405b-84eb-f328f61e8b7d
Annabel Zaremba,annabelzaremba@windermere.com,559-385-0721,email,email,1,2026-09-15,2026-09-15,Cold Outreach,Backup real estate photographer,aab52b39-cdbb-41fb-81ff-a9b2539b05ac
Anne Borus,anneborus@windermere.com,734-604-3898,email,email,1,2026-09-15,2026-09-15,Cold Outreach,Backup real estate photographer,efdde5f1-b230-488e-9807-72d60b0c2b78
Anne Yoo,anneyoo@windermere.com,503-423-7938,email,email,1,2026-09-15,2026-09-15,Cold Outreach,Backup real estate photographer,6c8e7b9b-5c27-4567-82f9-27009b607390
Annette Westmoreland,awestmoreland@windermere.com,971-235-7093,email,email,1,2026-09-15,2026-09-15,Cold Outreach,Backup real estate photographer,00c0f15e-9936-4d3b-91b0-e46c6fc83b48
Annie Leonard,aleonard@windermere.com,503-758-5799,email,email,1,2026-09-15,2026-09-15,Cold Outreach,Backup real estate photographer,428d7e6a-8bab-40ce-a832-628dd8f7161f
April Keesey,april@aprilkeeseyhomes.com,503-718-4086,email,email,1,2026-09-15,2026-09-15,Cold Outreach,Backup real estate photographer,3e6644e6-d81c-49bc-93ed-e34743e3f552
Ariel Ramira,arielramira@windermere.com,715-808-8189,email,email,1,2026-09-15,2026-09-15,Cold Outreach,Backup real estate photographer,7065be41-5deb-4fd3-98e4-9592b8b0dc8d
Arleen Cox,arleencox@windermere.com,541-760-0494,email,email,1,2026-09-15,2026-09-15,Cold Outreach,Backup real estate photographer,87681df5-b24c-485e-956b-37818ca7137d
Arnett Norris,arnett@arnettnorris.com,503-319-5684,email,email,1,2026-09-15,2026-09-15,Cold Outreach,Backup real estate photographer,77fb2e4c-4ba4-4d30-8d9b-0bbc0c36078f
Ashleigh Fordham,ashleighfordham@windermere.com,503-930-5512,email,email,1,2026-09-15,2026-09-15,Cold Outreach,Backup real estate photographer,61a81512-129a-49f4-b4a2-d46c8c0fb9e5
Ashleigh Perrin,aperrin@windermere.com,503-347-6587,email,email,1,2026-09-15,2026-09-15,Cold Outreach,Backup real estate photographer,28ca1706-f9bc-46d7-b7f9-e7a2eeae6073
Ashley Contreras,ashley@pnwbrokerhomes.com,503-559-5776,email,email,1,2026-09-15,2026-09-15,Cold Outreach,Backup real estate photographer,3ef0e89c-73e0-4a1f-99b9-180f8c08eac4
Ashley Fite,broker.fite@gmail.com,541-261-7469,email,email,1,2026-09-15,2026-09-15,Cold Outreach,Backup real estate photographer,6271d434-56a3-40e9-8597-9f2b1517e42a
Ashley Jorgenson,ashleyj@windermere.com,541-513-7611,email,email,1,2026-09-15,2026-09-15,Cold Outreach,Backup real estate photographer,41714a98-ff64-4517-993d-da70a9438571
Ashley LaForge,alaforge@windermere.com,503-341-6114,email,email,1,2026-09-15,2026-09-15,Cold Outreach,Backup real estate photographer,6440ba69-36b6-431b-933c-6e471568204d
Ashley Weakley,ashleydw@windermere.com,541-326-2267,email,email,1,2026-09-15,2026-09-15,Cold Outreach,Backup real estate photographer,0ef0d954-ee45-429f-819c-dc069217d497
Ashli Keyser,ashli@windermere.com,541-914-9115,email,email,1,2026-09-15,2026-09-15,Cold Outreach,Backup real estate photographer,d91b30a7-b3bb-4b1c-9876-12fec07af6c5
Ashten Neilson,ashtenneilson@windermere.com,541-223-8759,email,email,1,2026-09-15,2026-09-15,Cold Outreach,Backup real estate photographer,55771533-5336-4de7-8a42-5f2ee76b90b8
Aubry Kaigler,aubrykaigler@windermere.com,503-708-5956,email,email,1,2026-09-15,2026-09-15,Cold Outreach,Backup real estate photographer,4d2bde9a-a099-499f-850d-346cf106ad05
Audrey Banks,audreybanks@windermere.com,541-600-9908,email,email,1,2026-09-15,2026-09-15,Cold Outreach,Backup real estate photographer,c8dbd4cc-b594-4749-acc7-3240794394ea
Bambi Bianchi,discoveroregonhomes@gmail.com,541-787-1124,email,email,1,2026-09-15,2026-09-15,Cold Outreach,Backup real estate photographer,77c9c833-a80d-42ba-a393-17cbb0f55f41
Barb Barnard,barb@windermere.com,541-554-8233,email,email,1,2026-09-15,2026-09-15,Cold Outreach,Backup real estate photographer,151e48e0-bcde-4911-b17d-f92e5fd0549c
Barbara Barany,barbarabarany@windermere.com,541-771-1739,email,email,1,2026-09-15,2026-09-15,Cold Outreach,Backup real estate photographer,917088cc-6b7b-4476-a287-bec874dfb3be
Barbara Cogan  Neidig,barbaran@windermere.com,503-515-4222,email,email,1,2026-09-15,2026-09-15,Cold Outreach,Backup real estate photographer,774bcc93-2815-46d3-bef4-6c47e47cbd8c
Barbara Myers,barb@barbmyers.com,541-480-7183,email,email,1,2026-09-15,2026-09-15,Cold Outreach,Backup real estate photographer,809b24b8-b6c7-452b-ab73-bee7b1514a06
Becca Russell,becca@windermere.com,503-705-9206,email,email,1,2026-09-15,2026-09-15,Cold Outreach,Backup real estate photographer,a98bc3c7-510b-4d45-8303-416a22555e35
Ben Morton,benmorton@windermere.com,503-233-7777,email,email,1,2026-09-15,2026-09-15,Cold Outreach,Backup real estate photographer,772c36ee-089d-4e32-9f40-6282d44d661d
Bene Foley,bfoley@windermere.com,971-704-4850,email,email,1,2026-09-15,2026-09-15,Cold Outreach,Backup real estate photographer,f2a2fe91-6b22-4c06-8642-7a7745e1e403
Benjamin Rice,brice@windermere.com,503-730-3033,email,email,1,2026-09-15,2026-09-15,Cold Outreach,Backup real estate photographer,a21d03b9-9340-4d21-8d3a-e92202fd9b1d
Beth Bonita,hello@bethbonita.com,503-320-6813,email,email,1,2026-09-15,2026-09-15,Cold Outreach,Backup real estate photographer,987e79cf-f8d0-45cd-960c-d87d4cba6b7d
Beth Jacobsen,beth@bethjacobsen.com,503-550-8565,email,email,1,2026-09-15,2026-09-15,Cold Outreach,Backup real estate photographer,da5edecd-b1b7-4254-96d9-9e46a324ec91
Beth Kellan,bethkellan@windermere.com,503-740-4485,email,email,1,2026-09-15,2026-09-15,Cold Outreach,Backup real estate photographer,4b82d286-7011-405b-ac04-eb2b07f54106
Betsy Menefee,betsymenefee@windermere.com,503-260-5866,email,email,1,2026-09-15,2026-09-15,Cold Outreach,Backup real estate photographer,95fe82e8-70b7-4609-862e-a4a0764abd74
Bevan York,byork@windermere.com,541-892-1042,email,email,1,2026-09-15,2026-09-15,Cold Outreach,Backup real estate photographer,1cc7d855-c28d-4b7d-a8b5-419442769f6e
Bill Futrell,bfutrell@windermere.com,503-750-8662,email,email,1,2026-09-15,2026-09-15,Cold Outreach,Backup real estate photographer,5cad4dcc-0482-48bc-ad1b-9c5b429fa42e
Bill Kammerer,kammerer@windermere.com,541-410-1200,email,email,1,2026-09-15,2026-09-15,Cold Outreach,Backup real estate photographer,21bdd896-8281-4f21-8176-4c14b806bb14
Billy Grippo,bgrippo@windermere.com,503-997-3239,email,email,1,2026-09-15,2026-09-15,Cold Outreach,Backup real estate photographer,3b6711db-1492-41c4-b8c5-ed9fb8de369e
Blake Ellis,blake@ellisnw.com,503-473-5097,email,email,1,2026-09-15,2026-09-15,Cold Outreach,Backup real estate photographer,3646bcdd-44ac-4cbf-b7a3-0133e6965049
Blanca Flores,blancaflores@windermere.com,541-340-0818,email,email,1,2026-09-15,2026-09-15,Cold Outreach,Backup real estate photographer,87e116a1-a821-4826-8ec0-e8c286ee19bf
Bob Foglio,foglior@yahoo.com,503-522-4184,email,email,1,2026-09-15,2026-09-15,Cold Outreach,Backup real estate photographer,390e044f-ffd7-4577-985a-21f437d5ba18
Bob Methvin,bmethvin@windermere.com,541-944-4002,email,email,1,2026-09-15,2026-09-15,Cold Outreach,Backup real estate photographer,c931e203-7f43-41e8-9927-88d7210ff28a
Bonnie Staley,bstaley@windermere.com,541-410-2827,email,email,1,2026-09-15,2026-09-15,Cold Outreach,Backup real estate photographer,71f96694-3394-4d15-8b6d-d8fc590643f3
Brad Thurman,bradthurman@windermere.com,503-508-1024,email,email,1,2026-09-15,2026-09-15,Cold Outreach,Backup real estate photographer,fc5f9bc3-8e1c-4b96-9705-d0627c350978
Brad Young,badbradyoung@aol.com,503-860-4544,email,email,1,2026-09-15,2026-09-15,Cold Outreach,Backup real estate photographer,9363f46b-7d15-4451-ae81-3777ee03855f
Brandie Foster,brandiefoster@windermere.com,541-410-0626,email,email,1,2026-09-15,2026-09-15,Cold Outreach,Backup real estate photographer,f85cb471-a4e4-4b1a-b10f-6538f757202c
Brandon Jackson,brandonjackson@windermere.com,541-292-1552,email,email,1,2026-09-15,2026-09-15,Cold Outreach,Backup real estate photographer,efd9cbc8-a79a-49d3-b222-2e8d3887d19f
Brandy Ragan,youragentbrandy@gmail.com,541-646-4068,email,email,1,2026-09-15,2026-09-15,Cold Outreach,Backup real estate photographer,17eefff1-6fe8-436f-b882-7461df0b5904
Breda Kennedy,bredakennedy@windermere.com,971-409-8999,email,email,1,2026-09-15,2026-09-15,Cold Outreach,Backup real estate photographer,da4b70e9-1595-4c22-9050-4b67fd079042
Brekke Davis,brekke@windermere.com,541-610-5135,email,email,1,2026-09-15,2026-09-15,Cold Outreach,Backup real estate photographer,32687c21-149d-477a-87c4-67db73b49a80
Brenda Johnson,brendajohnson@windermere.com,541-280-1535,email,email,1,2026-09-15,2026-09-15,Cold Outreach,Backup real estate photographer,f6114d79-6dfc-44e1-89f2-208a531a96a6
Brian Bostick,bbostick@windermere.com,503-998-8040,email,email,1,2026-09-15,2026-09-15,Cold Outreach,Backup real estate photographer,2f716a89-d52a-4f07-a81d-fb54dea3b1ea
Brian Butler PC,brian@bbutler.com,503-730-4442,email,email,1,2026-09-15,2026-09-15,Cold Outreach,Backup real estate photographer,3e487bec-3dfd-4293-a31e-84f484a3919b
Brian Cannon,brianc@windermere.com,541-515-4771,email,email,1,2026-09-15,2026-09-15,Cold Outreach,Backup real estate photographer,a1bb312d-3c64-4263-ab86-93f554a01f0e
Brian Carlson,bcarlson@windermere.com,503-686-4396,email,email,1,2026-09-15,2026-09-15,Cold Outreach,Backup real estate photographer,c7c4273f-0d22-408f-8f86-f5e098d72812
Brian Goddard,bgoddard@windermere.com,503-307-7454,email,email,1,2026-09-15,2026-09-15,Cold Outreach,Backup real estate photographer,e2f6c196-03c0-4c37-ae4d-8ad5c9c87448
Brian Johnson,brian@bcjohnsonhomes.com,503-957-5587,email,email,1,2026-09-15,2026-09-15,Cold Outreach,Backup real estate photographer,a0aa4bec-264b-4ed6-bf82-3ce9bfc9c9bb
Brian Lauterbach,blauterbach@windermere.com,503-858-5010,email,email,1,2026-09-15,2026-09-15,Cold Outreach,Backup real estate photographer,67d80797-d179-40ab-a40c-4a2eadeb0a8e
Brian Talent,btalent@windermere.com,503-577-2494,email,email,1,2026-09-15,2026-09-15,Cold Outreach,Backup real estate photographer,09a4eeff-355e-4ee8-899e-ded0d9f9b534
Briona Teitgen,briona.teitgen@windermere.com,503-616-6452,email,email,1,2026-09-15,2026-09-15,Cold Outreach,Backup real estate photographer,f5d6e631-57e9-4fa1-b89c-519f899524f0
Britt Bragg,brittbragg@windermere.com,503-302-8166,email,email,1,2026-09-15,2026-09-15,Cold Outreach,Backup real estate photographer,306a7fb6-0dc2-42c3-a3a6-29bde8f49031
Brooke Kessler,bkessler@windermere.com,503-403-9553,email,email,1,2026-09-15,2026-09-15,Cold Outreach,Backup real estate photographer,312c4cca-fabd-43cb-a160-45fea99bfc4e
Bry Taylor-Campos,bry@windermere.com,503-779-5664,email,email,1,2026-09-15,2026-09-15,Cold Outreach,Backup real estate photographer,0a846eaf-c361-4b19-9157-bc3ef5919324
Caitlin Bowman,caitlin@windermere.com,503-341-2255,email,email,1,2026-09-15,2026-09-15,Cold Outreach,Backup real estate photographer,75b7302a-36bf-4d20-9efa-ec05642ba752
Caitlin Ducsik,caitlind@windermere.com,970-209-9055,email,email,1,2026-09-15,2026-09-15,Cold Outreach,Backup real estate photographer,71490b84-5201-4639-be7e-849d5ca18418
Cameron Perkins,camperkins@windermere.com,503-497-2900,email,email,1,2026-09-15,2026-09-15,Cold Outreach,Backup real estate photographer,84cc62a5-e192-41eb-9bcf-7f135e0c0174
Cannon Beach Office,canbeach@windermere.com,503-436-1027,email,email,1,2026-09-15,2026-09-15,Cold Outreach,Backup real estate photographer,656044d4-97db-4f4d-965e-e87d99791144
Cappi  Taylor,cappitaylor@windermere.com,503-689-4232,email,email,1,2026-09-15,2026-09-15,Cold Outreach,Backup real estate photographer,a678a671-ebed-4fc2-b5a5-78764fe92e9a
Carey Blem,careyblem@windermere.com,503-320-9316,email,email,1,2026-09-15,2026-09-15,Cold Outreach,Backup real estate photographer,12f4f8a1-c489-484a-b0f0-9013b217f54a
Carey Magnussen,careym@windermere.com,503-592-7885,email,email,1,2026-09-15,2026-09-15,Cold Outreach,Backup real estate photographer,9a7bc008-4fac-45f4-9d39-2084bbd1c520
Cari Hirahara,carih@windermere.com,503-608-8371,email,email,1,2026-09-15,2026-09-15,Cold Outreach,Backup real estate photographer,d480fa90-2034-44ff-9452-f63decfd5ff3
Carl Blakeslee,carl@ryanandblakeslee.com,503-799-4795,email,email,1,2026-09-15,2026-09-15,Cold Outreach,Backup real estate photographer,5e8b5431-e965-4676-9d45-837cb32aeecf
Carla Duarte,carladuarte@windermere.com,415-233-2360,email,email,1,2026-09-15,2026-09-15,Cold Outreach,Backup real estate photographer,c5785e14-f011-4d38-904d-c592627322dd
Carla Jehan,carlajehan@yahoo.com,503-330-8416,email,email,1,2026-09-15,2026-09-15,Cold Outreach,Backup real estate photographer,642ae2a6-0e26-44e1-9848-1f8bb730e189
Carly Rainey,carlychandler@windermere.com,,email,email,1,2026-09-15,2026-09-15,Cold Outreach,Backup real estate photographer,06a25296-07c2-46d3-9cf7-5a1942c9d3af
Carmel Siler,carmel@windermere.com,503-810-6822,email,email,1,2026-09-15,2026-09-15,Cold Outreach,Backup real estate photographer,daf4fa12-feaa-4694-9757-4de43c1f0275
Carmen Mendoza,carmenmendoza@windermere.com,541-571-0341,email,email,1,2026-09-15,2026-09-15,Cold Outreach,Backup real estate photographer,737cda6c-3a9e-4564-aeba-1d1db100af69
Carol Armstrong,c.armstrong@windermere.com,541-419-8758,email,email,1,2026-09-15,2026-09-15,Cold Outreach,Backup real estate photographer,0214e2be-dca0-4468-9206-fb5d456a5c35
Carol Hushman,carol@dennisoncapengroup.com,503-522-8507,email,email,1,2026-09-15,2026-09-15,Cold Outreach,Backup real estate photographer,394e22d4-c66e-4dc5-b763-1c1898361e10
Carolyn Bradley,carolynbradley@windermere.com,541-200-0567,email,email,1,2026-09-15,2026-09-15,Cold Outreach,Backup real estate photographer,bc8adb59-e6d7-4be7-b8f4-cd55b60a378b
Carrie  Morton,carriem@windermere.com,503-358-2482,email,email,1,2026-09-15,2026-09-15,Cold Outreach,Backup real estate photographer,369abbd6-e425-457a-bb6e-475041ec6f7e
Carrie Gross,carrie@portlandcityproperties.com,503-928-2434,email,email,1,2026-09-15,2026-09-15,Cold Outreach,Backup real estate photographer,ca974e1e-a867-4ce3-9727-13afb2771106
Carrie Guthrie,accounts@wpmcg.com,541-993-3210,email,email,1,2026-09-15,2026-09-15,Cold Outreach,Backup real estate photographer,7ba0837d-b146-47ff-a748-1078ed7624e2
Cary Perkins,caryperk@windermere.com,503-720-4455,email,email,1,2026-09-15,2026-09-15,Cold Outreach,Backup real estate photographer,04616176-e4ce-492d-88c9-7b5bd802289f
Cassandra Davison,cassandrad@windermere.com,503-545-5380,email,email,1,2026-09-15,2026-09-15,Cold Outreach,Backup real estate photographer,4a08466d-7b84-4d83-ac81-768e47b6281f
Catherine Hatfield,chatfield@windermere.com,541-261-1797,email,email,1,2026-09-15,2026-09-15,Cold Outreach,Backup real estate photographer,e5beeb4a-17b5-4902-a481-c70d46f81775
"Cathleen Woodruff, P. C.",cwoodruff@windermere.com,503-830-8270,email,email,1,2026-09-15,2026-09-15,Cold Outreach,Backup real estate photographer,8dcfcfc7-695e-49de-8692-4a49e2d70bf0
CeCe Kelly,coastalbrokerlady@gmail.com,541-272-0008,email,email,1,2026-09-15,2026-09-15,Cold Outreach,Backup real estate photographer,94d1309c-03c2-44ed-8c27-013c11c22ea9
Celina Kilburger,ckilburger@windermere.com,,email,email,1,2026-09-15,2026-09-15,Cold Outreach,Backup real estate photographer,3442f12b-0409-4752-81f8-7a41d03474a0
Chad  Wright,chadwright@windermere.com,971-297-0002,email,email,1,2026-09-15,2026-09-15,Cold Outreach,Backup real estate photographer,7647818f-44f9-4fe3-b7c0-d60a3970dced
Chad Childers,chadchilders@windermere.com,541-450-0154,email,email,1,2026-09-15,2026-09-15,Cold Outreach,Backup real estate photographer,66baab53-38c7-4ef0-9003-c953946abf5b
Chantae Charlton,chacharealestate@yahoo.com,541-941-4793,email,email,1,2026-09-15,2026-09-15,Cold Outreach,Backup real estate photographer,7bc30d19-1a6a-47c9-8cf9-7edf1ee784d1
Charles Bridges,davidandchuck@gmail.com,541-531-5315,email,email,1,2026-09-15,2026-09-15,Cold Outreach,Backup real estate photographer,db51549a-b0a8-402a-ad68-f689a1642039
Charlie Foote,charliefoote@windermere.com,541-965-2049,email,email,1,2026-09-15,2026-09-15,Cold Outreach,Backup real estate photographer,519b6691-ac10-4350-be91-030c5b0d4508
Chelle Wasmundt,chellewaz@windermere.com,503-738-8522,email,email,1,2026-09-15,2026-09-15,Cold Outreach,Backup real estate photographer,3d3b48b8-3d57-42b6-b0a1-417fd1e6d082
Chelsea Barnes,chelseabarnes@windermere.com,435-901-0012,email,email,1,2026-09-15,2026-09-15,Cold Outreach,Backup real estate photographer,862e9621-b779-4c6f-b9bf-ea71a127c40d
Chelsea Urban,chelseaurbanhomes@gmail.com,858-208-7008,email,email,1,2026-09-15,2026-09-15,Cold Outreach,Backup real estate photographer,9d86e485-61d3-4f7f-bebe-282eec061093
Chelsea Zupan,czupan@windermere.com,541-613-4397,email,email,1,2026-09-15,2026-09-15,Cold Outreach,Backup real estate photographer,1a2c6d2e-139e-427a-85cd-d7bfd907bad0
Cherish Batts,cherishbatts@windermere.com,541-226-1406,email,email,1,2026-09-15,2026-09-15,Cold Outreach,Backup real estate photographer,ba66ac07-85b9-4caa-9208-0fcc14a33463
Cheryl Faria,cherylfaria@windermere.com,541-292-2900,email,email,1,2026-09-15,2026-09-15,Cold Outreach,Backup real estate photographer,c5056f67-016c-4c31-a50f-5ec4b5739f12
CheyAnne Boen,cheyanne@windermere.com,541-646-8867,email,email,1,2026-09-15,2026-09-15,Cold Outreach,Backup real estate photographer,fdae4fd4-7f48-4c17-a3f1-dd0c0ffb11ec
Cheyenne Giles,cheyenneg@windermere.com,541-842-0898,email,email,1,2026-09-15,2026-09-15,Cold Outreach,Backup real estate photographer,39fe7c85-d786-4475-94ca-b4e9c8f30c79
Chris & Debbie Aldrich,debbiealdrich@windermere.com,971-218-2163,email,email,1,2026-09-15,2026-09-15,Cold Outreach,Backup real estate photographer,9c3ead60-21dc-4257-8540-3692fa670a77
Chris Aldrich,chrisaldrich@windermere.com,503-999-3049,email,email,1,2026-09-15,2026-09-15,Cold Outreach,Backup real estate photographer,dab8e0f0-de16-47dd-a4f0-9b5bb9b3d02b
Chris Barman,cbarman@windermere.com,503-686-1952,email,email,1,2026-09-15,2026-09-15,Cold Outreach,Backup real estate photographer,cc27cbdf-7bb8-4287-8d23-24bc8e2c9c58
Chris Chabot,chrischabot@windermere.com,503-779-9871,email,email,1,2026-09-15,2026-09-15,Cold Outreach,Backup real estate photographer,0aaa0fed-f53c-44ae-bdfd-f581ae489de2
Chris Mackey,mackey@windermere.com,541-525-2559,email,email,1,2026-09-15,2026-09-15,Cold Outreach,Backup real estate photographer,9dd26213-fce3-4765-a3c9-38af605b791e
Chris Quinn,quinn329@windermere.com,541-228-4767,email,email,1,2026-09-15,2026-09-15,Cold Outreach,Backup real estate photographer,cbe53338-bc96-47a5-9306-f6ee5332f225
Chris Stewart,chrisngerry@windermere.com,503-779-4844,email,email,1,2026-09-15,2026-09-15,Cold Outreach,Backup real estate photographer,2f6bdd16-5be1-4c2f-bdf1-02d73c780bb9
Chris Veach,cveach@windermere.com,541-841-2854,email,email,1,2026-09-15,2026-09-15,Cold Outreach,Backup real estate photographer,5838ea54-ad57-4b45-923f-8cd26cedb258
Chris Watkins,cwatkins@windermere.com,541-270-6774,email,email,1,2026-09-15,2026-09-15,Cold Outreach,Backup real estate photographer,8b5ce406-725b-48e4-a44e-bc48bf993474
Christi Kraus,ckraus@windermere.com,503-784-7900,email,email,1,2026-09-15,2026-09-15,Cold Outreach,Backup real estate photographer,fc6e6ed5-3c42-49a0-bbc3-717df398dca7
Christie Jespersen,christiejespersen@windermere.com,541-419-3343,email,email,1,2026-09-15,2026-09-15,Cold Outreach,Backup real estate photographer,42b25797-0153-497a-9ff4-0b57597db84c
Christina Griffith,christinagriffith@windermere.com,503-781-8690,email,email,1,2026-09-15,2026-09-15,Cold Outreach,Backup real estate photographer,87a8589d-da79-41c6-acb6-a2abb1794daf
Christina Hanson,christinah@windermere.com,503-913-7581,email,email,1,2026-09-15,2026-09-15,Cold Outreach,Backup real estate photographer,728257a5-449e-4df9-92ec-617159ad0f0b
Christina Hubbard,ashlandoffice@windermere.com,541-482-3786,email,email,1,2026-09-15,2026-09-15,Cold Outreach,Backup real estate photographer,e5a242ce-d567-4324-9dc0-1bf44b14660d
Christopher Barnes,cbarnes@windermere.com,360-431-0030,email,email,1,2026-09-15,2026-09-15,Cold Outreach,Backup real estate photographer,90c6ac00-b250-4729-8cc9-11f9310e495a
Christopher Summers,christophersummers@windermere.com,707-888-7894,email,email,1,2026-09-15,2026-09-15,Cold Outreach,Backup real estate photographer,bc680b64-ca7b-4577-813e-c377103542a0
Christy Doty,christydoty@windermere.com,,email,email,1,2026-09-15,2026-09-15,Cold Outreach,Backup real estate photographer,fa986d13-a960-482f-8c30-ee1a78584213
Christy MacColl,christy@portlandcityproperties.com,503-984-1723,email,email,1,2026-09-15,2026-09-15,Cold Outreach,Backup real estate photographer,a8f5411a-b756-46cb-a6f1-efbbfc78e348
Christyn Wagenblast,cwagenblast@windermere.com,541-419-2504,email,email,1,2026-09-15,2026-09-15,Cold Outreach,Backup real estate photographer,7d962924-0053-4f72-a551-c6f06ee5f760
Cindy Banzer,cbanzer@eastpdxproperties.com,503-709-7277,email,email,1,2026-09-15,2026-09-15,Cold Outreach,Backup real estate photographer,dd8c96f5-c79c-41ca-8b0b-dfd97d82ae63
Cindy Colman,homes@realtorcindyc.com,541-218-4343,email,email,1,2026-09-15,2026-09-15,Cold Outreach,Backup real estate photographer,06cd3938-d575-4505-8ba1-418545315a70
Clark Negen,cnegen@windermere.com,503-412-1603,email,email,1,2026-09-15,2026-09-15,Cold Outreach,Backup real estate photographer,83c0e6df-1aff-4b9c-9f89-ae6828f4f944
Claudette Marcott,claudettemarcott@windermere.com,,email,email,1,2026-09-15,2026-09-15,Cold Outreach,Backup real estate photographer,fca237c2-a2e4-4a33-b377-74ceab89f2e1
Claudette Moore,claudettemoore99@gmail.com,541-941-4881,email,email,1,2026-09-15,2026-09-15,Cold Outreach,Backup real estate photographer,54b91e36-27c2-4a50-b1b3-a314be6569c7
Clayton Johnson,claytonjohnson@windermere.com,541-306-9798,email,email,1,2026-09-15,2026-09-15,Cold Outreach,Backup real estate photographer,d08b0a05-9aba-4498-a07e-0ed5540c2a6f
Connie Thomasian,conniethomasian@gmail.com,541-288-7288,email,email,1,2026-09-15,2026-09-15,Cold Outreach,Backup real estate photographer,3df48c24-e483-4613-a141-36ee3cb88f3c
Courtney Kline,courtneykline@windermere.com,541-821-2302,email,email,1,2026-09-15,2026-09-15,Cold Outreach,Backup real estate photographer,0b7fbf2a-829c-47f4-83a9-ea7bfc2b47bb
Courtney LeBoeuf,courtney@courtneyleboeuf.com,503-962-0440,email,email,1,2026-09-15,2026-09-15,Cold Outreach,Backup real estate photographer,50c738b9-4aeb-47ba-8052-5b1279295d59
Courtney Proden,courtney@courtneyproden.com,541-729-6826,email,email,1,2026-09-15,2026-09-15,Cold Outreach,Backup real estate photographer,12dc3cb2-aee0-4f0f-8e6e-ea08564b58ac
Craig Gilbert,cgilbert@windermere.com,503-313-8282,email,email,1,2026-09-15,2026-09-15,Cold Outreach,Backup real estate photographer,11255161-e0a9-46d2-8423-fa895396667f
Craig Weston,cweston@windermere.com,503-738-2838,email,email,1,2026-09-15,2026-09-15,Cold Outreach,Backup real estate photographer,31c44e0f-8a41-4eb0-ba8e-2ee2c950bc42
Cruz Shank,cruz@windermere.com,541-990-0990,email,email,1,2026-09-15,2026-09-15,Cold Outreach,Backup real estate photographer,a94001bf-8375-4217-8b7e-564bbc4f2fb9
Crystal Troy,crystaltroy@windermere.com,541-601-8904,email,email,1,2026-09-15,2026-09-15,Cold Outreach,Backup real estate photographer,29e4be47-6d69-49ac-a645-4542941c9dac
Cynthia  O'Reilly,cynthiaoreilly@windermere.com,971-409-8942,email,email,1,2026-09-15,2026-09-15,Cold Outreach,Backup real estate photographer,d3a5dfe0-9eab-48e8-9c31-42ac0a8bcfe3
Cynthia Norris,cnorris@windermere.com,503-497-5114,email,email,1,2026-09-15,2026-09-15,Cold Outreach,Backup real estate photographer,6e0add52-85a4-41c5-9f51-3d92dca56783
Dale Verger,dverger@windermere.com,541-944-6707,email,email,1,2026-09-15,2026-09-15,Cold Outreach,Backup real estate photographer,09b1f612-c7c3-4223-a06f-2f6d55374054
Dan  Powell,dan@mahaffygroup.com,503-309-2957,email,email,1,2026-09-15,2026-09-15,Cold Outreach,Backup real estate photographer,8beb5630-6b67-4727-b9f3-f62668813c7b
Dan Volkmer,dan@danvolkmer.com,503-781-3366,email,email,1,2026-09-15,2026-09-15,Cold Outreach,Backup real estate photographer,a68afb75-635c-47df-9c51-59138e20d199
Dana McKillop,danamckillop@windermere.com,503-348-1808,email,email,1,2026-09-15,2026-09-15,Cold Outreach,Backup real estate photographer,5b2406f2-c6f9-41e6-9c0a-141ef8b5675a
Dana Weston,dweston@windermere.com,503-738-2839,email,email,1,2026-09-15,2026-09-15,Cold Outreach,Backup real estate photographer,875b0e6f-fab6-4312-be86-3eead7a4186c
Daniel  Tomuta,dantomuta@windermere.com,503-309-7820,email,email,1,2026-09-15,2026-09-15,Cold Outreach,Backup real estate photographer,4545fcda-b025-44ba-bd95-5783d22a5bef
Daniel Fagan,danfagan@windermere.com,503-502-7037,email,email,1,2026-09-15,2026-09-15,Cold Outreach,Backup real estate photographer,8aac11a1-0969-46d4-b2c5-90b7911676cc
Daniel Trinidad Guzman,danieltrinidad@windermere.com,541-212-4565,email,email,1,2026-09-15,2026-09-15,Cold Outreach,Backup real estate photographer,5ec40218-f73b-4505-a41c-52557ffeaa25
Danielle Cutler,daniellecutler@windermere.com,541-961-3868,email,email,1,2026-09-15,2026-09-15,Cold Outreach,Backup real estate photographer,22d5f82d-7bc2-4f20-8ba6-317c090cfe07
Daphne Cooluris,daphne@windermere.com,503-705-9463,email,email,1,2026-09-15,2026-09-15,Cold Outreach,Backup real estate photographer,77816e9e-dff5-44e9-aa02-40efec1a1931
Daren Roberts,daren@windermere.com,541-206-8809,email,email,1,2026-09-15,2026-09-15,Cold Outreach,Backup real estate photographer,5b1d1de6-3da6-4814-b1d0-7332be8fe92f
David Baslaw,davidbaslaw@windermere.com,541-868-4777,email,email,1,2026-09-15,2026-09-15,Cold Outreach,Backup real estate photographer,a30d0153-ab81-491e-b651-9f6c7a417eba
David Bradley,dbradley@windermere.com,503-508-9111,email,email,1,2026-09-15,2026-09-15,Cold Outreach,Backup real estate photographer,3a325e2e-650a-4aeb-b8a9-51d6d3710c5a
David Case,davidcase@windermere.com,541-944-9330,email,email,1,2026-09-15,2026-09-15,Cold Outreach,Backup real estate photographer,279eda39-8867-4dc4-8f81-9ca355a84b99
David Kurtz,davidk@windermere.com,541-840-7067,email,email,1,2026-09-15,2026-09-15,Cold Outreach,Backup real estate photographer,3915a485-e169-47d8-84e6-ddf297f0c1b8
David O. Smith,davidsm@windermere.com,503-930-0764,email,email,1,2026-09-15,2026-09-15,Cold Outreach,Backup real estate photographer,46d93441-1e3d-40fb-befd-03c2ea0aea80
David Wrightson,dwrightson@windermere.com,503-399-0089,email,email,1,2026-09-15,2026-09-15,Cold Outreach,Backup real estate photographer,8abe4ef0-e435-4a25-897e-45fb6b71c535
Deanna Gwyn,deannagwyn@windermere.com,503-507-4815,email,email,1,2026-09-15,2026-09-15,Cold Outreach,Backup real estate photographer,e14c30ad-6f6b-4051-970d-e7c2d896e362
"Deanna Wilson, LLC",dwilson@deannawilson.com,503-701-6629,email,email,1,2026-09-15,2026-09-15,Cold Outreach,Backup real estate photographer,ae28ed9b-f3b2-4f65-8c1a-d5489a89e8c6
Deb & Dez Real Properties,debndez@windermere.com,503-572-4663,email,email,1,2026-09-15,2026-09-15,Cold Outreach,Backup real estate photographer,1d7311f3-7348-4ee7-9fd5-8a020146670b
Debbie Hershey,debbiehershey@msn.com,541-420-5170,email,email,1,2026-09-15,2026-09-15,Cold Outreach,Backup real estate photographer,23a6a1a5-367b-404b-bef2-9d7b2278bcc7
Debbie Tollefson,debbietollefson@windermere.com,541-973-9184,email,email,1,2026-09-15,2026-09-15,Cold Outreach,Backup real estate photographer,de43ee9d-d490-4048-9cdb-2314d6891851
Deborah Allen,dallen1815@gmail.com,907-903-1536,email,email,1,2026-09-15,2026-09-15,Cold Outreach,Backup real estate photographer,0a0948fa-6dd8-4380-8efb-abe9ccea62a3
Deborah Huffman,debhuffman@windermere.com,503-730-6230,email,email,1,2026-09-15,2026-09-15,Cold Outreach,Backup real estate photographer,8434067d-b052-4849-9c8a-3fee847238c7
Deborah Martin,martind@windermere.com,503-314-2124,email,email,1,2026-09-15,2026-09-15,Cold Outreach,Backup real estate photographer,e97c7448-50e7-41b2-a379-0be3196b8eff
Debra  Neal,dneal@windermere.com,,email,email,1,2026-09-15,2026-09-15,Cold Outreach,Backup real estate photographer,ff0fe95a-7256-4e42-9a8d-0c267a1985f1
Dee Baker,deebaker@windermere.com,541-977-7756,email,email,1,2026-09-15,2026-09-15,Cold Outreach,Backup real estate photographer,10e68dee-4dd8-42aa-9fcb-9d307e208ddf
Deena Kraft,deena@canby.com,503-970-8889,email,email,1,2026-09-15,2026-09-15,Cold Outreach,Backup real estate photographer,f01092e5-ca79-4328-9f11-c1b5f0939502
Delanie Strauss,dstrauss@windermere.com,971-470-9344,email,email,1,2026-09-15,2026-09-15,Cold Outreach,Backup real estate photographer,bbadb5ba-9e5e-4c27-a9fa-7e9f233990bd
Dennis Courtright,dcourtright@windermere.com,971-719-9902,email,email,1,2026-09-15,2026-09-15,Cold Outreach,Backup real estate photographer,6ba316d1-bd3a-4a47-9e6a-66c419450d26
Dennis Gellhouse,dennisre@windermere.com,971-282-1788,email,email,1,2026-09-15,2026-09-15,Cold Outreach,Backup real estate photographer,d518b59c-d76a-4e11-8c0f-6bedb8775af2
Dennis Kelly,dkelly@windermere.com,503-310-1113,email,email,1,2026-09-15,2026-09-15,Cold Outreach,Backup real estate photographer,236be500-dbd7-4e94-ad4f-b0ec8d91bb32
Dennis Laird,dlaird@windermere.com,503-317-7972,email,email,1,2026-09-15,2026-09-15,Cold Outreach,Backup real estate photographer,d7a0f767-64ba-40cd-89eb-baecb92b2bc7
Desiree D Clifton,dclifton@windermere.com,541-999-5223,email,email,1,2026-09-15,2026-09-15,Cold Outreach,Backup real estate photographer,22acdbd0-3bca-450d-a451-cd33d8f483f8
Desiree Moore,desireemoore@windermere.com,503-791-5337,email,email,1,2026-09-15,2026-09-15,Cold Outreach,Backup real estate photographer,e91618d7-1dc3-41a0-bab2-191ca687e147
Devin Zupan,dzupan@windermere.com,541-930-0557,email,email,1,2026-09-15,2026-09-15,Cold Outreach,Backup real estate photographer,67582881-51fe-4861-8979-465d46eaa929
Devoted Collective Properties,devoted@windermere.com,971-361-6557,email,email,1,2026-09-15,2026-09-15,Cold Outreach,Backup real estate photographer,6bf434f0-8e67-4b0e-b32a-0f8c915f3455
Devri Doty,devridoty30@gmail.com,503-435-7165,email,email,1,2026-09-15,2026-09-15,Cold Outreach,Backup real estate photographer,b7840579-01e1-44d3-899d-a7d2d64753df
Diana Barker,askdianabarker@gmail.com,541-480-7777,email,email,1,2026-09-15,2026-09-15,Cold Outreach,Backup real estate photographer,585ae7f7-9983-4945-b704-8eb92d6e2235
Diane Adams,dianeadams@windermere.com,541-941-0110,email,email,1,2026-09-15,2026-09-15,Cold Outreach,Backup real estate photographer,0c550de1-1dff-4283-92b8-f471bd409961
Diane B. Gulley,dianegulley@windermere.com,541-923-4663,email,email,1,2026-09-15,2026-09-15,Cold Outreach,Backup real estate photographer,116f72fd-eee4-4820-aa4c-3e58d8b02ea2
Diane Barnes,dianeb@windermere.com,503-580-6643,email,email,1,2026-09-15,2026-09-15,Cold Outreach,Backup real estate photographer,3ed55cd0-c48b-4c42-951b-582a6ccd436e
Diane Sorensen,dsorensen@windermere.com,503-849-9428,email,email,1,2026-09-15,2026-09-15,Cold Outreach,Backup real estate photographer,c51285fd-a4d4-495a-982f-6e16ea3e9dd6
Dominic Doty,domdoty@windermere.com,503-435-9070,email,email,1,2026-09-15,2026-09-15,Cold Outreach,Backup real estate photographer,ff4b4319-2fc6-46af-99b3-6fe902a26bbf
Don Brandos,donbrandos@windermere.com,541-604-4764,email,email,1,2026-09-15,2026-09-15,Cold Outreach,Backup real estate photographer,96da07bb-c026-447e-97dd-ab99ee999b7a
Douglas Meyer,douglasmeyer@windermere.com,503-314-9210,email,email,1,2026-09-15,2026-09-15,Cold Outreach,Backup real estate photographer,6c2be5e2-2c6f-48ee-abf5-2c92ebbad1aa
Drew McCulloch,drewm@windermere.com,503-888-6181,email,email,1,2026-09-15,2026-09-15,Cold Outreach,Backup real estate photographer,f6cf7260-4e72-4399-ab6f-7988c1aefdd7
Dustin Hewitt,dustinhewitt@windermere.com,541-419-3331,email,email,1,2026-09-15,2026-09-15,Cold Outreach,Backup real estate photographer,50845b3b-4d84-42ea-838e-f300893f8065
Dylan Hawkins,dylanhawkins@windermere.com,509-424-8785,email,email,1,2026-09-15,2026-09-15,Cold Outreach,Backup real estate photographer,65edeccf-8a09-4309-aaa2-cfcc9a070d0a
Dylan McNerney,dylanm@windermere.com,503-454-6822,email,email,1,2026-09-15,2026-09-15,Cold Outreach,Backup real estate photographer,1cc14fa3-6217-4a7f-98ef-feb716b8c008
Ed St Clair,edjr@thestclairs.com,541-514-3601,email,email,1,2026-09-15,2026-09-15,Cold Outreach,Backup real estate photographer,1b49a03a-3a2e-46e5-93cd-361b9c3d4614
Ed & Katie St Clair,katiestclair@windermere.com,541-513-1906,email,email,1,2026-09-15,2026-09-15,Cold Outreach,Backup real estate photographer,f7bbcbc9-8808-4fc2-951e-0e490693a1b7
Ed Ayres,edayres@windermere.com,802-238-9586,email,email,1,2026-09-15,2026-09-15,Cold Outreach,Backup real estate photographer,31370cd0-ab14-43f3-a512-e90b733bdd12
Eddy Leon,eddyleon@windermere.com,541-930-2566,email,email,1,2026-09-15,2026-09-15,Cold Outreach,Backup real estate photographer,c392747f-dce7-489f-a3dd-33b1e75b1351
Elise Gonzalez,elisegonzalez@windermere.com,503-891-3100,email,email,1,2026-09-15,2026-09-15,Cold Outreach,Backup real estate photographer,f00d9e23-3ae3-4b06-a0b6-78ab7bd7ed1d
Elisha Biando,ebiando@windermere.com,503-440-8473,email,email,1,2026-09-15,2026-09-15,Cold Outreach,Backup real estate photographer,0f09b7c6-b065-4142-be5c-24373aeda0b4
Elizabeth Ellegood,elizabethe@windermere.com,971-279-3370,email,email,1,2026-09-15,2026-09-15,Cold Outreach,Backup real estate photographer,94933a7a-6380-4e9e-b57d-20085541a856
Elizabeth James,elizabethjames@windermere.com,503-488-9125,email,email,1,2026-09-15,2026-09-15,Cold Outreach,Backup real estate photographer,b8e87989-9a19-4315-8fbd-eed31e59d23f
Ellen Holan,ellen@windermere.com,541-390-2077,email,email,1,2026-09-15,2026-09-15,Cold Outreach,Backup real estate photographer,bb0222ad-5d18-4572-934f-750e49b283d5
Elliott Wood,ewood@windermere.com,541-914-7580,email,email,1,2026-09-15,2026-09-15,Cold Outreach,Backup real estate photographer,83bb7fa7-759b-4349-8c8e-55639ce505eb
Emily Bartolme,emilyb@windermere.com,503-997-0579,email,email,1,2026-09-15,2026-09-15,Cold Outreach,Backup real estate photographer,faf3b20a-9048-4e71-9d79-f6f26ece4b4f
Emily Doughty,edoughty@windermere.com,503-297-1033,email,email,1,2026-09-15,2026-09-15,Cold Outreach,Backup real estate photographer,0af68d3d-63ed-444e-b732-b863b6863cfa
Emily Kuchta,emmawatson@windermere.com,503-956-6584,email,email,1,2026-09-15,2026-09-15,Cold Outreach,Backup real estate photographer,e57da134-3a3d-4e60-b82f-8e46aad7b87c
Emily Van Sickle,emilyvansickle@windermere.com,541-779-6520,email,email,1,2026-09-15,2026-09-15,Cold Outreach,Backup real estate photographer,78ec204b-5bb6-417d-9659-ff2b4d76a6df
Emma Utti,emmautti@windermere.com,503-717-3210,email,email,1,2026-09-15,2026-09-15,Cold Outreach,Backup real estate photographer,f1ca872e-75af-448c-813d-5b5e1ff3f0df
Eric Saunders,ericsaunders@windermere.com,,email,email,1,2026-09-15,2026-09-15,Cold Outreach,Backup real estate photographer,7138ba2d-4015-4d50-9e25-5bf152f6578c
Eric Winslow,ericwinslow@windermere.com,541-643-7835,email,email,1,2026-09-15,2026-09-15,Cold Outreach,Backup real estate photographer,d3e4a64c-00a5-4960-b8b0-3e8ccb4afbe4
Erica  Vitko,ericavitko@windermere.com,503-314-7858,email,email,1,2026-09-15,2026-09-15,Cold Outreach,Backup real estate photographer,de9ac4da-af3f-4260-8f3b-0d3326d06c0c
Erin  Livengood,erin@erinlivengood.com,503-913-0706,email,email,1,2026-09-15,2026-09-15,Cold Outreach,Backup real estate photographer,4456e2ea-074b-4a11-a9a9-d941f83e67f8
Erin Bergstrom,erinb@windermere.com,503-407-9464,email,email,1,2026-09-15,2026-09-15,Cold Outreach,Backup real estate photographer,e7c02755-cf98-48dc-bf55-09267379c446
Erin Ralston,erin@erinralston.com,541-357-0853,email,email,1,2026-09-15,2026-09-15,Cold Outreach,Backup real estate photographer,a19680ea-8042-4ef8-8bc9-ff4daabd1608
Erin Rothrock,erin@erinrothrock.com,503-784-3810,email,email,1,2026-09-15,2026-09-15,Cold Outreach,Backup real estate photographer,57d53fbd-e349-4272-bf2c-0be51c1e7adc
Erin Vining,erinvining@windermere.com,503-806-2238,email,email,1,2026-09-15,2026-09-15,Cold Outreach,Backup real estate photographer,6f564c83-d7fa-4f26-bed7-740d527a08ff
Ethan Cowley,ethancowley@windermere.com,503-750-4316,email,email,1,2026-09-15,2026-09-15,Cold Outreach,Backup real estate photographer,64bd674c-9538-4758-9ab0-ab04086be271
Ethan Jaurequi,ethanj@windermere.com,951-239-6628,email,email,1,2026-09-15,2026-09-15,Cold Outreach,Backup real estate photographer,ef3b2b47-053c-4a5f-b021-4942ee8394d1
Frankie   Rutigliano,frankier@windermere.com,541-326-7974,email,email,1,2026-09-15,2026-09-15,Cold Outreach,Backup real estate photographer,4580bc2c-9fe9-42e2-b37f-51ebeaca0fc1
Fritz Benz,fritzbenz@windermere.com,,email,email,1,2026-09-15,2026-09-15,Cold Outreach,Backup real estate photographer,afe6e504-bcbf-4cb0-b0b1-8666f858d4f6
Gabe Still,gstill@windermere.com,,email,email,1,2026-09-15,2026-09-15,Cold Outreach,Backup real estate photographer,24f933b1-10d8-4f4b-8c16-40675ab2add1
Gael Hofemeier,gael@windermere.com,505-550-1357,email,email,1,2026-09-15,2026-09-15,Cold Outreach,Backup real estate photographer,e5934e6f-137c-45f1-8c1f-e2f366c243fd
Gail Moebius,gailmoebius@windermere.com,503-329-5594,email,email,1,2026-09-15,2026-09-15,Cold Outreach,Backup real estate photographer,3ac95b9a-383e-47fb-824e-cda4d429876e
Gary Branson,garybranson@windermere.com,541-729-3450,email,email,1,2026-09-15,2026-09-15,Cold Outreach,Backup real estate photographer,ff0ea009-37fe-4e9b-8539-6102656f3471
Gary Griggs,griggsg@windermere.com,503-793-0783,email,email,1,2026-09-15,2026-09-15,Cold Outreach,Backup real estate photographer,2bec163a-fa9b-4b4a-94c3-42556d476b7d
Gary Haven,ghaven@windermere.com,503-505-4747,email,email,1,2026-09-15,2026-09-15,Cold Outreach,Backup real estate photographer,2f7a9fe9-ef06-4d66-adb7-4d0275f94b2b
Gary Stamps,garyexcels@gmail.com,541-621-3059,email,email,1,2026-09-15,2026-09-15,Cold Outreach,Backup real estate photographer,22ca81e5-13e6-4559-83a6-323438308709
Gary Trent,garytrent@windermere.com,541-420-0728,email,email,1,2026-09-15,2026-09-15,Cold Outreach,Backup real estate photographer,0b695070-42a6-4c32-8b5d-97479b904402
Gavin McMahon,gavinmcmahon@windermere.com,503-382-7190,email,email,1,2026-09-15,2026-09-15,Cold Outreach,Backup real estate photographer,9eb43431-e5ff-41d3-8953-246f8a16b317
Gearhart  Office,gearhart@windermere.com,,email,email,1,2026-09-15,2026-09-15,Cold Outreach,Backup real estate photographer,8fb0d517-6bdc-4dd4-8b3e-58a8f27b7835
Gena Gordzelik,gena.gordzelik@windermere.com,503-201-4303,email,email,1,2026-09-15,2026-09-15,Cold Outreach,Backup real estate photographer,a9b43b3f-f4f0-4551-be53-80e039d4644b
Gene Riehart,griehart@gmail.com,503-446-2902,email,email,1,2026-09-15,2026-09-15,Cold Outreach,Backup real estate photographer,e5e33374-1e82-408a-8ce7-39e3a586ad02
Georgette Cook,georgiecook@windermere.com,541-261-4348,email,email,1,2026-09-15,2026-09-15,Cold Outreach,Backup real estate photographer,05e03dd3-9a1d-4d78-a18a-5fa0acef2fe0
Gerald Furgala,gfurgala@windermere.com,281-701-6689,email,email,1,2026-09-15,2026-09-15,Cold Outreach,Backup real estate photographer,5df8fb81-21c9-43fc-80ab-c58edd3e605d
Gina Dhom,coachgina@windermere.com,541-513-5299,email,email,1,2026-09-15,2026-09-15,Cold Outreach,Backup real estate photographer,3d60c508-b630-4b8d-b798-93c98f67fbee
Gina Gunderson,ginag@windermere.com,503-710-6285,email,email,1,2026-09-15,2026-09-15,Cold Outreach,Backup real estate photographer,61eb69d5-8276-400b-bb8b-b977d27db5ef
Gina Hall Miller,ghall@windermere.com,503-232-4763,email,email,1,2026-09-15,2026-09-15,Cold Outreach,Backup real estate photographer,a01b97b5-a706-4b29-afd7-301a3a489080
Ginger Swanson,gingers@windermere.com,541-806-5333,email,email,1,2026-09-15,2026-09-15,Cold Outreach,Backup real estate photographer,4de496d9-cbdf-427c-8834-44e3f7485244
Graham Peterson,grahamcolepeterson@gmail.com,503-319-4267,email,email,1,2026-09-15,2026-09-15,Cold Outreach,Backup real estate photographer,25623d04-70a4-4d51-b750-fe599847abaa
Grant Pauli,grant@windermere.com,503-462-4924,email,email,1,2026-09-15,2026-09-15,Cold Outreach,Backup real estate photographer,fb390350-8b92-4ace-acb9-6c213504376a
Gretchen McClaughry,gretchen@windermere.com,503-432-5320,email,email,1,2026-09-15,2026-09-15,Cold Outreach,Backup real estate photographer,a2722b7b-5744-424f-bb85-111eb4fc0bdc
Hannah Riley,hannahriley@windermere.com,541-660-4083,email,email,1,2026-09-15,2026-09-15,Cold Outreach,Backup real estate photographer,b0b3fbcc-1040-42e0-970b-85525517e506
Harrison Whitmarsh,harrison@imharrison.com,503-432-5556,email,email,1,2026-09-15,2026-09-15,Cold Outreach,Backup real estate photographer,5a1ec522-e741-42c8-9f15-334472898f5f
Hayden Smith,haydensmith@windermere.com,,email,email,1,2026-09-15,2026-09-15,Cold Outreach,Backup real estate photographer,84adc881-394b-4d8a-8f4b-4cbdab3e6a78
Heather Case,jacksonvilleoffice@windermere.com,541-899-2000,email,email,1,2026-09-15,2026-09-15,Cold Outreach,Backup real estate photographer,b032d72e-771c-4827-9fc3-247cc2a2ae05
Heather Halstead,heatherh@windermere.com,503-998-7644,email,email,1,2026-09-15,2026-09-15,Cold Outreach,Backup real estate photographer,b2a1cb9a-143a-47a2-b878-1d484f6d71b2
Heather Longfield,heatherlongfield@gmail.com,503-956-3395,email,email,1,2026-09-15,2026-09-15,Cold Outreach,Backup real estate photographer,c57ba677-aa69-4685-9b33-f1f1098fda20
Heather Mistretta,hmistretta.windermere@gmail.com,541-660-4317,email,email,1,2026-09-15,2026-09-15,Cold Outreach,Backup real estate photographer,14b7ce4f-3064-4b03-a921-afdc3708e638
Heather Morris,eaglepointoffice@windermere.com,541-826-4181,email,email,1,2026-09-15,2026-09-15,Cold Outreach,Backup real estate photographer,5f41d667-809c-4dcc-b85c-171652241cf5
Heather Neet,heatherneet@windermere.com,541-447-7502,email,email,1,2026-09-15,2026-09-15,Cold Outreach,Backup real estate photographer,fe13b6a1-596f-449e-8e27-33a5c05cb078
Heather Rau,hrau@windermere.com,503-522-9948,email,email,1,2026-09-15,2026-09-15,Cold Outreach,Backup real estate photographer,1bcc069f-372d-4531-96ca-2de592eb0178
Heidi Martins,heidimartins@windermere.com,458-225-0303,email,email,1,2026-09-15,2026-09-15,Cold Outreach,Backup real estate photographer,22b03dee-e45b-4b4f-8d12-395730bc6611
Heidi Woebbeking,hwoebbeking@windermere.com,541-916-6795,email,email,1,2026-09-15,2026-09-15,Cold Outreach,Backup real estate photographer,55e96b7b-c582-460d-8d20-071e21e629cd
Holli Schmitt,holli@windermere.com,971-533-5481,email,email,1,2026-09-15,2026-09-15,Cold Outreach,Backup real estate photographer,90f15883-cfce-4e21-a08c-04f13b410320
Holly Haber,hollyhaber@windermere.com,503-516-2165,email,email,1,2026-09-15,2026-09-15,Cold Outreach,Backup real estate photographer,43424884-7e5e-4896-befb-4a96ce8aa6a9
Holly Perzynski,holly@bendrelocation.com,541-241-4393,email,email,1,2026-09-15,2026-09-15,Cold Outreach,Backup real estate photographer,66b5efbb-aa96-4f5f-9c6b-b6f9a4c22c40
Home Between The Hedges,michaelhedges@windermere.com,425-269-8282,email,email,1,2026-09-15,2026-09-15,Cold Outreach,Backup real estate photographer,f6c28c91-1e0a-454c-b8f8-468675bfc2fa
Hong Wolfe,hong@hongwolfe.com,541-740-9497,email,email,1,2026-09-15,2026-09-15,Cold Outreach,Backup real estate photographer,d0c4c71a-eb7f-4e07-bdd2-305925f7e872
Hudson Poston,hudsonposton@gmail.com,503-249-1706,email,email,1,2026-09-15,2026-09-15,Cold Outreach,Backup real estate photographer,10df973c-ff7a-4110-aeb0-14ee0d5ed480
Ian Gray,iangray@windermere.com,541-221-9363,email,email,1,2026-09-15,2026-09-15,Cold Outreach,Backup real estate photographer,9081239b-6e6d-411f-9712-b6047f61593a
Isaac Woodwick,isaacwoodwick@windermere.com,541-892-3193,email,email,1,2026-09-15,2026-09-15,Cold Outreach,Backup real estate photographer,87d7c78f-3b35-40e8-93aa-6f12b6d3baa2
Jacie Voegeli,jacie@windermere.com,503-812-3050,email,email,1,2026-09-15,2026-09-15,Cold Outreach,Backup real estate photographer,92755954-c77b-4340-9ebd-cac44fdd5d16
Jackie Adams,realtor.jackieadams@gmail.com,541-621-8001,email,email,1,2026-09-15,2026-09-15,Cold Outreach,Backup real estate photographer,baafd479-e451-4a58-98d1-540b01cc5998
Jackie Svensen,jsvensen@windermere.com,503-791-4643,email,email,1,2026-09-15,2026-09-15,Cold Outreach,Backup real estate photographer,3645ae5d-53ac-4386-9fc8-6493f22ebd12
Jackie Weber,jackiew@windermere.com,503-440-2331,email,email,1,2026-09-15,2026-09-15,Cold Outreach,Backup real estate photographer,3fa77437-2a41-4b54-b54c-ddcac6c7b6ae
Jake Alder,jake@blueprintadvisorypdx.com,503-893-5744,email,email,1,2026-09-15,2026-09-15,Cold Outreach,Backup real estate photographer,3a43dc8c-5a81-42e0-aebd-b36b6c94ab1f
Jake Buckendorf,jakeb@windermere.com,503-585-3150,email,email,1,2026-09-15,2026-09-15,Cold Outreach,Backup real estate photographer,efe74029-89de-4837-b534-eb0a5615ae54
Jake Grant,jakegrant@windermere.com,503-929-8679,email,email,1,2026-09-15,2026-09-15,Cold Outreach,Backup real estate photographer,6b9f3281-94c3-4fec-8c67-6a3d840f07dd
James Campion,realjamescampion@gmail.com,503-739-3080,email,email,1,2026-09-15,2026-09-15,Cold Outreach,Backup real estate photographer,703cbaa3-ba4b-4d90-aea8-847338e3158c
James Coon,jcoon@windermere.com,503-504-8574,email,email,1,2026-09-15,2026-09-15,Cold Outreach,Backup real estate photographer,44b1bc5d-1fbe-4668-b8ab-f5883456d1b2
James Kim,jameskim@windermere.com,541-999-6654,email,email,1,2026-09-15,2026-09-15,Cold Outreach,Backup real estate photographer,84b42d6a-2a90-4a24-910e-9e43761cd41d
James Loos,team@jamesandnicolette.com,503-347-1654,email,email,1,2026-09-15,2026-09-15,Cold Outreach,Backup real estate photographer,1ad2fbc3-70ea-48b7-a706-48495ef71b1f
James Spencer,jamesspencer@windermere.com,541-821-3360,email,email,1,2026-09-15,2026-09-15,Cold Outreach,Backup real estate photographer,c001ae3c-d357-407d-85ff-c8f6ceb83a2f
James Surgeon,jamessurgeon@windermere.com,503-358-1000,email,email,1,2026-09-15,2026-09-15,Cold Outreach,Backup real estate photographer,ced7ca65-ac32-45b4-ac49-8db3d927fa72
Jamie Gardner,jamieg@windermere.com,503-449-8999,email,email,1,2026-09-15,2026-09-15,Cold Outreach,Backup real estate photographer,430d460e-f5dd-4d1d-afc2-867d1d1b31e8
Jamie Marion,jmarion@windermere.com,503-284-7755,email,email,1,2026-09-15,2026-09-15,Cold Outreach,Backup real estate photographer,c218e18b-2eca-4f8a-9eb2-f40d50fb0719
Jan Caplener,jcaplener@windermere.com,503-780-0604,email,email,1,2026-09-15,2026-09-15,Cold Outreach,Backup real estate photographer,a04364cc-869f-4f0e-a021-b85289707d57
Jan Carlson,jancarlson1@gmail.com,503-267-3278,email,email,1,2026-09-15,2026-09-15,Cold Outreach,Backup real estate photographer,0652e94c-9e50-436b-b79d-6a2f9873bd82
Jan Cohen,jancohen@windermere.com,503-545-8222,email,email,1,2026-09-15,2026-09-15,Cold Outreach,Backup real estate photographer,61600c67-240b-444d-8264-ef1026e7b869
Jan Dempsey,jdempsey@windermere.com,503-639-7914,email,email,1,2026-09-15,2026-09-15,Cold Outreach,Backup real estate photographer,23b15b8a-660f-48f9-9af2-460e488adb5e
Jan Lakey,janlakey@windermere.com,541-660-1956,email,email,1,2026-09-15,2026-09-15,Cold Outreach,Backup real estate photographer,2c8b8465-c892-4c4d-8a7d-0a97894e4891
Jan Panfilio,janpanfilio@windermere.com,503-804-9519,email,email,1,2026-09-15,2026-09-15,Cold Outreach,Backup real estate photographer,49b8920b-ba6c-4040-83f2-2d4707261023
Jan Stranski,stranski@windermere.com,503-329-7209,email,email,1,2026-09-15,2026-09-15,Cold Outreach,Backup real estate photographer,f922bb43-1db7-4ab2-b5c2-a560a0cb00ea
Jane O'Connor,joconnor@windermere.com,,email,email,1,2026-09-15,2026-09-15,Cold Outreach,Backup real estate photographer,aa8fe5b2-c3c3-458d-bf3c-f27b4fa35c5a
Janell  Carpenter,janell4realestate@gmail.com,541-951-4863,email,email,1,2026-09-15,2026-09-15,Cold Outreach,Backup real estate photographer,a9b61bc9-9fd4-495c-9244-d987420a13af
Janet Allen,janetallen@windermere.com,503-936-2544,email,email,1,2026-09-15,2026-09-15,Cold Outreach,Backup real estate photographer,d7010e9b-7b25-4042-9207-bff1370b5dcd
Janet Strader,janets@windermere.com,503-539-9199,email,email,1,2026-09-15,2026-09-15,Cold Outreach,Backup real estate photographer,86f7d71b-16b5-481b-95ea-ad802a464201
Janice Miller,janmiller@windermere.com,503-648-1169,email,email,1,2026-09-15,2026-09-15,Cold Outreach,Backup real estate photographer,e65c7db4-1ae5-4d99-8cf2-17b39bcf1487
Jason Oden,jasonoden@windermere.com,541-390-7057,email,email,1,2026-09-15,2026-09-15,Cold Outreach,Backup real estate photographer,ed30ca36-e777-4459-9c05-0b04a12f2c93
Jeanette Owens,jnetowens@gmail.com,541-294-2765,email,email,1,2026-09-15,2026-09-15,Cold Outreach,Backup real estate photographer,e29f5dc0-5c0a-40d6-892f-e20987799336
Jeanette Underwood,jetunderwood@windermere.com,541-221-8971,email,email,1,2026-09-15,2026-09-15,Cold Outreach,Backup real estate photographer,3927a325-787c-4284-b6cb-72bd62d67e90
Jeanine R. Dixon,jrdixon@windermere.com,503-288-2576,email,email,1,2026-09-15,2026-09-15,Cold Outreach,Backup real estate photographer,87c3d574-e368-4141-a994-9f2ee4ca9733
Jeanne Able,jeanne@windermere.com,503-703-2430,email,email,1,2026-09-15,2026-09-15,Cold Outreach,Backup real estate photographer,a53fa157-5d88-4e33-9ac7-06cd0181ddca
Jeanne Schattler,jvillejeanne@gmail.com,541-621-2480,email,email,1,2026-09-15,2026-09-15,Cold Outreach,Backup real estate photographer,f582f1f4-0963-43e6-8108-d300c3508d25
Jeff  Etchison,jeffetchison@gmail.com,503-440-2540,email,email,1,2026-09-15,2026-09-15,Cold Outreach,Backup real estate photographer,58d099cf-5175-480d-8f75-76a6182b80a2
Jeff Capen,jeff@dennisoncapengroup.com,503-888-5191,email,email,1,2026-09-15,2026-09-15,Cold Outreach,Backup real estate photographer,4ed8fb54-da5b-49c8-9215-561de299df19
Jenna Conrad,pnwjenna@gmail.com,206-919-2831,email,email,1,2026-09-15,2026-09-15,Cold Outreach,Backup real estate photographer,fa0b4066-6c0b-43fa-9143-b8e011ba3917
Jennifer King,jenniferking@windermere.com,503-799-9027,email,email,1,2026-09-15,2026-09-15,Cold Outreach,Backup real estate photographer,dd451905-5a61-4d73-893e-d1f3711f823d
Jennifer Noble,jnoble@windermere.com,503-799-9918,email,email,1,2026-09-15,2026-09-15,Cold Outreach,Backup real estate photographer,dfca2e34-db3d-4cd9-b2d8-04c8e5e71a1d
Jennifer Strenk,jstrenk@windermere.com,541-499-2211,email,email,1,2026-09-15,2026-09-15,Cold Outreach,Backup real estate photographer,d128316d-04d9-48c9-b6b0-416017008a20
Jenny Frank,jennyfrank@windermere.com,503-440-1973,email,email,1,2026-09-15,2026-09-15,Cold Outreach,Backup real estate photographer,be6a4047-d870-46e6-b288-d139246994ce
Jenny Nickila,jennynickila@windermere.com,503-860-2805,email,email,1,2026-09-15,2026-09-15,Cold Outreach,Backup real estate photographer,7b682fd0-26f6-48e2-b7b4-4430bbf69cfb
Jenny Ortega,jennyortega@windermere.com,503-707-1567,email,email,1,2026-09-15,2026-09-15,Cold Outreach,Backup real estate photographer,60f1b416-d5c0-4567-8cce-3fe0dc1edfaf
Jeremy  Strober,jstrober@windermere.com,503-550-9419,email,email,1,2026-09-15,2026-09-15,Cold Outreach,Backup real estate photographer,4d78f9f2-89ab-46d6-ba02-a94fb0aabf61
Jeremy Johansen,jeremyjohansen@windermere.com,503-826-3990,email,email,1,2026-09-15,2026-09-15,Cold Outreach,Backup real estate photographer,9884f238-8c83-43ce-8b85-214e2c875a3b
Jericka Hassoun,hassounareyoumoving@gmail.com,541-977-5382,email,email,1,2026-09-15,2026-09-15,Cold Outreach,Backup real estate photographer,3405cf29-3f66-4deb-9a48-47501ffe5829
Jesse Imus,jimus@windermere.com,503-544-6752,email,email,1,2026-09-15,2026-09-15,Cold Outreach,Backup real estate photographer,586ceeae-4595-4f8d-b9c2-ddcdd51a34d0
Jessica  Lamb,jessicalamb@windermere.com,503-568-9195,email,email,1,2026-09-15,2026-09-15,Cold Outreach,Backup real estate photographer,2921c064-2e6e-44df-b47e-ae310e19488a
Jessica Flaa,jessflaa@windermere.com,408-656-1889,email,email,1,2026-09-15,2026-09-15,Cold Outreach,Backup real estate photographer,e7846969-759f-4b02-ae62-f84be34e5dd4
Jessica Karman,jkarman@windermere.com,503-789-9204,email,email,1,2026-09-15,2026-09-15,Cold Outreach,Backup real estate photographer,b0a46e97-c2bc-46b1-a164-8f814d6eb292
Jessica Lay,jessicalay@windermere.com,541-520-9161,email,email,1,2026-09-15,2026-09-15,Cold Outreach,Backup real estate photographer,a7a1c8c5-62f0-4d52-8bfa-131bf7869991
Jessica Lee Stephens,jstephens@windermere.com,503-781-6653,email,email,1,2026-09-15,2026-09-15,Cold Outreach,Backup real estate photographer,c3593da8-e8d8-4fe6-ae4b-3d46ac683d64
Jessica Lipscomb,jlipscomb@windermere.com,503-816-9537,email,email,1,2026-09-15,2026-09-15,Cold Outreach,Backup real estate photographer,647a862a-af92-41c5-b26e-ba21536ae424
Jill   Hamilton,jhamilton@windermere.com,541-621-0680,email,email,1,2026-09-15,2026-09-15,Cold Outreach,Backup real estate photographer,725df9e9-3e4d-4ddf-8034-5c35671987fd
Jill Mestler,jillmestler@windermere.com,541-221-2929,email,email,1,2026-09-15,2026-09-15,Cold Outreach,Backup real estate photographer,ad9377b3-e4d5-4324-b23e-27ea03af6394
Jill Pereira,jillp@windermere.com,503-753-6493,email,email,1,2026-09-15,2026-09-15,Cold Outreach,Backup real estate photographer,885365fe-5439-4bc2-8969-b936431eb8bf
Jill Shelley,jshellley@windermere.com,503-708-9666,email,email,1,2026-09-15,2026-09-15,Cold Outreach,Backup real estate photographer,b566fb91-ea5f-4afc-9863-d41ceb635ae5
Jim Adler,jimadler@windermere.com,503-381-5544,email,email,1,2026-09-15,2026-09-15,Cold Outreach,Backup real estate photographer,1775c187-1b57-43c5-9c18-87e8f1a6057c
Jim Arnal,jimarnal@windermere.com,503-351-3000,email,email,1,2026-09-15,2026-09-15,Cold Outreach,Backup real estate photographer,3cef412d-bce0-4a3c-83be-dc310bc2b5ec
Jinny Pardee,jpardee@windermere.com,541-621-6262,email,email,1,2026-09-15,2026-09-15,Cold Outreach,Backup real estate photographer,488e284b-9e37-4b5e-bedf-020dfebe675b
Joan Rogers,joan@joanrogersrealtor.com,503-318-4016,email,email,1,2026-09-15,2026-09-15,Cold Outreach,Backup real estate photographer,d39260b2-bc0f-490f-8378-bb669f07ca79
Jody Carter,jodycarter@windermere.com,541-892-5402,email,email,1,2026-09-15,2026-09-15,Cold Outreach,Backup real estate photographer,1f2aeffc-a55e-46fb-85c1-4a1bc8c150bd
Jody Conser,jodyconser@windermere.com,503-440-0457,email,email,1,2026-09-15,2026-09-15,Cold Outreach,Backup real estate photographer,3d6a7b64-f88e-4b46-a225-561e363d9ce8
Joe Battaglia,joebattaglia@windermere.com,503-784-7290,email,email,1,2026-09-15,2026-09-15,Cold Outreach,Backup real estate photographer,74f89fc5-1db7-4b64-ad06-cd45801e5186
Joe Kennedy,joekennedy@brokerjoepdx.com,503-704-4898,email,email,1,2026-09-15,2026-09-15,Cold Outreach,Backup real estate photographer,715c5730-47a4-4102-9b9b-ebddd8cb3ccc
Joe Menashe,joemenashe@windermere.com,503-784-1855,email,email,1,2026-09-15,2026-09-15,Cold Outreach,Backup real estate photographer,5a92fd6a-53b5-4187-ba25-d3bfb6a3363a
Joe Spanish,joespanish@joespanish.com,,email,email,1,2026-09-15,2026-09-15,Cold Outreach,Backup real estate photographer,ca26b39b-16e8-4189-a341-5193975894bd
Joe Stilwell,jstilwell@windermere.com,503-318-9437,email,email,1,2026-09-15,2026-09-15,Cold Outreach,Backup real estate photographer,c4e4b72d-9b59-4cbb-9c8c-db8904e388f7
Joel Dunham,joel.dunham@windermere.com,971-221-3482,email,email,1,2026-09-15,2026-09-15,Cold Outreach,Backup real estate photographer,d6c3dd2b-3073-472d-92c2-8a5c191566a6
Joey Lick,joeylick@windermere.com,541-340-9375,email,email,1,2026-09-15,2026-09-15,Cold Outreach,Backup real estate photographer,1ece686a-32ba-41b9-976c-f4b3d3c8fbad
John Cronkrite,johncronkrite@windermere.com,503-730-0128,email,email,1,2026-09-15,2026-09-15,Cold Outreach,Backup real estate photographer,f5c308ae-8709-4676-a358-e4f2b39c4862
John Goldhammer,johnmgoldhammer@msn.com,503-939-5103,email,email,1,2026-09-15,2026-09-15,Cold Outreach,Backup real estate photographer,50be3e6b-bb24-4f94-8059-3c6d2eb5bd8b
John Guidos,jguidos@windermere.com,541-890-3348,email,email,1,2026-09-15,2026-09-15,Cold Outreach,Backup real estate photographer,4a4bf443-6d2f-408a-9020-89fa9866b353
John McClain,johnmcclain@windermere.com,360-931-0160,email,email,1,2026-09-15,2026-09-15,Cold Outreach,Backup real estate photographer,41d99ab2-7b28-456a-b2cd-af06f8f19d5d
John Zupan,jzupan@windermere.com,541-601-0394,email,email,1,2026-09-15,2026-09-15,Cold Outreach,Backup real estate photographer,2c479376-7a1c-4360-9018-893984ef6398
Johnson Office,nwjohnsn@windermere.com,,email,email,1,2026-09-15,2026-09-15,Cold Outreach,Backup real estate photographer,aac04838-b707-4cac-852c-e3da6c227cc1
Jon Cohen,joncohen@windermere.com,503-720-9393,email,email,1,2026-09-15,2026-09-15,Cold Outreach,Backup real estate photographer,d5d8fec5-b0f7-4f04-ac19-0b1f87e54f5a
Jon Gustafson,jongustafson@windermere.com,,email,email,1,2026-09-15,2026-09-15,Cold Outreach,Backup real estate photographer,04dbea31-a8bc-4f37-abac-f35d0fbce730
Jon Hershey,jonhershey@windermere.com,541-788-2962,email,email,1,2026-09-15,2026-09-15,Cold Outreach,Backup real estate photographer,84e3bd81-d6b6-4d11-84f9-c4c8abde63e3
Jonathan Dixon,jonathand@windermere.com,971-666-9469,email,email,1,2026-09-15,2026-09-15,Cold Outreach,Backup real estate photographer,01839980-e384-417a-9dc2-56e883aca3a6
Josh Finkelstein,josh@caplanhomes.com,503-936-4878,email,email,1,2026-09-15,2026-09-15,Cold Outreach,Backup real estate photographer,67df9695-1b4e-4a61-97c8-2c06d7a0a64d
Josh Velasquez,joshv@windermere.com,818-399-8672,email,email,1,2026-09-15,2026-09-15,Cold Outreach,Backup real estate photographer,b4f1fbc3-f108-4427-8e6d-80a0f092edbb
Josie Carothers,josie@windermere.com,541-914-9428,email,email,1,2026-09-15,2026-09-15,Cold Outreach,Backup real estate photographer,33687a18-9205-4140-a3cf-a53551872a11
Josie Davis,jdavis@windermere.com,,email,email,1,2026-09-15,2026-09-15,Cold Outreach,Backup real estate photographer,826674b1-a927-42db-a027-36149cc8a149
Joylene Swanberg,jswanberg@windermere.com,503-319-3884,email,email,1,2026-09-15,2026-09-15,Cold Outreach,Backup real estate photographer,4076c734-b0a1-417a-a17d-a0ef01761f29
Juan Vasquez,juanvasquez@windermere.com,541-979-2370,email,email,1,2026-09-15,2026-09-15,Cold Outreach,Backup real estate photographer,67d62f2e-f5b1-4e04-90a4-ed6f67c7b9b7
Judi Palmer,jpalmer@windermere.com,503-310-2003,email,email,1,2026-09-15,2026-09-15,Cold Outreach,Backup real estate photographer,a66b98d6-5d81-4c9d-b990-60ee59890296
Judith Rolfe,agentrolfe@msn.com,503-516-8632,email,email,1,2026-09-15,2026-09-15,Cold Outreach,Backup real estate photographer,ba812add-66db-402e-b48e-bfca515ff728
Judy Casad,judy@windermere.com,541-968-2400,email,email,1,2026-09-15,2026-09-15,Cold Outreach,Backup real estate photographer,e230211b-79c5-403a-ad8a-480f11f1afd3
Judy Methvin,jmethvin@windermere.com,541-944-7191,email,email,1,2026-09-15,2026-09-15,Cold Outreach,Backup real estate photographer,d5cefe2f-6bb8-4a60-b02c-e7effddfc9c4
Judy P. Adler,jadler@windermere.com,503-358-5843,email,email,1,2026-09-15,2026-09-15,Cold Outreach,Backup real estate photographer,17c12c36-63c8-429c-94ca-0f4a598944cc
Judy Paulsen,judypaulsen@windermere.com,503-998-8975,email,email,1,2026-09-15,2026-09-15,Cold Outreach,Backup real estate photographer,54ae9b6c-32e5-4e40-a2fe-7a5b7d9b05f8
Jules Fedota,jules@fedotafaulkner.com,503-888-8842,email,email,1,2026-09-15,2026-09-15,Cold Outreach,Backup real estate photographer,b4f178d4-b9ea-4fa4-8f47-3ed3d1223b88
Julia Monson,julia@mahaffygroup.com,615-678-9225,email,email,1,2026-09-15,2026-09-15,Cold Outreach,Backup real estate photographer,99580641-c61b-4caa-a8c3-9bad227f379f
Julia Oliansky,landwithjulia@gmail.com,415-500-5922,email,email,1,2026-09-15,2026-09-15,Cold Outreach,Backup real estate photographer,e6ec254e-bd79-408f-8d9b-d2a44063597f
Julie Gamache,jgamache@windermere.com,541-231-0753,email,email,1,2026-09-15,2026-09-15,Cold Outreach,Backup real estate photographer,8eb3c93c-8ef2-47d7-afb3-1408059f524d
Justin Gonzales,justingonzales@windermere.com,702-544-1908,email,email,1,2026-09-15,2026-09-15,Cold Outreach,Backup real estate photographer,fa01cd56-eeec-4ea2-9076-5ff24a6aac2c
Justin Schmick,jschmick@windermere.com,541-465-8107,email,email,1,2026-09-15,2026-09-15,Cold Outreach,Backup real estate photographer,a36d5f00-31f7-4a8e-93e0-66929ba692da
Kaliko Todd,kamaaina@live.com,541-944-4861,email,email,1,2026-09-15,2026-09-15,Cold Outreach,Backup real estate photographer,a9041760-44d0-49bf-8493-f69a47d9892f
Kana Ane-George,kgeorge@windermere.com,808-382-4706,email,email,1,2026-09-15,2026-09-15,Cold Outreach,Backup real estate photographer,62869072-2e41-4e2b-8b8f-5c86d16656bc
Karen  Lowthian,klowthian@windermere.com,503-740-9408,email,email,1,2026-09-15,2026-09-15,Cold Outreach,Backup real estate photographer,2d6d2fb9-0cf8-4dab-afbc-fc973f939538
Karen Durrett,karendurrett@windermere.com,503-341-4049,email,email,1,2026-09-15,2026-09-15,Cold Outreach,Backup real estate photographer,f0bf4234-b8c3-48fb-ae89-697e367e5365
Karen Larsen,karenlarsen@windermere.com,541-890-1138,email,email,1,2026-09-15,2026-09-15,Cold Outreach,Backup real estate photographer,74563608-c5b7-448d-9e4b-2e81d259bf9e
Karen McLaughlin,karenmclaughlin@windermere.com,503-887-0828,email,email,1,2026-09-15,2026-09-15,Cold Outreach,Backup real estate photographer,612e4f57-ceca-4e1f-b441-0741b7d29aa1
Kari Miller,karimiller@windermere.com,541-941-0033,email,email,1,2026-09-15,2026-09-15,Cold Outreach,Backup real estate photographer,a13ef07f-58fd-49bc-8a9d-746b4af4a899
"Karla Kuhlenbeck, CRS",karlak@windermere.com,541-270-2965,email,email,1,2026-09-15,2026-09-15,Cold Outreach,Backup real estate photographer,b098121d-6d37-452e-8bb1-851b4771d718
Karoline Ashley,karoline@ashleyrealtyworks.com,503-819-4851,email,email,1,2026-09-15,2026-09-15,Cold Outreach,Backup real estate photographer,17b50b36-027d-4b80-b0ba-ea7e13ec0a9b
Kate  Kennedy,katekennedy@windermere.com,503-957-2833,email,email,1,2026-09-15,2026-09-15,Cold Outreach,Backup real estate photographer,eede1d5f-7a04-425a-9b21-74bbf763f1a7
Kate Alvord,kate@windermere.com,503-708-2712,email,email,1,2026-09-15,2026-09-15,Cold Outreach,Backup real estate photographer,380590b9-e8fd-4964-a982-1f03dad012ad
Kate Hypes,khypes@windermere.com,503-806-1234,email,email,1,2026-09-15,2026-09-15,Cold Outreach,Backup real estate photographer,f9c016e1-82b0-4ef6-ba4a-8002f2afd50b
Kate Merrell,katemerrellbroker@gmail.com,503-739-2324,email,email,1,2026-09-15,2026-09-15,Cold Outreach,Backup real estate photographer,161e04e2-54a5-497f-be99-640f91a1658a
Kathren Rusinovich,mauikate1@gmail.com,503-338-2245,email,email,1,2026-09-15,2026-09-15,Cold Outreach,Backup real estate photographer,c2ca9225-6dc2-46e6-82fb-b8bacbd9a085
Kathryn Kreimer,kathrynkreimer@windermere.com,503-890-4649,email,email,1,2026-09-15,2026-09-15,Cold Outreach,Backup real estate photographer,ba56a7a7-d684-431e-8d3b-1674c3f20b8f
Kathy Adams,kathy@lionheartre.net,541-301-8681,email,email,1,2026-09-15,2026-09-15,Cold Outreach,Backup real estate photographer,86aa8c59-219c-410a-a082-fecee7aeb3d0
Kathy MacNaughton,kathym@macgroup.net,503-781-1492,email,email,1,2026-09-15,2026-09-15,Cold Outreach,Backup real estate photographer,cda6f47e-28e8-45bf-8dd4-7bbc3ea9e704
Kathy Nichols Dagsland,kdagsland@windermere.com,503-860-3240,email,email,1,2026-09-15,2026-09-15,Cold Outreach,Backup real estate photographer,2762fcec-d4b4-4a87-8e19-e60f5eb978f9
Katie Gernert,katiegernert@windermere.com,541-460-2968,email,email,1,2026-09-15,2026-09-15,Cold Outreach,Backup real estate photographer,378e681d-978f-4da8-a4a4-bc744c0cbf32
Katie Juth,katie@brokerkatie.com,503-799-0714,email,email,1,2026-09-15,2026-09-15,Cold Outreach,Backup real estate photographer,6f806b32-c874-4e57-af87-44a0525a1f67
Katie Wilson,katiewilson@windermere.com,541-556-6239,email,email,1,2026-09-15,2026-09-15,Cold Outreach,Backup real estate photographer,84c68556-23b3-42a6-99e1-602f21dfe263
Katie Mantel,katiemantel@windermere.com,509-310-3080,email,email,1,2026-09-15,2026-09-15,Cold Outreach,Backup real estate photographer,6541c0a4-7b8d-4900-93db-e89541f6db8c
Katie Ramsay-Pearson,katiepearson@windermere.com,541-292-4733,email,email,1,2026-09-15,2026-09-15,Cold Outreach,Backup real estate photographer,201dbb57-2432-46ca-9f47-901103389e34
Katie Sengstake,ksengstake@windermere.com,503-504-6225,email,email,1,2026-09-15,2026-09-15,Cold Outreach,Backup real estate photographer,89481e52-a074-4f64-bea0-8cbe7d0039fa
Katie Spurlock,kspurlock@windermere.com,503-522-8779,email,email,1,2026-09-15,2026-09-15,Cold Outreach,Backup real estate photographer,847007b0-b7a1-4f1d-9a04-feb88f4b69be
Katy Walstra Smith,katywalstra@windermere.com,503-309-3306,email,email,1,2026-09-15,2026-09-15,Cold Outreach,Backup real estate photographer,aba12778-50f0-4ba2-85d7-c73ec137abc4
Kay B. Johnson,kaybjohnson@windermere.com,503-383-8333,email,email,1,2026-09-15,2026-09-15,Cold Outreach,Backup real estate photographer,1696fee0-f138-41f9-88d5-19e2b34f6374
Kaylie Shults & Suzanne Goddyn,kaylieshults@windermere.com,503-847-1556,email,email,1,2026-09-15,2026-09-15,Cold Outreach,Backup real estate photographer,ba304ce3-0276-4ead-99dd-dfc06bf6cc05
Keith Sjodin P.C.,sjodini@windermere.com,503-680-1600,email,email,1,2026-09-15,2026-09-15,Cold Outreach,Backup real estate photographer,f8cceff7-6312-4e9a-8f9a-7f81d428992f
Kelly Cooley,kellyc@windermere.com,541-912-2679,email,email,1,2026-09-15,2026-09-15,Cold Outreach,Backup real estate photographer,8a75b5df-e289-47d7-bc5e-0ce378b2704b
Kelly Fontaine,kelly@kellyfontaine.com,541-521-7253,email,email,1,2026-09-15,2026-09-15,Cold Outreach,Backup real estate photographer,bbd87507-8a50-42f7-9c88-0525506b0564
Kelly Powell,kellywhitt@windermere.com,541-390-4202,email,email,1,2026-09-15,2026-09-15,Cold Outreach,Backup real estate photographer,de8d0057-5776-4093-8534-69c3bfce185a
Kelly Swift,kellyswift@windermere.com,503-559-9055,email,email,1,2026-09-15,2026-09-15,Cold Outreach,Backup real estate photographer,89453366-1336-429b-a3b8-484088a49b25
Kelsi LaBelle,kelsilabelle@windermere.com,541-450-8892,email,email,1,2026-09-15,2026-09-15,Cold Outreach,Backup real estate photographer,8f130f09-3340-4ace-bd1f-7408327908c8
Kelsie Boothe,kelsieboothe@windermere.com,541-340-1893,email,email,1,2026-09-15,2026-09-15,Cold Outreach,Backup real estate photographer,db26bf5c-c15c-4cb0-93a1-b409b238dc9e
Ken Martinson,kenm@windermere.com,541-954-1545,email,email,1,2026-09-15,2026-09-15,Cold Outreach,Backup real estate photographer,ff8734a2-80e3-4a18-8738-d27115a04e8f
Ken Pond,kenpond@windermere.com,541-727-8763,email,email,1,2026-09-15,2026-09-15,Cold Outreach,Backup real estate photographer,af040fcd-d478-4880-885e-d8403d0f7582
Kendall Woodworth,kendall@windermere.com,503-539-0001,email,email,1,2026-09-15,2026-09-15,Cold Outreach,Backup real estate photographer,7fe5132f-89dc-4f31-ae00-825dc3ec3058
Kerri Miller,millerks@windermere.com,503-705-8386,email,email,1,2026-09-15,2026-09-15,Cold Outreach,Backup real estate photographer,24593ef5-a67a-4c73-9ce5-ee46ff4bb6cf
Kerry Crile,kcrile@windermere.com,503-616-8269,email,email,1,2026-09-15,2026-09-15,Cold Outreach,Backup real estate photographer,834a6783-8dd1-4204-be29-cd253be9ba15
Kevin Caplener,kcaplener@windermere.com,503-888-6999,email,email,1,2026-09-15,2026-09-15,Cold Outreach,Backup real estate photographer,038b5348-cf9e-47c6-903c-387251c8c72f
"Kevin Dean, PC",kevindean@windermere.com,503-481-4400,email,email,1,2026-09-15,2026-09-15,Cold Outreach,Backup real estate photographer,48d05f8a-5cb7-4a83-a523-f43bef1743e7
Kim Barnes,hoodriver@windermere.com,,email,email,1,2026-09-15,2026-09-15,Cold Outreach,Backup real estate photographer,4f7adbca-2997-4f15-bcc2-bbe4aac2fd16
Kim Chamness,kimchamness@windermere.com,541-490-3147,email,email,1,2026-09-15,2026-09-15,Cold Outreach,Backup real estate photographer,29c2dc30-d36e-4d0c-8f9f-68dc2a049663
Kim Hayworth,kimh@windermere.com,503-891-8181,email,email,1,2026-09-15,2026-09-15,Cold Outreach,Backup real estate photographer,558a0380-2547-4071-8cea-f2f493295ba8
Kim Hyland,kimhyland@windermere.com,541-513-4884,email,email,1,2026-09-15,2026-09-15,Cold Outreach,Backup real estate photographer,b83402d4-c2d2-4b11-a3f1-a6d072bc8175
Kim Kahl,kimkahl@windermere.com,541-480-1662,email,email,1,2026-09-15,2026-09-15,Cold Outreach,Backup real estate photographer,c68668e8-f879-47f2-8ff1-b0fea5932d50
Kimber Dahlquist,kimber@windermere.com,503-970-5470,email,email,1,2026-09-15,2026-09-15,Cold Outreach,Backup real estate photographer,16c1f6e3-95e9-4c29-8fa2-1a70a4d54672
Kimberly Blisard,kimberblisard@windermere.com,541-625-9222,email,email,1,2026-09-15,2026-09-15,Cold Outreach,Backup real estate photographer,165afe56-962a-4708-a919-bd05138533e5
Kimberly Payne,kpayne@windermere.com,503-432-0981,email,email,1,2026-09-15,2026-09-15,Cold Outreach,Backup real estate photographer,e07664ba-48af-471c-a001-f64914ada8fd
Kira Dennison,kira@dennisoncapengroup.com,503-522-7819,email,email,1,2026-09-15,2026-09-15,Cold Outreach,Backup real estate photographer,67c8c11b-dcea-41cb-b61b-2f6d1888d1db
Kirk Sandburg,kirk@windermere.com,541-556-1804,email,email,1,2026-09-15,2026-09-15,Cold Outreach,Backup real estate photographer,c4218e1f-9f71-46e0-afef-9a11e177b1b4
Kishra Ott,kishra@danvolkmer.com,503-497-5006,email,email,1,2026-09-15,2026-09-15,Cold Outreach,Backup real estate photographer,cf8ee8bd-39ae-44f7-a892-d6a2e9585305
Koalani Roberts,koa@windermere.com,541-501-8319,email,email,1,2026-09-15,2026-09-15,Cold Outreach,Backup real estate photographer,5eefd328-1c06-427d-96c3-97dbc8ee11bd
Krista McClure,kristam@windermere.com,503-851-9475,email,email,1,2026-09-15,2026-09-15,Cold Outreach,Backup real estate photographer,05e848b7-6e8a-455b-8602-36c5c8e65b55
Kristena Cox,kcox@windermere.com,541-501-3399,email,email,1,2026-09-15,2026-09-15,Cold Outreach,Backup real estate photographer,8dc75900-d7ac-49ff-bd7c-369cd7da8736
Kristi Gomez,kristigomez@windermere.com,541-261-2094,email,email,1,2026-09-15,2026-09-15,Cold Outreach,Backup real estate photographer,8a0ce302-9764-4176-970f-19a3634d9dd6
Kristin Campbell,kristincampbell@windermere.com,503-705-9299,email,email,1,2026-09-15,2026-09-15,Cold Outreach,Backup real estate photographer,17aadc44-cd1d-4103-951f-8979ada54f36
Kristina McColly,kmccolly@windermere.com,503-851-2088,email,email,1,2026-09-15,2026-09-15,Cold Outreach,Backup real estate photographer,febf7b90-62bc-42a4-b108-e4f51359ca13
Kristy Weider,kristymarie@windermere.com,541-591-3008,email,email,1,2026-09-15,2026-09-15,Cold Outreach,Backup real estate photographer,a6dfd790-3638-4106-8845-3db548e87747
Krystin Bassist,kbassist@windermere.com,503-810-3665,email,email,1,2026-09-15,2026-09-15,Cold Outreach,Backup real estate photographer,aa5ddc1e-3b30-4139-b574-33163367de0d
Kurt Katsura,kurtkat@windermere.com,541-954-1866,email,email,1,2026-09-15,2026-09-15,Cold Outreach,Backup real estate photographer,2e25f7f4-4efa-4a56-857a-fdfde9d30e52
Lacey Stark,lacey@yourhomesalem.com,503-510-5038,email,email,1,2026-09-15,2026-09-15,Cold Outreach,Backup real estate photographer,4bbb0bdd-0618-44fc-8723-898424b1f081
Lake Oswego Office,lakeoswego@windermere.com,503-636-5000,email,email,1,2026-09-15,2026-09-15,Cold Outreach,Backup real estate photographer,f1f9c5c2-f849-4407-b94e-a540f10c90e7
Lana Grosenbach,lanagrosenbach@gmail.com,541-840-3960,email,email,1,2026-09-15,2026-09-15,Cold Outreach,Backup real estate photographer,0640a89c-b132-4f29-b439-3c499cf420b2
Larry Bailey,lkb@windermere.com,541-815-8158,email,email,1,2026-09-15,2026-09-15,Cold Outreach,Backup real estate photographer,141a10b2-3957-4cd6-9403-647fa8baeb7f
Larry Micohn,lmicohn@windermere.com,503-515-5764,email,email,1,2026-09-15,2026-09-15,Cold Outreach,Backup real estate photographer,762215aa-f793-4178-b668-de1cb535d9fd
Larry Sampson,lsampson@windermere.com,541-613-4875,email,email,1,2026-09-15,2026-09-15,Cold Outreach,Backup real estate photographer,7ff8bc15-e56a-47ee-a19c-322b69c9763d
Laura A. Horton,laurahorton@windermere.com,541-261-0204,email,email,1,2026-09-15,2026-09-15,Cold Outreach,Backup real estate photographer,1667d4ea-271f-4730-bc65-c0e28d637ba4
Laura Diethelm,laurad@windermere.com,310-800-0034,email,email,1,2026-09-15,2026-09-15,Cold Outreach,Backup real estate photographer,88b70554-ecb8-4e86-81ae-829b7d538790
Laura Doll,ldoll@windermere.com,971-645-3810,email,email,1,2026-09-15,2026-09-15,Cold Outreach,Backup real estate photographer,23e1508f-5785-44cb-838f-b7fa782a063f
Laura Hastings,laurahastings@windermere.com,503-956-2802,email,email,1,2026-09-15,2026-09-15,Cold Outreach,Backup real estate photographer,036b29a7-7e57-4d04-be67-d194d4384539
Laura Wilson,laurawilson@windermere.com,541-999-9688,email,email,1,2026-09-15,2026-09-15,Cold Outreach,Backup real estate photographer,a433e80c-9aae-4b66-b982-c9112851bcca
Laurie Barber,lbarber@windermere.com,541-821-6046,email,email,1,2026-09-15,2026-09-15,Cold Outreach,Backup real estate photographer,40610ece-7856-470c-9fce-a83cd9c540de
Len Blackstone,lenblackstone@windermere.com,541-501-5396,email,email,1,2026-09-15,2026-09-15,Cold Outreach,Backup real estate photographer,abf46fdf-cfb1-4128-b14a-672c183b3551
Lenore LaTour,llatour@windermere.com,503-888-8576,email,email,1,2026-09-15,2026-09-15,Cold Outreach,Backup real estate photographer,943b9d74-c69e-4704-8684-75a317a9dd01
Leona Wyatt,lwyatt@windermere.com,503-851-3642,email,email,1,2026-09-15,2026-09-15,Cold Outreach,Backup real estate photographer,150783ce-08cf-477e-91a3-8a19fddc8d66
Leslee Humphrey,lesleehumphrey@windermere.com,503-476-4776,email,email,1,2026-09-15,2026-09-15,Cold Outreach,Backup real estate photographer,9f3880e5-bd8e-45a4-ba25-5d202c9b63e7
Levi Cameron,levicameron@windermere.com,541-944-5262,email,email,1,2026-09-15,2026-09-15,Cold Outreach,Backup real estate photographer,3aef9c5c-cd04-4df2-ba69-975969a11889
Lexi McKenzie,leximckenzie@windermere.com,503-884-7959,email,email,1,2026-09-15,2026-09-15,Cold Outreach,Backup real estate photographer,2ce097fc-7f48-4d8d-b73d-20089b176cfb
Lexie Lundquist,llundquist@windermere.com,,email,email,1,2026-09-15,2026-09-15,Cold Outreach,Backup real estate photographer,ec5d700f-97b6-48fe-ad26-a8354301d53b
Lian Rameson,lian.rameson@windermere.com,503-719-2623,email,email,1,2026-09-15,2026-09-15,Cold Outreach,Backup real estate photographer,f3ac4f19-d601-43c2-8502-4d10a22feff3
Libby Murphy Benz,lbenz@windermere.com,503-706-2385,email,email,1,2026-09-15,2026-09-15,Cold Outreach,Backup real estate photographer,8ad3c5b2-27f4-48ea-b571-3b62a41f902a
Linda Garber,lgarber@windermere.com,541-912-1789,email,email,1,2026-09-15,2026-09-15,Cold Outreach,Backup real estate photographer,c0762264-7abd-464a-ad0a-90a70bc81bf8
Linda Johnson,linda.johnson@windermere.com,503-516-7364,email,email,1,2026-09-15,2026-09-15,Cold Outreach,Backup real estate photographer,db260188-ce69-4dad-bae2-826fb0c231b2
Linda Livermore,livermore@windermere.com,503-310-0100,email,email,1,2026-09-15,2026-09-15,Cold Outreach,Backup real estate photographer,3f8e08d6-4ee8-41bd-95d0-999edd4bcf00
Linda Mendenhall,lmendenhall@windermere.com,503-481-8366,email,email,1,2026-09-15,2026-09-15,Cold Outreach,Backup real estate photographer,e9270697-69f3-4541-a98d-34ac0c94e06f
Linda Skeele,lskeele@windermere.com,503-504-5811,email,email,1,2026-09-15,2026-09-15,Cold Outreach,Backup real estate photographer,01463cc1-035e-4d85-9684-54fb8b1ee53a
Linda Tucker,lindat@windermere.com,541-915-6518,email,email,1,2026-09-15,2026-09-15,Cold Outreach,Backup real estate photographer,868d382f-8c2a-42c4-88ed-762191c7c952
Linda Venti,lventi@windermere.com,503-780-1468,email,email,1,2026-09-15,2026-09-15,Cold Outreach,Backup real estate photographer,a34cbcfe-c44e-4252-acd9-74645c4b184d
Lindsey Lindskoog,lindseyl@windermere.com,541-233-7747,email,email,1,2026-09-15,2026-09-15,Cold Outreach,Backup real estate photographer,a701c05f-02da-4271-b4c3-940db0b9ed98
Liqaa Ransier,liqaaransier@windermere.com,503-539-8902,email,email,1,2026-09-15,2026-09-15,Cold Outreach,Backup real estate photographer,8df8d269-7051-4f13-927e-7de155038daa
Lisa Bowes,lisabowes@windermere.com,503-830-8929,email,email,1,2026-09-15,2026-09-15,Cold Outreach,Backup real estate photographer,e9966380-c18a-4738-85f3-2066e2c2a32d
Lisa Hart,hartlisa410@gmail.com,541-788-2278,email,email,1,2026-09-15,2026-09-15,Cold Outreach,Backup real estate photographer,e26171fc-6a34-41a8-a676-11ca4d74c049
Lisa Holderby-Gersten,lisaholderbygersten@windermere.com,917-968-1488,email,email,1,2026-09-15,2026-09-15,Cold Outreach,Backup real estate photographer,5adb242c-df10-42ad-a28f-3ae7c165c5ce
Lisa Keeney,lisak@windermere.com,415-640-7125,email,email,1,2026-09-15,2026-09-15,Cold Outreach,Backup real estate photographer,f09f4438-0c84-4e4b-9be9-b8f6c93d7c40
Lisa Stevens,lisa@lisastevens.com,503-568-5668,email,email,1,2026-09-15,2026-09-15,Cold Outreach,Backup real estate photographer,471cf0a4-02c2-47a0-865e-05879aae4a81
Liz Morton,lizmorton@windermere.com,503-319-4714,email,email,1,2026-09-15,2026-09-15,Cold Outreach,Backup real estate photographer,a1314c7b-a5e2-4f2f-9b4f-6795768e21f0
Lori Bennett,loribennett@windermere.com,503-473-5201,email,email,1,2026-09-15,2026-09-15,Cold Outreach,Backup real estate photographer,38a7cb19-e512-445f-bb11-c69ffa580258
Lori Mallory,lorimallory@windermere.com,541-915-1350,email,email,1,2026-09-15,2026-09-15,Cold Outreach,Backup real estate photographer,7b2e831b-318f-4475-98b2-b81017f8cf6a
Luanna Giles,giles.luanna@gmail.com,541-601-6781,email,email,1,2026-09-15,2026-09-15,Cold Outreach,Backup real estate photographer,d6442a7f-66c9-472e-9cbe-78a8c9a5e4cb
Lulu Barker,lulu@windermere.com,503-866-8474,email,email,1,2026-09-15,2026-09-15,Cold Outreach,Backup real estate photographer,27de46d2-6336-4273-9965-683078be3e18
Lupia Songster,lupia@theconcordiacurator.com,503-984-6045,email,email,1,2026-09-15,2026-09-15,Cold Outreach,Backup real estate photographer,0f1fff16-81f0-4658-a26e-341d7496e69f
Lynn Brigham,brigham@windermere.com,503-440-5330,email,email,1,2026-09-15,2026-09-15,Cold Outreach,Backup real estate photographer,f20f8251-d1d0-4bd2-93c4-e3c97cd7d94c
Lynne Grigsby,grigsbyl@comcast.net,503-803-4200,email,email,1,2026-09-15,2026-09-15,Cold Outreach,Backup real estate photographer,b0acb04e-c35e-4de0-9f84-bf6084e457e2
Lyudmila Leissler,mila@windermere.com,503-781-1114,email,email,1,2026-09-15,2026-09-15,Cold Outreach,Backup real estate photographer,8cef2950-8130-4486-942d-ec8b43e14b30
Macey Laurick,macey@maceylaurick.com,503-730-4576,email,email,1,2026-09-15,2026-09-15,Cold Outreach,Backup real estate photographer,3c96204f-c828-4a1d-ac73-8bb34f874daf
MacKenzie Kauer,mkauer@windermere.com,971-241-2066,email,email,1,2026-09-15,2026-09-15,Cold Outreach,Backup real estate photographer,d0d05a43-1f72-4aeb-a98a-c69c51c9b923
Mallory Kaus,mallorykaus@windermere.com,503-507-6281,email,email,1,2026-09-15,2026-09-15,Cold Outreach,Backup real estate photographer,2d4dd6eb-ac82-40f2-8f43-2d53715f051e
Mandy Smith,ajsmith@windermere.com,541-465-8101,email,email,1,2026-09-15,2026-09-15,Cold Outreach,Backup real estate photographer,b35a8a9b-037c-4f64-bdaa-e3b30be01375
Marci Carlson,marcicarlson@windermere.com,503-467-1129,email,email,1,2026-09-15,2026-09-15,Cold Outreach,Backup real estate photographer,77efb8cb-6c31-4c7d-9610-6f1a85a43da7
Marcia Edwards,me@marciaedwards.com,541-221-1454,email,email,1,2026-09-15,2026-09-15,Cold Outreach,Backup real estate photographer,d8812440-39e1-4c63-8875-6734cdb13a2d
Marcy McQuillan,marcymcq@windermere.com,541-621-2605,email,email,1,2026-09-15,2026-09-15,Cold Outreach,Backup real estate photographer,e4d7fd2f-999f-4952-8574-f9374ee1fae0
Margaret Craig,mcraig@windermere.com,503-765-6950,email,email,1,2026-09-15,2026-09-15,Cold Outreach,Backup real estate photographer,16fb5779-d80c-457e-aecb-a26d18bf59da
Maria Fitzgerald,mariafitzgerald@windermere.com,503-680-9737,email,email,1,2026-09-15,2026-09-15,Cold Outreach,Backup real estate photographer,b6d70cc2-baa0-4a89-9cf6-0f5a4b7d8ab4
Marian Szewc,susanandmarian@gmail.com,541-778-3400,email,email,1,2026-09-15,2026-09-15,Cold Outreach,Backup real estate photographer,af04a680-d2d0-4084-b183-69ac2a35ae01
Maribel Gonzalez David,maribel@windermere.com,971-777-4925,email,email,1,2026-09-15,2026-09-15,Cold Outreach,Backup real estate photographer,c47b489d-987a-4671-8289-84cc3a3e6bb0
Marie Westom,mkwestom@windermere.com,503-539-9012,email,email,1,2026-09-15,2026-09-15,Cold Outreach,Backup real estate photographer,125fab37-d985-4e83-a312-328c874203a2
Marilyn  Andersen,marilyna@windermere.com,503-970-2593,email,email,1,2026-09-15,2026-09-15,Cold Outreach,Backup real estate photographer,931a93fe-bec2-479c-af99-a441db38dadc
Marilyn Stewart,mstewart@windermere.com,541-951-6368,email,email,1,2026-09-15,2026-09-15,Cold Outreach,Backup real estate photographer,9bf15e02-2b8e-4847-8977-749fb6194a3c
Mark Johnson,mjohnson@windermere.com,541-226-6563,email,email,1,2026-09-15,2026-09-15,Cold Outreach,Backup real estate photographer,c76a65e3-dc94-41af-8807-6fd347a3239e
Mark Weers,markweers@windermere.com,541-280-4331,email,email,1,2026-09-15,2026-09-15,Cold Outreach,Backup real estate photographer,e22cd9a9-3197-48b5-9301-d84e1de75abc
Marla Rumpf,mrumpf@windermere.com,503-939-8801,email,email,1,2026-09-15,2026-09-15,Cold Outreach,Backup real estate photographer,a3cd9da8-6fd9-451d-9e1c-e84dd9838375
Marsha Henry,marsha@marshahenry.com,503-789-8030,email,email,1,2026-09-15,2026-09-15,Cold Outreach,Backup real estate photographer,bf003fb0-ce29-4fe4-b4b4-7aada5243a1f
Martha McClure,marthamcclure@windermere.com,,email,email,1,2026-09-15,2026-09-15,Cold Outreach,Backup real estate photographer,3cd1c6d4-207e-4f38-85fa-24f801d900a0
Marty Hernandez,martyh@windermere.com,541-609-1082,email,email,1,2026-09-15,2026-09-15,Cold Outreach,Backup real estate photographer,c88ee709-bb06-4703-a456-67f33bf81745
Mary Clure,mary@windermere.com,541-844-8977,email,email,1,2026-09-15,2026-09-15,Cold Outreach,Backup real estate photographer,18c8f8de-52ea-41e9-977f-fe3b342615c3
Mary Kate Novinger,marykate@windermere.com,303-990-2710,email,email,1,2026-09-15,2026-09-15,Cold Outreach,Backup real estate photographer,0a21c297-fea5-493a-bf5d-5b34a679155e
Marybeth Thompson,marybethsellsoregon@gmail.com,541-580-8809,email,email,1,2026-09-15,2026-09-15,Cold Outreach,Backup real estate photographer,75cba601-efbc-47df-91b0-f5f65006d479
Mason Virnig,masonvirnig@windermere.com,971-344-9785,email,email,1,2026-09-15,2026-09-15,Cold Outreach,Backup real estate photographer,748f7d75-0ee3-40a9-a013-aa2b7ed7a883
Matt Booth,mattbooth@windermere.com,503-878-3077,email,email,1,2026-09-15,2026-09-15,Cold Outreach,Backup real estate photographer,22a66fd1-1a60-413d-a42f-606c96db20b3
Matt Crile,mcrile@windermere.com,707-912-6022,email,email,1,2026-09-15,2026-09-15,Cold Outreach,Backup real estate photographer,a7f2462c-c19f-4d3b-8b2d-b74fa7c790f7
Matt Mahaffy,matt@mahaffygroup.com,503-936-3511,email,email,1,2026-09-15,2026-09-15,Cold Outreach,Backup real estate photographer,2d0bd3b5-36ff-4f44-874f-0b387d911201
Matt Mahaffy,alyssa@mahaffygroup.com,503-828-3784,email,email,1,2026-09-15,2026-09-15,Cold Outreach,Backup real estate photographer,1f9bc17f-50f7-4cc1-9234-411c174eea13
Matt McClenaghan,matt.m@windermere.com,503-720-4427,email,email,1,2026-09-15,2026-09-15,Cold Outreach,Backup real estate photographer,aacf834a-0c49-486c-be42-5f6d30b9c263
Matt Moran,moran@windermere.com,503-781-9646,email,email,1,2026-09-15,2026-09-15,Cold Outreach,Backup real estate photographer,e3103b59-17a4-44cf-aac2-47b132290d7c
Matthew  Gilman,541mattg@gmail.com,541-799-0003,email,email,1,2026-09-15,2026-09-15,Cold Outreach,Backup real estate photographer,9dba2841-3e00-4808-8b02-bb9e4406424c
Matthew McCoun,mattmccoun@windermere.com,541-797-1002,email,email,1,2026-09-15,2026-09-15,Cold Outreach,Backup real estate photographer,fc0414b0-385f-4555-8d48-1db1ba567d71
Matthew Wilding,mattheww@windermere.com,503-317-0811,email,email,1,2026-09-15,2026-09-15,Cold Outreach,Backup real estate photographer,652fbd0a-1034-4133-b82f-1fdcd3021164
Medford Office,medfordoffice@windermere.com,,email,email,1,2026-09-15,2026-09-15,Cold Outreach,Backup real estate photographer,ce6ed5d7-9f76-4146-b01e-f528d4cfe73e
Megan Barrett,meganbarrett@windermere.com,503-706-5572,email,email,1,2026-09-15,2026-09-15,Cold Outreach,Backup real estate photographer,68c0a4a0-4ef3-4974-8f0d-0188dbf2d3f1
Megan Curtis,megancurtis@windermere.com,541-350-8326,email,email,1,2026-09-15,2026-09-15,Cold Outreach,Backup real estate photographer,091b974a-3132-4322-9687-583375b9d399
Megan Griffin,megangriffin@windermere.com,503-409-3955,email,email,1,2026-09-15,2026-09-15,Cold Outreach,Backup real estate photographer,82769386-4748-43c0-b495-e6f5e8724b0a
Megan Monds,meganmonds@windermere.com,808-798-4290,email,email,1,2026-09-15,2026-09-15,Cold Outreach,Backup real estate photographer,2fb14ab1-893a-4b5d-b42d-fe4d42d4bc3b
Mel George,melg@windermere.com,503-706-1611,email,email,1,2026-09-15,2026-09-15,Cold Outreach,Backup real estate photographer,742f378b-4022-4207-a1a3-b4f01a9bffd9
Mel Lowery,mellow@windermere.com,503-428-6477,email,email,1,2026-09-15,2026-09-15,Cold Outreach,Backup real estate photographer,e48e3ab5-4048-4a2d-99e7-9d3a05c8f41a
Melanie Peitzke,melaniepeitzke@windermere.com,805-570-5039,email,email,1,2026-09-15,2026-09-15,Cold Outreach,Backup real estate photographer,cd5fa28b-e127-43e8-a868-5bec25671c8a
Melisa Pierson,melisap@windermere.com,503-201-2935,email,email,1,2026-09-15,2026-09-15,Cold Outreach,Backup real estate photographer,f68e53e4-98f4-4119-a722-c2867b64f690
Melissa Armour,marmour@windermere.com,541-905-9264,email,email,1,2026-09-15,2026-09-15,Cold Outreach,Backup real estate photographer,a13d9897-acce-42dc-8438-c8abee25b18b
Melissa Burlington,melissaburlington@windermere.com,541-973-4722,email,email,1,2026-09-15,2026-09-15,Cold Outreach,Backup real estate photographer,3a373c9b-26b4-4d1d-9a3a-23997b7cb6e7
Melissa Eddy,melissaeddy@windermere.com,503-440-3258,email,email,1,2026-09-15,2026-09-15,Cold Outreach,Backup real estate photographer,00a98b4e-3a79-4825-b410-d5ac0e51fbb6
Melissa Freels,mfreels@windermere.com,503-481-4274,email,email,1,2026-09-15,2026-09-15,Cold Outreach,Backup real estate photographer,28f295fe-e232-49e7-8fee-7ff68f7ac2b1
Melissa Simpson,msimpson@windermere.com,,email,email,1,2026-09-15,2026-09-15,Cold Outreach,Backup real estate photographer,63f2baf6-443b-49d9-b142-44d00cd2c239
Meredith Kane,mkane@windermere.com,785-220-7006,email,email,1,2026-09-15,2026-09-15,Cold Outreach,Backup real estate photographer,91afc200-863c-44f2-9f4f-20c50131d779
Merri  O'Brien,merri@windermere.com,503-936-7396,email,email,1,2026-09-15,2026-09-15,Cold Outreach,Backup real estate photographer,56adac1c-35d3-4e52-99ef-b65a72c7fa40
Merwin Doud,merwindoud@windermere.com,541-973-3579,email,email,1,2026-09-15,2026-09-15,Cold Outreach,Backup real estate photographer,0f151de7-633b-4c69-a693-936d7648c39e
Micah Elmers,melmers@windermere.com,971-264-1256,email,email,1,2026-09-15,2026-09-15,Cold Outreach,Backup real estate photographer,b03550a3-c926-4647-a48e-c655062dae0f
Micha McNerney,m.mcnerney@windermere.com,971-801-8717,email,email,1,2026-09-15,2026-09-15,Cold Outreach,Backup real estate photographer,07b83216-7908-454d-91e0-48480f488f43
Michael Bauer,michaelbauer@windermere.com,541-840-7086,email,email,1,2026-09-15,2026-09-15,Cold Outreach,Backup real estate photographer,6a412632-8979-4ac8-8cbf-a24cfdf37650
Michael Caplan,michael@caplanhomes.com,503-312-9242,email,email,1,2026-09-15,2026-09-15,Cold Outreach,Backup real estate photographer,8c297c04-67c3-403f-b69f-0d796af1b308
Michael Dooney,dooney@windermere.com,503-772-1127,email,email,1,2026-09-15,2026-09-15,Cold Outreach,Backup real estate photographer,dce29ad9-d621-4274-b636-db45d9c9f1d5
Michael E Clifton,michaeleclifton@windermere.com,541-991-9834,email,email,1,2026-09-15,2026-09-15,Cold Outreach,Backup real estate photographer,0e0bc1b0-ad96-422d-8a59-af48d5d2ee62
Michael Foster,michaelfoster@windermere.com,509-310-9502,email,email,1,2026-09-15,2026-09-15,Cold Outreach,Backup real estate photographer,0fe807c0-e11f-45cc-8199-617f00b9db19
Michael Frost P.C.,mfpc@gorge.net,541-386-3047,email,email,1,2026-09-15,2026-09-15,Cold Outreach,Backup real estate photographer,7b7e277c-30db-464f-82d8-f1dcf8e777ed
Michael Jacobson,michaeljacobson@windermere.com,503-952-6658,email,email,1,2026-09-15,2026-09-15,Cold Outreach,Backup real estate photographer,154a72a4-6e95-4a58-b1ac-43fa1bdc990c
Michael Wright,michaelwright@windermere.com,541-515-0451,email,email,1,2026-09-15,2026-09-15,Cold Outreach,Backup real estate photographer,ea37d49e-8da6-4398-88b5-cf0d728205b3
Michele  Johnson,michelejohnson@windermere.com,503-440-0921,email,email,1,2026-09-15,2026-09-15,Cold Outreach,Backup real estate photographer,eb23347d-85f9-4231-a4ad-74bc029754c4
Michelle A. Martinez,mmartinez@windermere.com,508-451-8806,email,email,1,2026-09-15,2026-09-15,Cold Outreach,Backup real estate photographer,ae1823d8-b1c1-44d0-ba65-668efb4a6a3f
Michelle Koury,mkoury@windermere.com,503-970-5092,email,email,1,2026-09-15,2026-09-15,Cold Outreach,Backup real estate photographer,6b6287e6-0c5d-42dd-b886-28b3f6197b92
Michelle McCabe,michellemccabe@windermere.com,503-952-6387,email,email,1,2026-09-15,2026-09-15,Cold Outreach,Backup real estate photographer,842c98a5-5711-4008-bed6-1e97f7223537
Mickey Bernhardt,mickeybernhardt@windermere.com,541-908-2352,email,email,1,2026-09-15,2026-09-15,Cold Outreach,Backup real estate photographer,b7f36164-e98c-4bd7-961c-c95a959c8fd3
Miechel  Barksdale,mbarksdale@windermere.com,503-470-0424,email,email,1,2026-09-15,2026-09-15,Cold Outreach,Backup real estate photographer,8afe3008-1ceb-4109-9343-756fbb904b93
Mignon Ervin,ervinmig@windermere.com,503-803-0370,email,email,1,2026-09-15,2026-09-15,Cold Outreach,Backup real estate photographer,db5e3903-24f3-44b6-a208-7dc120f41670
Mikal Apenes,mikal@windermere.com,503-705-9777,email,email,1,2026-09-15,2026-09-15,Cold Outreach,Backup real estate photographer,00b4f54c-9166-4b24-9099-04cfed0ff6b9
Mikayla Holmes,mikayla@holmesre.com,541-951-1427,email,email,1,2026-09-15,2026-09-15,Cold Outreach,Backup real estate photographer,398d7508-a798-4ddb-ad9c-9100258ae8f0
Mike Coble,mcoble@windermere.com,541-414-4074,email,email,1,2026-09-15,2026-09-15,Cold Outreach,Backup real estate photographer,987a00a5-c142-456b-83d8-789642e123d8
Mike Favret,mikefavret@windermere.com,541-521-2902,email,email,1,2026-09-15,2026-09-15,Cold Outreach,Backup real estate photographer,3bf01d17-80e9-40b8-ae81-5c391a2a6d6a
Mike Malepsy,mikemalepsy@windermere.com,541-840-1424,email,email,1,2026-09-15,2026-09-15,Cold Outreach,Backup real estate photographer,31af3d2c-f06d-4ce3-ac94-92d9793e1250
Mike Rockwell,outstandinginhisfield@gmail.com,541-490-5949,email,email,1,2026-09-15,2026-09-15,Cold Outreach,Backup real estate photographer,38b5962f-c76d-4e40-909b-4c6d46a0cea3
Mike Tade,miketade@windermere.com,541-904-5432,email,email,1,2026-09-15,2026-09-15,Cold Outreach,Backup real estate photographer,ebfdb7d3-3238-4918-9f47-c601a2997bcf
Mike Tucker,miketucker@windermere.com,503-939-6155,email,email,1,2026-09-15,2026-09-15,Cold Outreach,Backup real estate photographer,1971ec60-e354-49dc-a827-244a15028301
Mikkel Jacobsen,mjacobsen@windermere.com,971-241-2052,email,email,1,2026-09-15,2026-09-15,Cold Outreach,Backup real estate photographer,267bd7e0-5c72-4e75-8873-4e9198459c74
Miles + Marion Group,pmiles@windermere.com,503-999-7207,email,email,1,2026-09-15,2026-09-15,Cold Outreach,Backup real estate photographer,7ba0d136-4298-4806-aaf2-925eb9db8a05
Mimi C. Porter,mimiporter@windermere.com,503-975-1842,email,email,1,2026-09-15,2026-09-15,Cold Outreach,Backup real estate photographer,9ffc8778-6784-4a90-b909-b99ab1eb9f7c
Misty Daniel,mistydaniel@windermere.com,541-281-2342,email,email,1,2026-09-15,2026-09-15,Cold Outreach,Backup real estate photographer,45c6cf39-b12a-4fb9-a000-55bb6082882f
Molly Marchetti,mollymarchetti@windermere.com,626-676-3934,email,email,1,2026-09-15,2026-09-15,Cold Outreach,Backup real estate photographer,659518b9-03bb-4e5d-bc67-6fb0c95343bc
Molly Paustian,mpaustian@windermere.com,503-784-2306,email,email,1,2026-09-15,2026-09-15,Cold Outreach,Backup real estate photographer,3c10fbb3-8f21-4a5a-a00d-361ecba67f54
Muffie Scanlan,mscanlan@windermere.com,503-260-3662,email,email,1,2026-09-15,2026-09-15,Cold Outreach,Backup real estate photographer,71802e37-0a98-4eb7-97da-41930e8fea17
Myles Faulkner,myles@fedotafaulkner.com,503-481-9684,email,email,1,2026-09-15,2026-09-15,Cold Outreach,Backup real estate photographer,0a66b8a5-034a-4a71-b24f-fe71c50c6409
Nadine Scott,nadine@windermere.com,541-915-0807,email,email,1,2026-09-15,2026-09-15,Cold Outreach,Backup real estate photographer,43fa93e2-7aba-4494-90f7-960b48318095
Nancy Granada,nancygranada@windermere.com,971-990-9371,email,email,1,2026-09-15,2026-09-15,Cold Outreach,Backup real estate photographer,43ce081f-fc8b-4b73-9c2c-faa671046ae6
Nancy Wheeler,nancywheeler@windermere.com,503-853-5253,email,email,1,2026-09-15,2026-09-15,Cold Outreach,Backup real estate photographer,14a6f617-4c13-4f43-9ad7-759f5976fe40
Nelly Johnson,njohnson1@windermere.com,503-504-1629,email,email,1,2026-09-15,2026-09-15,Cold Outreach,Backup real estate photographer,2399d8bf-2b95-4422-b4f2-1b34d8d6a46f
Nicholas Swann,nicholas@mahaffygroup.com,503-577-5177,email,email,1,2026-09-15,2026-09-15,Cold Outreach,Backup real estate photographer,d668b999-02eb-4f03-85e2-76d410fc003c
Nick Stretch,nstretch@windermere.com,814-521-0263,email,email,1,2026-09-15,2026-09-15,Cold Outreach,Backup real estate photographer,cdbe1594-85f5-48ab-93c3-e42e21e7328d
Nihad Aweidah,nihad@nihada.com,503-939-6666,email,email,1,2026-09-15,2026-09-15,Cold Outreach,Backup real estate photographer,2cb7f676-681f-4167-a183-14bc1fe861fd
Nikko Baraquio,nikkob@windermere.com,503-853-5283,email,email,1,2026-09-15,2026-09-15,Cold Outreach,Backup real estate photographer,c47a458e-11ff-460d-a743-80b5e044ba61
Noah von Borstel,noahvonbo@gmail.com,541-980-2040,email,email,1,2026-09-15,2026-09-15,Cold Outreach,Backup real estate photographer,3a087b5d-1ffd-4db0-bec6-82fb325e894d
Olivia Butler,oliviabutler@windermere.com,503-227-5500,email,email,1,2026-09-15,2026-09-15,Cold Outreach,Backup real estate photographer,84b4df9e-3e59-4d52-9230-1480e6756970
Olivia Hansen,gorgemarketing@windermere.com,360-607-8336,email,email,1,2026-09-15,2026-09-15,Cold Outreach,Backup real estate photographer,fd2c5ae7-2f94-4ba2-af33-f39d95a9138c
Onna McColly,onnamccolly@windermere.com,503-931-5716,email,email,1,2026-09-15,2026-09-15,Cold Outreach,Backup real estate photographer,49874fd3-056d-4f7b-b99f-27bb3885bccd
Oregon Education,education.oregon@windermere.com,503-220-1145,email,email,1,2026-09-15,2026-09-15,Cold Outreach,Backup real estate photographer,66dc55ee-d040-4dae-a650-ce7907a30b57
Oscar Rigoli,oscar.rigoli@windermere.com,541-901-3280,email,email,1,2026-09-15,2026-09-15,Cold Outreach,Backup real estate photographer,b98649d8-4920-4432-b85e-40a804e1c9e2
Paasche Brown,paaschebrown@windermere.com,541-788-1813,email,email,1,2026-09-15,2026-09-15,Cold Outreach,Backup real estate photographer,eb768fe8-3c6a-4397-b87f-b31f27940ff8
Palmer Bassett,palmerbassett@windermere.com,,email,email,1,2026-09-15,2026-09-15,Cold Outreach,Backup real estate photographer,a0102aba-90ca-4337-a4d5-5fc812f7974c
Pam Ackley,pamackley@windermere.com,503-717-3796,email,email,1,2026-09-15,2026-09-15,Cold Outreach,Backup real estate photographer,f53a989e-de0d-480b-be2f-49119e415d52
Pam Birmingham,pamb@windermere.com,503-791-4752,email,email,1,2026-09-15,2026-09-15,Cold Outreach,Backup real estate photographer,402cdd4d-2dd3-4b88-a7ee-fa496ce9cd9b
Pam McColly,mccolly@windermere.com,503-871-0714,email,email,1,2026-09-15,2026-09-15,Cold Outreach,Backup real estate photographer,ba59afad-374f-4968-b54a-9d17ecdc5ac5
Pat Mason,patmason@windermere.com,541-554-2740,email,email,1,2026-09-15,2026-09-15,Cold Outreach,Backup real estate photographer,d3de3307-8532-44ca-9356-cd7449bd082a
Patrick Gourley,pgourley@windermere.com,503-334-7406,email,email,1,2026-09-15,2026-09-15,Cold Outreach,Backup real estate photographer,dc96ee1d-de56-461c-b27a-f0cccbf3aa5e
Patrick Williams,patrickwilliams@windermere.com,360-921-5661,email,email,1,2026-09-15,2026-09-15,Cold Outreach,Backup real estate photographer,7519e9ba-da67-4aab-b410-f7b61583f47a
Patti Williamson,pattiwilliamson@windermere.com,503-932-1267,email,email,1,2026-09-15,2026-09-15,Cold Outreach,Backup real estate photographer,1a9d4030-0b61-4cc8-89f3-1bde331a1448
Paul Niehaus,pauln@windermere.com,541-226-6662,email,email,1,2026-09-15,2026-09-15,Cold Outreach,Backup real estate photographer,e140731a-a336-43aa-b664-af75868571b9
Paul Sokol,paulesokol@gmail.com,541-490-6645,email,email,1,2026-09-15,2026-09-15,Cold Outreach,Backup real estate photographer,b52acb05-0617-4cf3-a4fa-28e1484bd681
Paula Fordham,paulafordham@windermere.com,503-269-6075,email,email,1,2026-09-15,2026-09-15,Cold Outreach,Backup real estate photographer,9d0d4e8b-52b0-4f2b-b16c-817e48e84552
Paula Rini,prini@windermere.com,541-554-6787,email,email,1,2026-09-15,2026-09-15,Cold Outreach,Backup real estate photographer,208f0ab4-17dc-4e62-9a02-ff057f934a04
Peggi Vernon,peggivernon@yahoo.com,775-225-8177,email,email,1,2026-09-15,2026-09-15,Cold Outreach,Backup real estate photographer,09533eaa-7a98-4da5-ba05-dd9b5fa18856
Peggy Reaume,peggyreaume@windermere.com,503-781-7484,email,email,1,2026-09-15,2026-09-15,Cold Outreach,Backup real estate photographer,43596672-4f42-4edf-be4d-ae428b351748
Phil Wilson,philwilsonrealtor1@yahoo.com,541-590-9246,email,email,1,2026-09-15,2026-09-15,Cold Outreach,Backup real estate photographer,d7b8ddeb-37b0-4853-b547-c1d2db7d5e6a
Portland City  Properties Team,team@portlandcityproperties.com,,email,email,1,2026-09-15,2026-09-15,Cold Outreach,Backup real estate photographer,5bd853ac-03f4-4640-930b-3f4eea369e41
Portland Heights,pdxhts@windermere.com,,email,email,1,2026-09-15,2026-09-15,Cold Outreach,Backup real estate photographer,6c00f537-49ff-4382-b4dd-8aac5a618807
Prineville Admin.,prineville@windermere.com,,email,email,1,2026-09-15,2026-09-15,Cold Outreach,Backup real estate photographer,6b0517f4-1c74-47af-8309-41a58ebe98b9
"Quintin Bangert, SRS. PSA.",quintin@windermere.com,503-931-2445,email,email,1,2026-09-15,2026-09-15,Cold Outreach,Backup real estate photographer,9652e919-de79-420f-b95e-a1b318f2c297
Raliegh J. Grantham,raliegh@windermere.com,541-944-6411,email,email,1,2026-09-15,2026-09-15,Cold Outreach,Backup real estate photographer,6db7f9ea-8690-413f-a9c5-8ea01335969d
Randi Alldritt,randialldritt@gmail.com,971-225-8127,email,email,1,2026-09-15,2026-09-15,Cold Outreach,Backup real estate photographer,6a5f50e4-7cfc-42b2-9ea5-da59c4719490
Rani Conley,rani@ranisellshomes.com,541-255-9669,email,email,1,2026-09-15,2026-09-15,Cold Outreach,Backup real estate photographer,c9633d81-d9e5-48fa-a832-9eaddaad8f8e
Reba Owen,rowen_1@charter.net,503-440-1747,email,email,1,2026-09-15,2026-09-15,Cold Outreach,Backup real estate photographer,1834faf3-70a4-4b96-b57b-2a2c53a7e5e6
Rebecca Rocha,rebeccarocha@windermere.com,541-841-8878,email,email,1,2026-09-15,2026-09-15,Cold Outreach,Backup real estate photographer,2967bf23-85e5-4304-869e-32de77cc5362
Reese Iris,reese@reeseandcopdx.com,,email,email,1,2026-09-15,2026-09-15,Cold Outreach,Backup real estate photographer,9176b1b3-4a83-4b46-b4cf-e099b617e3fd
Regina Cameli,rcameli@windermere.com,503-341-8898,email,email,1,2026-09-15,2026-09-15,Cold Outreach,Backup real estate photographer,eff5c1df-dacc-4d56-b7cb-4fe81d33f213
René  Susak,rene@renesusak.com,503-449-2313,email,email,1,2026-09-15,2026-09-15,Cold Outreach,Backup real estate photographer,03c07754-b9f5-485e-ba2e-16294272a3a6
Reuben Schug,reubenschug@windermere.com,503-754-1930,email,email,1,2026-09-15,2026-09-15,Cold Outreach,Backup real estate photographer,374f3bd5-aee0-4ef7-aef4-de10231a2944
Rhonda R Smith,rhondasm@windermere.com,503-930-0652,email,email,1,2026-09-15,2026-09-15,Cold Outreach,Backup real estate photographer,e970f781-a645-4088-ab72-edc43b97c49e
Ricci Gibson,rgibson@windermere.com,541-415-0509,email,email,1,2026-09-15,2026-09-15,Cold Outreach,Backup real estate photographer,0b101103-fb3f-4293-a230-5aeb267840b2
Richard Brown,richardbrown@windermere.com,541-480-7567,email,email,1,2026-09-15,2026-09-15,Cold Outreach,Backup real estate photographer,ee1b5b3f-2d14-4007-a67e-f669d54f1a2b
Richard Caplan,rcaplan@windermere.com,503-497-5097,email,email,1,2026-09-15,2026-09-15,Cold Outreach,Backup real estate photographer,0be09d71-c80c-40ca-81a3-da9f8d4e5df4
Richard Glass,richard.glass@windermere.com,503-729-6971,email,email,1,2026-09-15,2026-09-15,Cold Outreach,Backup real estate photographer,d958c84f-6ccf-4f24-8d64-5e7f3f43ad95
Rick Christensen,rc@windermere.com,503-680-1111,email,email,1,2026-09-15,2026-09-15,Cold Outreach,Backup real estate photographer,b3f12a47-9a0f-4428-b8c9-e1cf66f2db1f
Rick Fite,rfite@windermere.com,541-301-8094,email,email,1,2026-09-15,2026-09-15,Cold Outreach,Backup real estate photographer,8970d8af-df2b-4b11-b25c-cad3b7a45743
Rick Guthrie,rickguthrie@windermere.com,541-993-0784,email,email,1,2026-09-15,2026-09-15,Cold Outreach,Backup real estate photographer,ba469715-a370-4060-8907-9f413056a4be
Rick Susnjara,susnjara@windermere.com,503-481-0888,email,email,1,2026-09-15,2026-09-15,Cold Outreach,Backup real estate photographer,4ed049df-71c2-4d23-be06-40344f252249
River Molyneaux,river@windermere.com,541-650-1226,email,email,1,2026-09-15,2026-09-15,Cold Outreach,Backup real estate photographer,089fcd06-0aa0-4955-adf4-9fd758e27be5
Roberta Tawell,rmtawell@aol.com,503-358-2851,email,email,1,2026-09-15,2026-09-15,Cold Outreach,Backup real estate photographer,da4c63f8-8725-4bd8-a5aa-8428c1fdb725
Robin Denburg,robin@realtyrobin.com,503-484-8402,email,email,1,2026-09-15,2026-09-15,Cold Outreach,Backup real estate photographer,6686142c-7e72-4d00-996a-00d5d5d00524
Robin Springer,rspringer@windermere.com,503-351-8531,email,email,1,2026-09-15,2026-09-15,Cold Outreach,Backup real estate photographer,e195f449-a3d7-4799-9ef8-16b1dbfebe0b
Roger Arndt,rarndt@windermere.com,503-880-3774,email,email,1,2026-09-15,2026-09-15,Cold Outreach,Backup real estate photographer,f0406f8a-d624-4f83-9887-022f827875d8
Rose M Ojeda,roseojeda@windermere.com,503-998-6450,email,email,1,2026-09-15,2026-09-15,Cold Outreach,Backup real estate photographer,2befe205-b012-4632-943f-ae799c515b96
Roy Branham,roybranham@windermere.com,541-324-9797,email,email,1,2026-09-15,2026-09-15,Cold Outreach,Backup real estate photographer,4e635996-6144-4f67-9663-3d42d5c629ec
Ruby Mason,rubymason@windermere.com,541-980-9104,email,email,1,2026-09-15,2026-09-15,Cold Outreach,Backup real estate photographer,61ede325-b642-43c5-80d7-cd9facac3ba3
Ryan Chiarella,ryanchiarella@windermere.com,732-556-8347,email,email,1,2026-09-15,2026-09-15,Cold Outreach,Backup real estate photographer,d7d51834-3c95-44d2-90ba-e397a5730fcb
Ryan Fordham,ryanfordham@windermere.com,503-569-1725,email,email,1,2026-09-15,2026-09-15,Cold Outreach,Backup real estate photographer,750bc4c1-c903-45b3-97c6-a5ad853e3dc7
Ryan Nelson,ryannelson@windermere.com,503-510-1910,email,email,1,2026-09-15,2026-09-15,Cold Outreach,Backup real estate photographer,cbf5d43c-31de-4df5-9c1c-c5d671002b11
Ryan Redding,ryanredding007@gmail.com,541-787-7177,email,email,1,2026-09-15,2026-09-15,Cold Outreach,Backup real estate photographer,3f116367-ec47-4785-8cf5-edf86f7deb12
Ryan Weider,ryanweider@windermere.com,541-891-4343,email,email,1,2026-09-15,2026-09-15,Cold Outreach,Backup real estate photographer,de4915e1-6f51-42f4-ae2e-ad05561dfcf8
Sai Hong (Fish) Wang,fish@windermere.com,541-350-8848,email,email,1,2026-09-15,2026-09-15,Cold Outreach,Backup real estate photographer,e128643a-641d-4056-af62-b43c17b82dd1
Sal Koeller,skoeller@windermere.com,503-201-2264,email,email,1,2026-09-15,2026-09-15,Cold Outreach,Backup real estate photographer,1285bc9a-a3c3-40a4-8458-e974636f5333
Sally Harrington,team007@windermere.com,541-727-1700,email,email,1,2026-09-15,2026-09-15,Cold Outreach,Backup real estate photographer,ff108272-3692-4db2-b709-207e0de44f2e
Samuel  Carlson,sam.carlson@windermere.com,971-330-2036,email,email,1,2026-09-15,2026-09-15,Cold Outreach,Backup real estate photographer,8a0a3aab-4a28-4e5c-86d5-b1566bde78a6
Sandra Ambrosio,sandraambrosio@windermere.com,971-732-9695,email,email,1,2026-09-15,2026-09-15,Cold Outreach,Backup real estate photographer,2e5dc782-13ac-4273-be58-8a3cb8e57164
Sandra Paoli,spaoliproperties@gmail.com,503-580-0160,email,email,1,2026-09-15,2026-09-15,Cold Outreach,Backup real estate photographer,a1753587-42ea-43b7-8627-df96e0b412bb
Sandra Worman,sandyworman2@gmail.com,541-821-6972,email,email,1,2026-09-15,2026-09-15,Cold Outreach,Backup real estate photographer,eb93ca5d-6f50-4f39-b66b-84299e4d02d6
Sandy Brown,sandyjbrown@windermere.com,831-588-8204,email,email,1,2026-09-15,2026-09-15,Cold Outreach,Backup real estate photographer,b61547ef-8c08-4bc5-a134-c0d8829180e7
Sandy Fogle,sandyfogle@windermere.com,503-334-7000,email,email,1,2026-09-15,2026-09-15,Cold Outreach,Backup real estate photographer,75838e81-252c-48e6-a424-642b6058fd43
Sara Moncrief,moncriefsara@gmail.com,541-499-1355,email,email,1,2026-09-15,2026-09-15,Cold Outreach,Backup real estate photographer,ff7f878c-cb05-4547-941a-3351096c8754
Sara Plestina Lewis,saralewis@windermere.com,503-481-3478,email,email,1,2026-09-15,2026-09-15,Cold Outreach,Backup real estate photographer,9d380e39-5600-4a97-9f91-aff2eaadfb4e
Sarah  Roelof,sarahroelof@windermere.com,503-510-1602,email,email,1,2026-09-15,2026-09-15,Cold Outreach,Backup real estate photographer,e0f3702d-3ebb-4abb-a6f7-aedf50b8f94d
Sarah Biernstein,sarahb@windermere.com,503-764-8493,email,email,1,2026-09-15,2026-09-15,Cold Outreach,Backup real estate photographer,2fb1a81a-26e6-4f75-8f6f-813ca1446abe
Sarah Coakley,sarahcoakley@windermere.com,503-334-6380,email,email,1,2026-09-15,2026-09-15,Cold Outreach,Backup real estate photographer,8d085fa6-8dae-43b2-8641-436695436b8c
Sarah Forsyth,sarahforsyth@windermere.com,541-968-1603,email,email,1,2026-09-15,2026-09-15,Cold Outreach,Backup real estate photographer,71b5cb6a-e426-4d2c-a9a6-e441f0727f13
Sarah Freitag,sarahf@windermere.com,503-551-3875,email,email,1,2026-09-15,2026-09-15,Cold Outreach,Backup real estate photographer,967ddc91-410e-4cae-b0fa-c0377dc9f906
Sarah Renard,sarah.renard@windermere.com,206-355-9741,email,email,1,2026-09-15,2026-09-15,Cold Outreach,Backup real estate photographer,b911c68c-3766-4d2b-b930-5f143173005e
Sasha Welford,sasha@willowgrouppdx.com,503-319-2225,email,email,1,2026-09-15,2026-09-15,Cold Outreach,Backup real estate photographer,84fbcfa7-27fc-4078-a3ac-fda54cdb9736
Scarlet Eikrem,scarlet@windermere.com,971-998-5279,email,email,1,2026-09-15,2026-09-15,Cold Outreach,Backup real estate photographer,d2b180c7-a17b-461e-8900-8882f3d9f176
Scott Magee,scottmagee@windermere.com,503-201-3354,email,email,1,2026-09-15,2026-09-15,Cold Outreach,Backup real estate photographer,8f9fdf7c-314e-4d02-9d2b-fb854e45fe3e
Sean Kelly,seankelly@windermere.com,503-860-2910,email,email,1,2026-09-15,2026-09-15,Cold Outreach,Backup real estate photographer,19948a92-f029-48b5-8efb-00281a400d62
Shane A. Myhre,myhrerealtor@gmail.com,541-321-8773,email,email,1,2026-09-15,2026-09-15,Cold Outreach,Backup real estate photographer,504eeeb8-ae61-4686-9501-6f6f1581e31c
Shannon Baird,shannon@sbairdrealestate.com,503-799-5095,email,email,1,2026-09-15,2026-09-15,Cold Outreach,Backup real estate photographer,9840a037-b867-43e3-b55f-8f3bfcc45a44
Shannon Stahl,sstahl@windermere.com,,email,email,1,2026-09-15,2026-09-15,Cold Outreach,Backup real estate photographer,8c4e9c69-8cea-4fce-af12-5a27665a7480
Shari Lowery,slowery@windermere.com,503-930-8891,email,email,1,2026-09-15,2026-09-15,Cold Outreach,Backup real estate photographer,fb65416b-37cf-44cc-82ae-0d6408103c7a
Sharlys Leszczuk,sharlys@windermere.com,973-255-9463,email,email,1,2026-09-15,2026-09-15,Cold Outreach,Backup real estate photographer,72ebf988-43b5-4cb0-a907-2072dd6bc923
Sharon Cook,sharon@sellingcharbonneau.com,971-424-2789,email,email,1,2026-09-15,2026-09-15,Cold Outreach,Backup real estate photographer,24a95e61-fea9-4381-9ad9-a5877a4f46f3
Shawn Dunn,dunnsh44@gmail.com,503-680-4925,email,email,1,2026-09-15,2026-09-15,Cold Outreach,Backup real estate photographer,b3647de9-36af-4c38-9acb-9d59a8c565d4
Shay Ryan-Blakeslee,shay@ryanandblakeslee.com,503-819-6419,email,email,1,2026-09-15,2026-09-15,Cold Outreach,Backup real estate photographer,68c71790-3455-47a6-9b9f-3e2bc4243f77
Sheila Johnson,sheilajohnson@windermere.com,503-880-0301,email,email,1,2026-09-15,2026-09-15,Cold Outreach,Backup real estate photographer,393426a7-6b46-43fc-9d7e-71361b3b75cd
Shelby Rice,shelbyrice@windermere.com,503-348-8440,email,email,1,2026-09-15,2026-09-15,Cold Outreach,Backup real estate photographer,c7f51f87-47dd-44ba-9bef-bb708d4421ff
Shelli McKenzie,shellimckenzie@windermere.com,503-932-8180,email,email,1,2026-09-15,2026-09-15,Cold Outreach,Backup real estate photographer,8f5874ac-ffa7-43d5-931a-b90439f1fa9d
Shelly Owen,shellyowen@windermere.com,714-812-0762,email,email,1,2026-09-15,2026-09-15,Cold Outreach,Backup real estate photographer,35617122-25e8-4b29-ba47-a1cc6e389f04
Shelly Samson,shellysamson@windermere.com,503-507-5934,email,email,1,2026-09-15,2026-09-15,Cold Outreach,Backup real estate photographer,7183c6db-acaa-4e62-a499-4e6835506505
Sherrol Butler,shbutler@windermere.com,503-497-5018,email,email,1,2026-09-15,2026-09-15,Cold Outreach,Backup real estate photographer,8139b0d3-5bd0-41d1-bc28-f2cf51a7f3d6
Sherrylin Cook,sherrylin@windermere.com,503-871-2701,email,email,1,2026-09-15,2026-09-15,Cold Outreach,Backup real estate photographer,e1168ba6-20ff-430d-97fb-1f2b369a8715
Shirley  Brown,shirleybrown.broker@gmail.com,509-956-6265,email,email,1,2026-09-15,2026-09-15,Cold Outreach,Backup real estate photographer,b505ace1-f162-48a4-be85-ccfd0af0f2ea
Sierra Harshfield,sierrah@windermere.com,541-420-1233,email,email,1,2026-09-15,2026-09-15,Cold Outreach,Backup real estate photographer,ae764cff-202c-427d-8f1b-30ca0ff95895
Siler & King Team,silerandkingteam@windermere.com,,email,email,1,2026-09-15,2026-09-15,Cold Outreach,Backup real estate photographer,c6a1ac0f-56ae-452f-ab90-07e399205819
Siobhan McAllister,smcallister@windermere.com,971-570-4929,email,email,1,2026-09-15,2026-09-15,Cold Outreach,Backup real estate photographer,ca3b7f07-1004-4fa4-8487-2415d2d59b42
Sonya Sperring,sonyasperring@gmail.com,503-975-1273,email,email,1,2026-09-15,2026-09-15,Cold Outreach,Backup real estate photographer,03da60eb-5145-4058-b558-f86558b92d1e
Sophie Burleigh,sophie@ameliehomes.com,360-600-4890,email,email,1,2026-09-15,2026-09-15,Cold Outreach,Backup real estate photographer,80168d02-b311-4f95-96b3-33570dac7abd
Stacey Puppo,staceywpuppo@windermere.com,503-438-9700,email,email,1,2026-09-15,2026-09-15,Cold Outreach,Backup real estate photographer,360005b4-5425-46f8-a4a8-108134954a4d
Stacy  Davis,stacyd@windermere.com,541-816-2595,email,email,1,2026-09-15,2026-09-15,Cold Outreach,Backup real estate photographer,d35d75a8-586f-49db-8945-04f39852d021
Stefanie Wallace,swallace@windermere.com,503-791-5846,email,email,1,2026-09-15,2026-09-15,Cold Outreach,Backup real estate photographer,11d838e4-8700-4549-bc93-963461726e65
Steph Auerbach,stephauerbach@windermere.com,818-430-4301,email,email,1,2026-09-15,2026-09-15,Cold Outreach,Backup real estate photographer,d5202270-0815-4729-9f09-b10c01a118f6
Steph Dutcher,tceugene@windermere.com,541-465-8199,email,email,1,2026-09-15,2026-09-15,Cold Outreach,Backup real estate photographer,a444927a-ba23-42ac-bb68-2a1fe0a3b841
Stephanie Conlon,operations@ashleyrealtyworks.com,503-954-0977,email,email,1,2026-09-15,2026-09-15,Cold Outreach,Backup real estate photographer,c4318f3f-dafd-4420-9316-49a525b82030
Stephen Marshall,stephen.m@windermere.com,509-551-3365,email,email,1,2026-09-15,2026-09-15,Cold Outreach,Backup real estate photographer,60e2c018-7e18-4f19-9668-b95fa401345e
Stephen Redman,sredman@windermere.com,541-754-6101,email,email,1,2026-09-15,2026-09-15,Cold Outreach,Backup real estate photographer,e34c35bd-92ce-46a3-a5ba-523bdaf99f2d
Stephen Seus,stephenseus@windermere.com,541-531-3966,email,email,1,2026-09-15,2026-09-15,Cold Outreach,Backup real estate photographer,4d80c3d8-2905-446e-b131-91606fc2e949
Steve Backer,sbacker@windermere.com,503-459-2319,email,email,1,2026-09-15,2026-09-15,Cold Outreach,Backup real estate photographer,cf8b8230-432d-4881-9610-529928792642
Steve Grimm,stevegrimm@windermere.com,503-853-4981,email,email,1,2026-09-15,2026-09-15,Cold Outreach,Backup real estate photographer,5086b37a-850c-4b4a-b1ef-477a913ffe13
Steve Parmelee,realtor007@windermere.com,541-821-2955,email,email,1,2026-09-15,2026-09-15,Cold Outreach,Backup real estate photographer,2212e5a1-8093-4633-9e52-6f53b2e236a6
Steve Redman,steveredman@windermere.com,,email,email,1,2026-09-15,2026-09-15,Cold Outreach,Backup real estate photographer,8d130b09-7423-4c06-aa3f-75b4a5371d82
Steven Richeson,stevenricheson@windermere.com,503-901-1240,email,email,1,2026-09-15,2026-09-15,Cold Outreach,Backup real estate photographer,dd44e14a-26f7-404e-bdec-913438ee50a9
Stuart Hollander,shollander@windermere.com,541-285-2970,email,email,1,2026-09-15,2026-09-15,Cold Outreach,Backup real estate photographer,c7361b8f-df6b-4b94-9c1c-889235b94c44
Sue Caicedo,suecaicedo@windermere.com,503-505-2174,email,email,1,2026-09-15,2026-09-15,Cold Outreach,Backup real estate photographer,b325f931-4db5-4e73-aff3-0873801155d6
Sue Coon,scoon@windermere.com,503-730-8354,email,email,1,2026-09-15,2026-09-15,Cold Outreach,Backup real estate photographer,17c594bd-82aa-4b2f-b33b-13e26c339f9e
Sue Higgins,suehiggins@windermere.com,503-807-2511,email,email,1,2026-09-15,2026-09-15,Cold Outreach,Backup real estate photographer,e6ca28da-5ef2-483f-b67f-6873e4d106f4
Sue Sullivan,sue@mahaffygroup.com,,email,email,1,2026-09-15,2026-09-15,Cold Outreach,Backup real estate photographer,160c63dd-e8b1-4025-8089-9f8565de71cf
Sunny Freeman,sunnyfreeman@windermere.com,503-970-1501,email,email,1,2026-09-15,2026-09-15,Cold Outreach,Backup real estate photographer,1d3a36a8-f26b-4f73-aae0-a17fd11984e9
Susan Cassidy,cassidyhomes@windermere.com,503-545-4950,email,email,1,2026-09-15,2026-09-15,Cold Outreach,Backup real estate photographer,175893a7-e7d9-4abc-b8da-78ee3e68a56c
Susan Gibson Stier,susan.stier@comcast.net,503-701-0066,email,email,1,2026-09-15,2026-09-15,Cold Outreach,Backup real estate photographer,7f902101-15ee-42f2-a3b9-2b6a845b9ae3
Susan Jaeger,susanandmarian@windermere.com,541-582-8000,email,email,1,2026-09-15,2026-09-15,Cold Outreach,Backup real estate photographer,8362553d-8a4a-4593-bfe3-fdb151f11d1e
Susan Loop,susanloop@windermere.com,503-780-9543,email,email,1,2026-09-15,2026-09-15,Cold Outreach,Backup real estate photographer,57cb4166-27db-466d-8540-a876ca134b99
Susan Suzuki,susan@willowgrouppdx.com,971-645-1505,email,email,1,2026-09-15,2026-09-15,Cold Outreach,Backup real estate photographer,2358e42d-4362-45d7-8616-cd3982995f91
Susannah Nord,susannah@windermere.com,503-741-5194,email,email,1,2026-09-15,2026-09-15,Cold Outreach,Backup real estate photographer,b1f380cc-1b2a-4a9a-8c05-4f962c69dba8
Susie Hunt Moran,susie@windermere.com,503-970-9866,email,email,1,2026-09-15,2026-09-15,Cold Outreach,Backup real estate photographer,920661c1-21ce-48c9-bdee-73221e68796d
Suzanne Corvi,suzanne@dennisoncapengroup.com,503-679-0564,email,email,1,2026-09-15,2026-09-15,Cold Outreach,Backup real estate photographer,961f690d-6a69-46c2-929c-2c4a8764abe8
Suzanne Elstad,selstad@windermere.com,503-577-2130,email,email,1,2026-09-15,2026-09-15,Cold Outreach,Backup real estate photographer,60c1305a-74e6-46a1-b03e-e6ee0f831f25
Suzanne Goddyn,sgoddyn@windermere.com,503-830-8516,email,email,1,2026-09-15,2026-09-15,Cold Outreach,Backup real estate photographer,21e9060d-8a96-408d-b05d-068ec3ae6bd8
Suzie Matney P.C.,suziesellsoregon@gmail.com,541-660-9818,email,email,1,2026-09-15,2026-09-15,Cold Outreach,Backup real estate photographer,6abdc76f-1780-4a22-a5b0-09d0eeeda577
Tam Nguyen,tam@windermere.com,,email,email,1,2026-09-15,2026-09-15,Cold Outreach,Backup real estate photographer,5c680259-a0ac-4144-bc79-36bd37364e58
Tammy Going,tgoing@windermere.com,503-442-2169,email,email,1,2026-09-15,2026-09-15,Cold Outreach,Backup real estate photographer,62c512c2-1666-41a5-8a1a-cea385a8f668
Tamra Dimmick,tamra@tamradimmick.com,503-505-1506,email,email,1,2026-09-15,2026-09-15,Cold Outreach,Backup real estate photographer,5d9d9aa0-de57-4dda-88ba-3e5a76b935f0
Tanner  York,tanneryork@windermere.com,541-892-2411,email,email,1,2026-09-15,2026-09-15,Cold Outreach,Backup real estate photographer,308959a6-cefc-4c7b-83cf-ee99bba5bf21
Tara Blair,tblair@windermere.com,971-570-6380,email,email,1,2026-09-15,2026-09-15,Cold Outreach,Backup real estate photographer,e2a7f466-d054-486b-8aff-1d27a8dbd484
Tara Jacobi,tarajacobi@windermere.com,541-326-2300,email,email,1,2026-09-15,2026-09-15,Cold Outreach,Backup real estate photographer,8e64c703-6891-436a-9f43-cc153a12b743
Tara Jo Hayes,tarajo@windermere.com,541-912-0103,email,email,1,2026-09-15,2026-09-15,Cold Outreach,Backup real estate photographer,aa93a7bf-4513-4298-af6e-b9c0a86a954a
Tawny Morris,tmorris@windermere.com,503-320-0432,email,email,1,2026-09-15,2026-09-15,Cold Outreach,Backup real estate photographer,9b8fd464-2b3f-43eb-8cea-8abb6b8c05f3
Teresa K. Christensen,teresachristensen@windermere.com,541-601-4238,email,email,1,2026-09-15,2026-09-15,Cold Outreach,Backup real estate photographer,657c201b-3c27-4547-a3dd-c8d9f66dbead
Teresa Kirsch,teresak@windermere.com,503-708-2784,email,email,1,2026-09-15,2026-09-15,Cold Outreach,Backup real estate photographer,ece67c00-3790-4c20-a66a-9033f7c335ad
Teresa Rickard,teresa.rickard@windermere.com,503-380-9442,email,email,1,2026-09-15,2026-09-15,Cold Outreach,Backup real estate photographer,fefcb830-cdf4-4b0d-9ec5-6f4a08d8d290
Teresa St. Martin,teresa@sparkofgreen.com,503-312-8102,email,email,1,2026-09-15,2026-09-15,Cold Outreach,Backup real estate photographer,0b1cd377-e29f-4c36-ba7f-a51488bbda0f
Tetiana Justice,tjustice@windermere.com,541-450-2361,email,email,1,2026-09-15,2026-09-15,Cold Outreach,Backup real estate photographer,de8e237e-6dae-4df9-b2bb-a79e9637d8ff
The Caplener  Group,thecaplenergroup@windermere.com,,email,email,1,2026-09-15,2026-09-15,Cold Outreach,Backup real estate photographer,b87c22d3-c128-422c-90e8-4b3dc1201852
The MacNaughton Group,all@macgroup.net,,email,email,1,2026-09-15,2026-09-15,Cold Outreach,Backup real estate photographer,b7388cc2-44f9-4390-a3de-b65e6f45433f
Theresa Crough,tnc@windermere.com,503-830-1711,email,email,1,2026-09-15,2026-09-15,Cold Outreach,Backup real estate photographer,63d035b9-bcda-44ad-8ddf-974a8b341f66
Theresa Peyralans,theresa@windermere.com,503-516-7001,email,email,1,2026-09-15,2026-09-15,Cold Outreach,Backup real estate photographer,8ae2ab3a-b203-4475-bee9-1f933f33532a
Theresa Silver,theresasilver@windermere.com,,email,email,1,2026-09-15,2026-09-15,Cold Outreach,Backup real estate photographer,86962bfa-20fe-4173-8f97-c5e62f64933a
Therese Wheeler,twheeler@windermere.com,971-293-9200,email,email,1,2026-09-15,2026-09-15,Cold Outreach,Backup real estate photographer,5d39ae8e-273e-4ed1-88c9-07df842fc015
Tim  Wei,timwei@windermere.com,503-349-1981,email,email,1,2026-09-15,2026-09-15,Cold Outreach,Backup real estate photographer,88835931-ff74-4d8d-8f55-2f6fa26ee273
Tim Regan,timregan@usa.net,503-738-2419,email,email,1,2026-09-15,2026-09-15,Cold Outreach,Backup real estate photographer,d1bd8820-da38-40e2-af29-a7d4981b0ea8
Tina Chapman,tcog121@aol.com,503-440-9957,email,email,1,2026-09-15,2026-09-15,Cold Outreach,Backup real estate photographer,def99f32-b91d-4009-97ee-ba7b7182953e
Tina Li,tinajadeli@comcast.net,503-961-3271,email,email,1,2026-09-15,2026-09-15,Cold Outreach,Backup real estate photographer,1a6d0e3a-e93e-409a-8bb2-a03449a342c7
Todd Bouchard,toddb@windermere.com,503-750-0112,email,email,1,2026-09-15,2026-09-15,Cold Outreach,Backup real estate photographer,a905e7a2-56e0-44ef-8cb3-b05262394801
Todd Prendergast,tprendergast@windermere.com,,email,email,1,2026-09-15,2026-09-15,Cold Outreach,Backup real estate photographer,6682e74d-559a-416c-91f2-fad4cf5b0ca0
Todd Zinda,toddzinda@windermere.com,503-314-6888,email,email,1,2026-09-15,2026-09-15,Cold Outreach,Backup real estate photographer,3cb9fbdd-402d-47ec-91c1-7ea8bf08681d
Tom Hall,tomhall@windermere.com,503-580-3289,email,email,1,2026-09-15,2026-09-15,Cold Outreach,Backup real estate photographer,3b61f7f6-a186-4c0a-ad1e-05fc544ddd37
Tom Kerr,tom@tomkerrhomes.com,503-758-5561,email,email,1,2026-09-15,2026-09-15,Cold Outreach,Backup real estate photographer,5fcc969b-04b5-4909-9c42-3d27c0c6ecc7
Tony Carpenter,tonycarpenter@windermere.com,503-809-7360,email,email,1,2026-09-15,2026-09-15,Cold Outreach,Backup real estate photographer,f4597657-ae51-45d6-96ea-03edbc473a08
Tracy Ledgerwood,tracy@kfallshomes.com,541-591-1407,email,email,1,2026-09-15,2026-09-15,Cold Outreach,Backup real estate photographer,2e3de19d-3c76-4572-b102-a38cbe083a4a
Trampas McCrae,trampas@windermere.com,541-429-1900,email,email,1,2026-09-15,2026-09-15,Cold Outreach,Backup real estate photographer,06b93dc4-de43-497a-a69a-19faedc17ecf
Travis Baker,travisbaker@windermere.com,503-799-8782,email,email,1,2026-09-15,2026-09-15,Cold Outreach,Backup real estate photographer,1c408bae-9085-4ae8-8cee-c1ffd661f6a2
Trisha Frizelle,trishafrizelle@windermere.com,503-851-9130,email,email,1,2026-09-15,2026-09-15,Cold Outreach,Backup real estate photographer,63dc1b1e-bc73-4aa3-984f-6872dbc95bb7
Troy Mole,troy@windermere.com,541-520-8065,email,email,1,2026-09-15,2026-09-15,Cold Outreach,Backup real estate photographer,59c34e35-debf-415f-a3b7-9ff5220d0abe
Tyler King,tyler.king@windermere.com,503-735-5868,email,email,1,2026-09-15,2026-09-15,Cold Outreach,Backup real estate photographer,fc6e6105-f509-4028-9471-6fac2b19a6cc
Tyler Trowbridge,tyler.trowbridge@windermere.com,503-816-6100,email,email,1,2026-09-15,2026-09-15,Cold Outreach,Backup real estate photographer,02462385-8fec-4958-ade5-f20e633b2f2d
Vance  Corcoran,vcorcoran@windermere.com,503-267-9221,email,email,1,2026-09-15,2026-09-15,Cold Outreach,Backup real estate photographer,7d5b1411-0f09-482d-8380-505e18a8cbaa
Vance Lynch,vance@windermere.com,541-543-8501,email,email,1,2026-09-15,2026-09-15,Cold Outreach,Backup real estate photographer,a3d8368f-ad92-4424-8a5f-ea0b640cef8e
Vanessa West,vwest@windermere.com,541-999-9778,email,email,1,2026-09-15,2026-09-15,Cold Outreach,Backup real estate photographer,473a87e6-b787-4287-a932-a88c5e132d3b
Venessa Snow,venessa.soldbysnow@gmail.com,970-888-2955,email,email,1,2026-09-15,2026-09-15,Cold Outreach,Backup real estate photographer,077f0666-6865-48a6-8558-d243c72326e3
Vikki Breese-Iverson,vikkib@windermere.com,541-480-7872,email,email,1,2026-09-15,2026-09-15,Cold Outreach,Backup real estate photographer,96e369ea-9466-453b-a0a3-53f1ffba9483
Virginia Getz,virginiagetzpdx@gmail.com,503-658-2030,email,email,1,2026-09-15,2026-09-15,Cold Outreach,Backup real estate photographer,0308134b-9c59-4f5d-8729-fb587de81ad4
Virginia King,virginiak@windermere.com,503-930-5920,email,email,1,2026-09-15,2026-09-15,Cold Outreach,Backup real estate photographer,0c8598cd-64a8-4432-a105-c52ea43dcb5f
Virginia Sewell,vsewell@windermere.com,503-432-8233,email,email,1,2026-09-15,2026-09-15,Cold Outreach,Backup real estate photographer,8b2b7408-4fa4-43a9-8cdb-3a3af156e183
Wendy Howerton Birchfield,wendyb@windermere.com,541-272-9190,email,email,1,2026-09-15,2026-09-15,Cold Outreach,Backup real estate photographer,480acbfd-8c18-4a59-9518-a8bb5834cf3f
Wendy Vaughan,wendycvaughan@gmail.com,541-601-9595,email,email,1,2026-09-15,2026-09-15,Cold Outreach,Backup real estate photographer,2c53b665-1463-4cc4-b1e3-9c1b4cd120fb
West Salem,westsalem@windermere.com,,email,email,1,2026-09-15,2026-09-15,Cold Outreach,Backup real estate photographer,cc5e5a91-60e9-447a-80f3-6f64479ea6cb
Wick Ashley,wick@ashleyrealtyworks.com,503-830-5167,email,email,1,2026-09-15,2026-09-15,Cold Outreach,Backup real estate photographer,576f6dda-8b36-496b-9f3a-87c84198f089
William Gilliland,wgilliland@windermere.com,503-333-6475,email,email,1,2026-09-15,2026-09-15,Cold Outreach,Backup real estate photographer,ef0e09e1-c3d8-4d7f-ba5a-9d45aaf6c4d8
Windermere Pacific City,teufelhill@gmail.com,503-312-4622,email,email,1,2026-09-15,2026-09-15,Cold Outreach,Backup real estate photographer,83c21ec1-ddda-4f57-88f7-2e027b674b56
Windermere Property Management Columbia Gorge,gorgerentals@windermere.com,,email,email,1,2026-09-15,2026-09-15,Cold Outreach,Backup real estate photographer,9a04ee31-e98f-4ce7-90cc-7511d189f27f
Windermere Salem,salem@windermere.com,503-391-1350,email,email,1,2026-09-15,2026-09-15,Cold Outreach,Backup real estate photographer,e4f69a8d-9fcc-4112-b681-1d51bd061ef9
Windermere Services Oregon & SW Washington,wscoregon@windermere.com,,email,email,1,2026-09-15,2026-09-15,Cold Outreach,Backup real estate photographer,9f8eb24a-0532-463a-8bf6-3c1ee2aaba40
Windermere Shady Cove,trailsendsc@windermere.com,,email,email,1,2026-09-15,2026-09-15,Cold Outreach,Backup real estate photographer,6fdf8351-9cc4-4c69-9701-4df440d469e5
Windermere West Coast Properties,newport@windermere.com,541-265-5455,email,email,1,2026-09-15,2026-09-15,Cold Outreach,Backup real estate photographer,db6c5c9b-a7e3-457f-9b3e-e1d17eab85de
Windermere Willamette Valley / Albany,albany@windermere.com,541-791-4663,email,email,1,2026-09-15,2026-09-15,Cold Outreach,Backup real estate photographer,ab2e83ac-9cb9-4def-a138-c33b5aa9e953
Windermere Willamette Valley / Corvallis,corvallis@windermere.com,,email,email,1,2026-09-15,2026-09-15,Cold Outreach,Backup real estate photographer,905a391b-48e9-426c-acd4-612e45f0989f
Windy Bailey,windyb@windermere.com,503-704-0651,email,email,1,2026-09-15,2026-09-15,Cold Outreach,Backup real estate photographer,5d39f165-7352-4da9-b593-faf218c27d09
Wyatt Willis,wyattwillis@windermere.com,541-604-4497,email,email,1,2026-09-15,2026-09-15,Cold Outreach,Backup real estate photographer,0845d89f-d379-45e1-8669-f03c10603e3a
Yamire Hanze,yamirehanze@windermere.com,458-226-1555,email,email,1,2026-09-15,2026-09-15,Cold Outreach,Backup real estate photographer,628578b5-d4c2-40ac-9f8f-d482af4aa4d2
Yasmine  Foroud,yasmine@yasmineonyourside.com,503-758-4944,email,email,1,2026-09-15,2026-09-15,Cold Outreach,Backup real estate photographer,7c190f5e-92a6-4e18-a789-5da34fe001a7
Zach Fischer,zachfischer@windermere.com,503-508-7178,email,email,1,2026-09-15,2026-09-15,Cold Outreach,Backup real estate photographer,11f254f8-0b4d-4662-98cd-e12cd7c35460
Zachary Levesque,zachlevesque@windermere.com,541-233-3040,email,email,1,2026-09-15,2026-09-15,Cold Outreach,Backup real estate photographer,5a439a98-bbb5-4ec4-a283-276ccc8a3e0d
Zia Estrella,ziaestrella@windermere.com,541-699-6570,email,email,1,2026-09-15,2026-09-15,Cold Outreach,Backup real estate photographer,ebd3f56f-4590-4cbf-a33c-25145ab527a2
Alaina Jones,alainajonesrealty@gmail.com,971-237-2825,email,email,1,2026-09-16,2026-09-16,Cold Outreach,Backup real estate photographer,c66bbd82-76e2-4f29-b48b-ad867a045061
Alva Bracey,alva@cbcoast.com,541-505-1180,email,email,1,2026-09-16,2026-09-16,Cold Outreach,Backup real estate photographer,4ce91874-fcf7-498c-a18f-6e3985546ae0
Alyshia Ware,ware4realtor@gmail.com,541-272-5175,email,email,1,2026-09-16,2026-09-16,Cold Outreach,Backup real estate photographer,fc24b451-bd70-43b3-881e-464b835b2926
Amalia Ybarra,amaliaybarra@cboregon.com,503-851-3434,email,email,1,2026-09-16,2026-09-16,Cold Outreach,Backup real estate photographer,20b12552-f3d5-424c-9a42-e1f83357f0d3
Amanda Norris,amanda.cbsun@gmail.com,541-460-0121,email,email,1,2026-09-16,2026-09-16,Cold Outreach,Backup real estate photographer,4e7c385e-6890-4877-b8d1-8be51ab59f68
Amber Nordyke,ambernordyke@valleybrokers.com,541-757-0222,email,email,1,2026-09-16,2026-09-16,Cold Outreach,Backup real estate photographer,58d2706e-8317-4a92-aea0-d2e653bc933d
Amy Boynton,amyboyntonrealestate@gmail.com,,email,email,1,2026-09-16,2026-09-16,Cold Outreach,Backup real estate photographer,7f765241-6d10-4a17-b211-942ffa92e50b
Amy Kane,amy.kane@coldwellbankerpg.com,971-522-8601,email,email,1,2026-09-16,2026-09-16,Cold Outreach,Backup real estate photographer,eb4a2008-4193-4f05-a04e-c3c27e30c18d
Andy Johnson,andy.johnson@cbcoast.com,541-997-7777,email,email,1,2026-09-16,2026-09-16,Cold Outreach,Backup real estate photographer,883d93a5-d9f5-4132-b16b-30b1d4181456
Anissa Branch,anissabranchrealestate@gmail.com,541-994-7760,email,email,1,2026-09-16,2026-09-16,Cold Outreach,Backup real estate photographer,3114b825-0694-4fb1-9196-97f5c688b1db
Anita Zeno,az@anitazenorealty.com,971-808-8287,email,email,1,2026-09-16,2026-09-16,Cold Outreach,Backup real estate photographer,6a231ab4-2e3f-4efa-934a-579dbe6a2421
Ann-Marie Kaelin,teamkaelinrealestate@gmail.com,541-335-1331,email,email,1,2026-09-16,2026-09-16,Cold Outreach,Backup real estate photographer,85074abf-204d-4908-a5a9-b2b8f6ccb730
Annette Montgomery,annie.montgomery@cbrealty.com,541-480-4301,email,email,1,2026-09-16,2026-09-16,Cold Outreach,Backup real estate photographer,83e2d992-89ec-41ca-948b-1fa9cfcc46eb
Annette Raasch,annette.raasch@cbrealty.com,503-888-0239,email,email,1,2026-09-16,2026-09-16,Cold Outreach,Backup real estate photographer,fcb56585-51bc-41b4-8eca-8646fc94ca95
April Lagasse,alagasse@cbkfalls.com,541-274-9508,email,email,1,2026-09-16,2026-09-16,Cold Outreach,Backup real estate photographer,89bb9695-235f-4110-8a86-e9ffd55bb133
April Munoz-Valladolid,april.munozvalladolid@gmail.com,541-270-4252,email,email,1,2026-09-16,2026-09-16,Cold Outreach,Backup real estate photographer,3918762c-b1eb-465b-a400-f0b12242e6b4
Aric Sneddon,aric@cbcoast.com,,email,email,1,2026-09-16,2026-09-16,Cold Outreach,Backup real estate photographer,12c31120-0a34-43b3-b1bf-ec456b0b79d1
Ashley McCormick,ashley.cbsun@gmail.com,541-447-4433,email,email,1,2026-09-16,2026-09-16,Cold Outreach,Backup real estate photographer,da23b4ac-d706-400e-820a-7b585c16784c
Barbara Jackson,barbara.jackson1@cbrealty.com,541-306-8186,email,email,1,2026-09-16,2026-09-16,Cold Outreach,Backup real estate photographer,72b432a6-7d3f-46ae-8a8a-09d8a196c15d
Ben Saurman,brokerbensaurman@gmail.com,541-944-0894,email,email,1,2026-09-16,2026-09-16,Cold Outreach,Backup real estate photographer,a0848fee-ca46-41bf-b60b-0661a8ff5a5d
Berta McKaig,mckaigrealestate@gmail.com,503-538-0468,email,email,1,2026-09-16,2026-09-16,Cold Outreach,Backup real estate photographer,d7482c4b-38ee-4147-a82c-45f1e302a965
Blake Joerger,blake.joerger@cbrealty.com,503-333-1411,email,email,1,2026-09-16,2026-09-16,Cold Outreach,Backup real estate photographer,d8e82ec0-d8d5-4947-bb55-2ff425e7ba27
Bob Van Deusen,bobvandeusen1@hotmail.com,503-364-9596,email,email,1,2026-09-16,2026-09-16,Cold Outreach,Backup real estate photographer,a4f30f46-f1b8-484a-abd5-7c5b904ff597
Bobbie Jager,bobbie.jager@gmail.com,503-883-9473,email,email,1,2026-09-16,2026-09-16,Cold Outreach,Backup real estate photographer,4f0e30eb-d85d-4724-97a3-138ed22a8f28
Bonnie Horab,bonnie.horab@gmail.com,503-515-8639,email,email,1,2026-09-16,2026-09-16,Cold Outreach,Backup real estate photographer,1bc17213-6740-46a0-80b5-4ea0dddacef1
Boris Buzan,boris.buzan@cbrealty.com,971-268-3262,email,email,1,2026-09-16,2026-09-16,Cold Outreach,Backup real estate photographer,00c08e77-728c-4cdf-8cc7-2b49b1f4db43
Brad Driggers,brad.driggers@cbrealty.com,541-977-2611,email,email,1,2026-09-16,2026-09-16,Cold Outreach,Backup real estate photographer,f7ebac68-2a70-4c16-a9bb-9f67df477078
Brad LeCompte,bradlecompte@gmail.com,,email,email,1,2026-09-16,2026-09-16,Cold Outreach,Backup real estate photographer,a54cc0cd-62e4-462f-9827-749ae5b09646
Brandon Reeves,brandon.reeves@cbrealty.com,360-742-2737,email,email,1,2026-09-16,2026-09-16,Cold Outreach,Backup real estate photographer,40eeeddb-b69d-4c6d-a76d-234e383c5114
Brandy Campbell,brandycampbellreb24@gmail.com,,email,email,1,2026-09-16,2026-09-16,Cold Outreach,Backup real estate photographer,a1f32caa-8e3e-4766-aefc-585f24a3fc0e
Brenda Meyers,brenda.meyers@cbrealty.com,503-644-0686,email,email,1,2026-09-16,2026-09-16,Cold Outreach,Backup real estate photographer,593260c3-462c-4848-a93d-deffd74e8995
Brian Joseph,salemorhomes@gmail.com,,email,email,1,2026-09-16,2026-09-16,Cold Outreach,Backup real estate photographer,d933c261-4fe7-44ae-a3a5-cfa98a0bc03f
Brittany Flanagan,brittanyflanagancb@gmail.com,503-310-5370,email,email,1,2026-09-16,2026-09-16,Cold Outreach,Backup real estate photographer,e0e83f0d-5af3-4138-a574-35fafa2bf93c
Brooke Bennett,brookebennett735@gmail.com,503-207-6601,email,email,1,2026-09-16,2026-09-16,Cold Outreach,Backup real estate photographer,7c286e5e-2413-4666-864a-33b78e9df431
Caralee Angell,caralee.angell@cbrealty.com,503-209-3282,email,email,1,2026-09-16,2026-09-16,Cold Outreach,Backup real estate photographer,fc001efd-3d75-45b1-9fc5-fc4d3d2af489
Carolyn Wilkinson,carolyn@prinevillerealty.com,541-848-0728,email,email,1,2026-09-16,2026-09-16,Cold Outreach,Backup real estate photographer,af191e88-253f-4812-9e70-6e28c8413a6c
Carrie Lawson,carrie@carrielawsonrealtor.com,503-537-8301,email,email,1,2026-09-16,2026-09-16,Cold Outreach,Backup real estate photographer,560d7d8e-f788-422f-a0e7-bf84eda2d623
Cathy Knowland,catherinaknowland@gmail.com,,email,email,1,2026-09-16,2026-09-16,Cold Outreach,Backup real estate photographer,78efbb8b-891b-4c4a-afb2-a3b2e08b764e
Ceasar Quinonez,ceasarq1620@gmail.com,541-890-7450,email,email,1,2026-09-16,2026-09-16,Cold Outreach,Backup real estate photographer,6224f773-ca8e-49a8-9200-35c970ee1f59
Chad Estes,chad.estes@cbrealty.com,503-867-6388,email,email,1,2026-09-16,2026-09-16,Cold Outreach,Backup real estate photographer,80fadcbd-afe3-40ee-a4be-2b2c9f739972
Charity Blankenship,charity@valleybrokers.com,,email,email,1,2026-09-16,2026-09-16,Cold Outreach,Backup real estate photographer,24b20ccc-9dbc-42af-bf77-cc71760be41a
Chelsea Hart,chelseachart@gmail.com,509-737-7296,email,email,1,2026-09-16,2026-09-16,Cold Outreach,Backup real estate photographer,b62911d7-9a8f-4a04-b87a-d08cc8f6f413
Chris McDonald Dockter,chris.dockter@cbrealty.com,503-481-8668,email,email,1,2026-09-16,2026-09-16,Cold Outreach,Backup real estate photographer,6c267239-2921-4e3c-8280-289dbf538cd4
Chris Pfau,chrisrealtorpro@gmail.com,458-220-8881,email,email,1,2026-09-16,2026-09-16,Cold Outreach,Backup real estate photographer,8b7b47b5-b59f-4f8d-9985-1ba2d4a71aad
Chrissy Cox,yourhomeontheoregoncoast@gmail.com,541-272-9522,email,email,1,2026-09-16,2026-09-16,Cold Outreach,Backup real estate photographer,2cafc68c-debc-478c-8207-b8d3af264993
Chrystal Stutesman,chrystalstutesman@gmail.com,541-543-0283,email,email,1,2026-09-16,2026-09-16,Cold Outreach,Backup real estate photographer,cac997e4-b1b1-4e48-9353-fd77081fab51
Cindy Ludwig,cindy.ludwig@cbrealty.com,503-422-5186,email,email,1,2026-09-16,2026-09-16,Cold Outreach,Backup real estate photographer,7c9ce1b4-3a03-4e43-b0aa-d4f71cc414d7
Cindy Suttles,cindysuttles2024@gmail.com,503-269-9945,email,email,1,2026-09-16,2026-09-16,Cold Outreach,Backup real estate photographer,ebd6466d-a504-49d5-aba0-28e01205e452
Coldwell Banker Team,marketing@cbkfalls.com,541-884-1343,email,email,1,2026-09-16,2026-09-16,Cold Outreach,Backup real estate photographer,f7aa6070-ff00-4be3-91c7-77ff9d569708
Colton Mork,colton.mork@cbrealty.com,503-730-0842,email,email,1,2026-09-16,2026-09-16,Cold Outreach,Backup real estate photographer,b52052f3-9581-4b16-82d5-a5ca932e671b
Connie Lee Tuchman,connie.tuchman@cbpacific.com,808-451-8284,email,email,1,2026-09-16,2026-09-16,Cold Outreach,Backup real estate photographer,de44447c-34a3-4ae3-be29-6b7ee9cffd64
Connie Smith,business.overages@gmail.com,,email,email,1,2026-09-16,2026-09-16,Cold Outreach,Backup real estate photographer,748a96da-0223-4c3c-be2a-dfcc3c76540b
Cookie Peddicord,cookieincrookco@gmail.com,541-410-1663,email,email,1,2026-09-16,2026-09-16,Cold Outreach,Backup real estate photographer,d92e468c-be77-44f6-9c6d-e32333b57db3
Corinne Kusmin,corinne.kusmin@cbrealty.com,971-645-3133,email,email,1,2026-09-16,2026-09-16,Cold Outreach,Backup real estate photographer,e9d6da00-9cb2-4ad8-b897-cc6368ac13f2
Corinne Painter,corinnepainterrealtor@gmail.com,541-868-8444,email,email,1,2026-09-16,2026-09-16,Cold Outreach,Backup real estate photographer,452655ac-763c-47ed-8879-2cb71488ff6b
Cory Knowland,corwinknowland@gmail.com,,email,email,1,2026-09-16,2026-09-16,Cold Outreach,Backup real estate photographer,027c1b01-c8c3-4522-81a8-9f9c0e979cda
Cory Sanchez,corysanchez744@gmail.com,541-351-5753,email,email,1,2026-09-16,2026-09-16,Cold Outreach,Backup real estate photographer,d19c1bac-31a7-4078-8d6b-d3f136af2a63
Covington Vego,vego@comcast.net,,email,email,1,2026-09-16,2026-09-16,Cold Outreach,Backup real estate photographer,00db5565-bb9f-4f46-bb3a-0b47d49732fe
Craig Richardson,craigrichardsonrealty@gmail.com,,email,email,1,2026-09-16,2026-09-16,Cold Outreach,Backup real estate photographer,267fef4d-4611-4673-9913-47cc0adb837b
Cree Stevenson,cree.stevenson@cbrealty.com,503-847-1431,email,email,1,2026-09-16,2026-09-16,Cold Outreach,Backup real estate photographer,0ac30db0-e312-4220-9462-d7d937aeec1d
Crystal Irish,crystalirishrealtor@gmail.com,541-480-5600,email,email,1,2026-09-16,2026-09-16,Cold Outreach,Backup real estate photographer,93fd599a-191a-4387-9e2f-448e82f5685a
Curt Compton,curt.compton@cbrealty.com,541-668-1200,email,email,1,2026-09-16,2026-09-16,Cold Outreach,Backup real estate photographer,fb773a28-6e3d-40b7-b0ce-b069d15a46b6
Dan Enos,danenosrealtor@gmail.com,,email,email,1,2026-09-16,2026-09-16,Cold Outreach,Backup real estate photographer,1a490784-fa57-427c-a7db-70087f931b3f
Dana Pascuzzi,dana.pascuzzi@cbrealty.com,503-305-7033,email,email,1,2026-09-16,2026-09-16,Cold Outreach,Backup real estate photographer,3de25a9e-801d-4993-b417-e9f79d8ee21f
Dani Flescher,danif@cbcoast.com,,email,email,1,2026-09-16,2026-09-16,Cold Outreach,Backup real estate photographer,7527443b-9cef-4c75-9719-a751f509d1cf
David Beltramo,davidbeltramorealtor@gmail.com,541-773-6868,email,email,1,2026-09-16,2026-09-16,Cold Outreach,Backup real estate photographer,44dee056-6940-4e69-b054-1e3e78ef259f
David Graves,prorealtor.dgraves@gmx.com,,email,email,1,2026-09-16,2026-09-16,Cold Outreach,Backup real estate photographer,f1606477-d803-4577-8ce1-9e6b4afc727a
David Russ,redhillsrealtor@gmail.com,503-853-0115,email,email,1,2026-09-16,2026-09-16,Cold Outreach,Backup real estate photographer,5f578208-62a6-47c4-a942-77596baa5c8b
David Sly,david.sly@cbrealty.com,503-260-3653,email,email,1,2026-09-16,2026-09-16,Cold Outreach,Backup real estate photographer,d6bbd50a-b726-4007-a794-851b5f940e09
David Stout,david.stout@cbrealty.com,317-409-6268,email,email,1,2026-09-16,2026-09-16,Cold Outreach,Backup real estate photographer,357c9048-c954-4346-8845-af9fcf50a75f
Debbie Hadley,deborahhadleycbpg@gmail.com,,email,email,1,2026-09-16,2026-09-16,Cold Outreach,Backup real estate photographer,098668f7-ac93-4f19-9a38-170e2b345655
Debby Carr,debbycarr@charter.net,541-890-4756,email,email,1,2026-09-16,2026-09-16,Cold Outreach,Backup real estate photographer,2234625d-0333-49d7-9077-40722bc403a9
Dennis Haggar,dennis.haggar@cbrealty.com,503-351-1301,email,email,1,2026-09-16,2026-09-16,Cold Outreach,Backup real estate photographer,42703194-c187-40a1-8636-4856be280531
Deserie Fernbaugh Daniels,deserie.fernbaugh@cbrealty.com,503-348-7737,email,email,1,2026-09-16,2026-09-16,Cold Outreach,Backup real estate photographer,20b71b81-fe32-40cf-88ea-cf9e67f72d5c
Dewey Griffo,dewey.griffo@cbrealty.com,503-816-2825,email,email,1,2026-09-16,2026-09-16,Cold Outreach,Backup real estate photographer,7b3590b7-7e42-43f6-a6ad-e019b00fec30
Diane Cross,diane@protonmail.com,541-233-3388,email,email,1,2026-09-16,2026-09-16,Cold Outreach,Backup real estate photographer,c2883270-76c4-48f8-ad0e-46a880cd5beb
Dieh Behzadrad,mahdiehbrad@gmail.com,503-638-6728,email,email,1,2026-09-16,2026-09-16,Cold Outreach,Backup real estate photographer,185127ea-a4a8-4411-9431-c0f5277abb85
Dorian Franco,dorian.franco@cbrealty.com,503-679-3354,email,email,1,2026-09-16,2026-09-16,Cold Outreach,Backup real estate photographer,591d2fec-7479-4f36-8369-17af274faf37
Dorthy Shuler,dorthyshuler@yahoo.com,,email,email,1,2026-09-16,2026-09-16,Cold Outreach,Backup real estate photographer,1d88bfae-1dec-4a8d-b806-c32463d4568c
Drew Rasmussen,realestate.rasmussen@gmail.com,,email,email,1,2026-09-16,2026-09-16,Cold Outreach,Backup real estate photographer,ed9564fa-9a8e-4d37-8058-73a744b53f6f
Dusty Flegel,dustyflegel@gmail.com,,email,email,1,2026-09-16,2026-09-16,Cold Outreach,Backup real estate photographer,dcb846b9-eedb-4ff9-ac44-bd5ca4447189
Earline Penson,earline.penson@cbrealty.com,503-287-9048,email,email,1,2026-09-16,2026-09-16,Cold Outreach,Backup real estate photographer,4bb92d1d-152e-4a36-a2c8-6315580a2cf2
Elizabeth Divanbeigi,edivanbeigi@gmail.com,916-370-3774,email,email,1,2026-09-16,2026-09-16,Cold Outreach,Backup real estate photographer,a5e1065a-dd24-47bb-a390-a1cc88c9e616
Emily Cunningham,emily.cunningham@cbrealty.com,541-410-7183,email,email,1,2026-09-16,2026-09-16,Cold Outreach,Backup real estate photographer,84694f3a-c528-46c8-85bd-3bcc556329e1
Emily Graves,emily.graves@cbrealty.com,541-419-2334,email,email,1,2026-09-16,2026-09-16,Cold Outreach,Backup real estate photographer,608faba3-e70b-4891-ab8a-fc693e8b612d
Eric Dawson,eric.dawson.real.estate@gmail.com,,email,email,1,2026-09-16,2026-09-16,Cold Outreach,Backup real estate photographer,7190d847-17a6-4c69-8aac-a05179610439
Eric Franklin,franklin.contractor.direct@gmail.com,971-289-5286,email,email,1,2026-09-16,2026-09-16,Cold Outreach,Backup real estate photographer,7b01b0c9-f034-4c25-a9bf-ebecda3b2b7a
Erica Seckler,ericaseckler@gmail.com,,email,email,1,2026-09-16,2026-09-16,Cold Outreach,Backup real estate photographer,dfd8ee6c-ae56-4b2e-8437-266523caa8d3
Erik Brunken,erik.brunken@cbrealty.com,503-515-7863,email,email,1,2026-09-16,2026-09-16,Cold Outreach,Backup real estate photographer,1ae6bdeb-d3c3-41c1-a85c-95d8f0a09255
Erin Fletcher,erin.fletcher27@gmail.com,,email,email,1,2026-09-16,2026-09-16,Cold Outreach,Backup real estate photographer,09c669dc-ed04-48b1-ab21-2d6c0ea791cd
Erin Gutman,erin.gutman@cbrealty.com,831-334-1751,email,email,1,2026-09-16,2026-09-16,Cold Outreach,Backup real estate photographer,4c160237-d492-437c-bf08-ceb354fefe8d
Erin Jacobson,erinj@valleybrokers.com,541-619-2604,email,email,1,2026-09-16,2026-09-16,Cold Outreach,Backup real estate photographer,0746af74-7e4b-462e-9c10-a4b4bb3b5059
Francisco Garcia,fgreo777@yahoo.com,,email,email,1,2026-09-16,2026-09-16,Cold Outreach,Backup real estate photographer,0abdbfe3-21fa-477c-9a76-30a950725452
Frank Thierjung,frankthomesales@gmail.com,503-851-1636,email,email,1,2026-09-16,2026-09-16,Cold Outreach,Backup real estate photographer,d2eb3c98-7c87-4d0e-8542-ae567875bf79
Gail Kennedy,gaildjordan@gmail.com,,email,email,1,2026-09-16,2026-09-16,Cold Outreach,Backup real estate photographer,e7f4163e-eeb6-4e0f-80b4-adfd67e3e713
Gail Rogers,gail.rogers@cbrealty.com,541-604-1649,email,email,1,2026-09-16,2026-09-16,Cold Outreach,Backup real estate photographer,ae9ca0bb-dfee-409f-8539-cc9a1e96c35f
Grady Garrison,grady.garrison@cbrealty.com,541-913-9003,email,email,1,2026-09-16,2026-09-16,Cold Outreach,Backup real estate photographer,e50cc187-f0bb-4e4f-86c0-0d0ce35e7987
Greg Miller,greg.miller@cbrealty.com,541-408-1511,email,email,1,2026-09-16,2026-09-16,Cold Outreach,Backup real estate photographer,d89b5f2a-d76b-44a9-bae3-c6d4ed1806b2
Gregg Lane,gregg.lane@cbrealty.com,971-294-3213,email,email,1,2026-09-16,2026-09-16,Cold Outreach,Backup real estate photographer,e2fbdb3d-0863-455f-ae51-5a9bc5493d07
Guadalupe Ruiz,gruiz@cbkfalls.com,541-274-1067,email,email,1,2026-09-16,2026-09-16,Cold Outreach,Backup real estate photographer,6b53caf7-a1d1-4d83-9764-d9ec14131e92
Hank Moss,squaredotsaddlery@hotmail.com,541-447-2622,email,email,1,2026-09-16,2026-09-16,Cold Outreach,Backup real estate photographer,666397f0-8929-4706-be3c-fa4e90aed0e7
Hannah Katz,hannahkatzrealestate@gmail.com,,email,email,1,2026-09-16,2026-09-16,Cold Outreach,Backup real estate photographer,d7ed1751-8ca5-42d2-9192-22760356a868
Hannah Williver,hannahwilliverrealtor@gmail.com,503-894-0878,email,email,1,2026-09-16,2026-09-16,Cold Outreach,Backup real estate photographer,264097bf-121c-42bd-bda2-30d4cb5436eb
Heather Bell,heatherbellhomes@gmail.com,541-270-5819,email,email,1,2026-09-16,2026-09-16,Cold Outreach,Backup real estate photographer,d97e0bb6-7502-4054-b9f4-39a80be1b719
Heather Nerup,oregonhomesbyheather@gmail.com,971-304-9187,email,email,1,2026-09-16,2026-09-16,Cold Outreach,Backup real estate photographer,5d4007ca-be7a-4212-a73d-268a6b89cb29
Heather Parmley,heather.parmley@cbrealty.com,503-953-3668,email,email,1,2026-09-16,2026-09-16,Cold Outreach,Backup real estate photographer,c817252c-94a5-49bf-93aa-47de3e9d4fed
Heidi Hyder,hyder.realtor@gmail.com,,email,email,1,2026-09-16,2026-09-16,Cold Outreach,Backup real estate photographer,76440e76-bcda-4501-9346-6c102907cef5
Hollie Lukens,hollie.lukens@coldwellbankerhpr.com,541-810-4262,email,email,1,2026-09-16,2026-09-16,Cold Outreach,Backup real estate photographer,7acf599e-5758-4880-993e-8f61ec82442d
Hope Rogers,hoperogerscbmw@gmail.com,,email,email,1,2026-09-16,2026-09-16,Cold Outreach,Backup real estate photographer,cd331568-e940-41ee-b38d-834238ac06b9
Hunter Yost,hunter.yost@cbrealty.com,503-348-3271,email,email,1,2026-09-16,2026-09-16,Cold Outreach,Backup real estate photographer,d3a7d0ad-2ebc-4222-9821-a0e871e15e02
Iris Coetzee,irisontheoregoncoast.realtor@outlook.com,901-305-1671,email,email,1,2026-09-16,2026-09-16,Cold Outreach,Backup real estate photographer,f340784e-d444-4fd8-a76d-968466735520
Jack Johnson,jack@cbcoast.com,541-517-0014,email,email,1,2026-09-16,2026-09-16,Cold Outreach,Backup real estate photographer,ed00d2eb-c7f2-4356-8dc9-2e0f90350ff7
Jackie Austin,jackie@jackiesells.com,541-520-4787,email,email,1,2026-09-16,2026-09-16,Cold Outreach,Backup real estate photographer,c9601df1-be6a-4789-9353-2e9dfbdd1138
Jadon Lawson,jlawson@cbkfalls.com,541-880-6290,email,email,1,2026-09-16,2026-09-16,Cold Outreach,Backup real estate photographer,cea806d3-8763-4b24-b427-6e53ad6630a7
Jamie Black,jamieblackre@gmail.com,541-954-1514,email,email,1,2026-09-16,2026-09-16,Cold Outreach,Backup real estate photographer,7442311e-645e-4de8-a924-928b08df596e
Jan Martin,jan.martin@cbrealty.com,503-201-9836,email,email,1,2026-09-16,2026-09-16,Cold Outreach,Backup real estate photographer,c8d6791b-22d1-4005-9728-03879ef581fd
Janelle Martinez,jmartinez@cbkfalls.com,541-274-0460,email,email,1,2026-09-16,2026-09-16,Cold Outreach,Backup real estate photographer,fb7ebc69-e57a-4e64-bd4a-c204959c6428
Janet Fisher-Welsh,janet.fisherwelsh@cbrealty.com,503-422-5812,email,email,1,2026-09-16,2026-09-16,Cold Outreach,Backup real estate photographer,5b011ffb-2e1c-4577-aad7-754b99fdcacb
Janey Powell,janeypowell7@gmail.com,541-548-1250,email,email,1,2026-09-16,2026-09-16,Cold Outreach,Backup real estate photographer,de70aa66-1202-46fd-b878-c51d0d647db1
Jasmine Govsheivich,jasminegovsheivich16@gmail.com,,email,email,1,2026-09-16,2026-09-16,Cold Outreach,Backup real estate photographer,d46d6f94-e1c1-42f0-893f-addbf342242c
Jason Dougherty,jason.dougherty@cbrealty.com,503-784-4536,email,email,1,2026-09-16,2026-09-16,Cold Outreach,Backup real estate photographer,28013405-356a-44f8-a3c3-70fe651d478f
Jason VanNice,jayice10@gmail.com,760-409-6842,email,email,1,2026-09-16,2026-09-16,Cold Outreach,Backup real estate photographer,c4f09aaf-d97d-43fe-abe2-0e01e07b16dd
Jean Schnadig,jean.schnadig@cbrealty.com,503-381-5390,email,email,1,2026-09-16,2026-09-16,Cold Outreach,Backup real estate photographer,ee28dd05-7c7f-421e-8a8d-cd3753d141d6
Jeanne Peterson,jeannepetersonrealestate@gmail.com,503-939-7639,email,email,1,2026-09-16,2026-09-16,Cold Outreach,Backup real estate photographer,1b290a52-1d6c-4e99-a341-f9e52d2ac731
Jef Farley,jef@farleyco.net,541-276-0021,email,email,1,2026-09-16,2026-09-16,Cold Outreach,Backup real estate photographer,276225c3-7bc4-4fe3-80a5-511b4d356d68
Jenn Molloy,jennmolloybroker@gmail.com,541-631-8087,email,email,1,2026-09-16,2026-09-16,Cold Outreach,Backup real estate photographer,800ac339-2e07-4c28-9dde-a34806a0f7de
Jennifer Brown,jennifer.brown.cbpg05@gmail.com,503-701-4103,email,email,1,2026-09-16,2026-09-16,Cold Outreach,Backup real estate photographer,9d5018df-238d-4537-9d6c-81d8fc42ba0c
Jennifer Colegrove,jcolegroverealtor@gmail.com,,email,email,1,2026-09-16,2026-09-16,Cold Outreach,Backup real estate photographer,6cc55b72-eaa7-4473-b45d-7e6da5b77f28
Jenny Morrow,jenny2morrow@gmail.com,,email,email,1,2026-09-16,2026-09-16,Cold Outreach,Backup real estate photographer,1a860659-0503-40c5-b9a7-d5c8d05d00a5
Jenny Orndoff,jennyobroker@gmail.com,541-973-4305,email,email,1,2026-09-16,2026-09-16,Cold Outreach,Backup real estate photographer,99a957ee-e63f-4192-8747-c4581a4ea3c6
Jerry Baker,jbaker1959@gmail.com,541-969-6378,email,email,1,2026-09-16,2026-09-16,Cold Outreach,Backup real estate photographer,aa973015-eac3-464b-8f5b-d1508a3bdeaa
Jess Holdeman,jess.holdeman@cbrealty.com,503-956-8962,email,email,1,2026-09-16,2026-09-16,Cold Outreach,Backup real estate photographer,4544fc10-43a8-4eee-bbef-99de09319b86
Jessica Harding,jjharding497@gmail.com,541-821-4136,email,email,1,2026-09-16,2026-09-16,Cold Outreach,Backup real estate photographer,bb646269-7780-4013-b879-cb9f9e10ad72
Jessica Macias,realbrokerjessica@gmail.com,503-999-0386,email,email,1,2026-09-16,2026-09-16,Cold Outreach,Backup real estate photographer,9388e620-5035-4af8-a22a-5b298bdd6476
Jim Cheney,james.cheney@cbrealty.com,541-390-4050,email,email,1,2026-09-16,2026-09-16,Cold Outreach,Backup real estate photographer,c76f8263-31fe-4491-9ea7-47480e20bc4b
Joan Elliott-Barclay,joan.elliottbarclay@cbrealty.com,503-869-2979,email,email,1,2026-09-16,2026-09-16,Cold Outreach,Backup real estate photographer,ffed5951-6a33-43dc-87bc-203fb4b622f7
Jodi Husband,jodicbsun@gmail.com,,email,email,1,2026-09-16,2026-09-16,Cold Outreach,Backup real estate photographer,1e784426-f06e-4609-a71c-ce9b71e3e28f
Jody Fletcher,jkwise66@yahoo.com,,email,email,1,2026-09-16,2026-09-16,Cold Outreach,Backup real estate photographer,d2cb8905-b3b0-4441-b1a7-02412166bdb4
John Barnett,johnb@cbcoast.com,541-729-8089,email,email,1,2026-09-16,2026-09-16,Cold Outreach,Backup real estate photographer,33b64640-516d-4801-b48b-4afbde1b0af7
John Haydock,john.haydockcbpg@gmail.com,530-321-3752,email,email,1,2026-09-16,2026-09-16,Cold Outreach,Backup real estate photographer,ff3ecce2-6abe-430c-9bcc-1051767dfc5e
John Hite,john@johnhite.biz,,email,email,1,2026-09-16,2026-09-16,Cold Outreach,Backup real estate photographer,e1092d8f-d9eb-4793-afe4-d1eab26081b3
John Iwamura,johniwamura@gmail.com,,email,email,1,2026-09-16,2026-09-16,Cold Outreach,Backup real estate photographer,5915bcd4-070f-42fd-b33c-d0abe61f8ebc
John Klein,yourbrokerjohn@gmail.com,,email,email,1,2026-09-16,2026-09-16,Cold Outreach,Backup real estate photographer,52cd7da9-9ab5-462a-9295-519dc64b5142
John Rosterolla,john.rosterolla@coldwellbankerhpr.com,,email,email,1,2026-09-16,2026-09-16,Cold Outreach,Backup real estate photographer,e785acee-ac62-4be7-a39a-86e1c6383b77
Jonathan Stryffeler,jonathan.realtor.pnw@gmail.com,503-869-6685,email,email,1,2026-09-16,2026-09-16,Cold Outreach,Backup real estate photographer,2254ee0e-29ba-42cb-9492-50312c8f9910
Jonathan Woolverton,jonathan.woolverton@cbrealty.com,503-979-7307,email,email,1,2026-09-16,2026-09-16,Cold Outreach,Backup real estate photographer,6a25c0ad-4993-4411-84aa-3eff1819b61b
Joseph Charny,joseph.charny@cbrealty.com,503-706-1572,email,email,1,2026-09-16,2026-09-16,Cold Outreach,Backup real estate photographer,8a031d03-5277-4571-b12c-ec3177dad0fb
Josh Blaylock,joshua.blaylock@cbrealty.com,541-619-2455,email,email,1,2026-09-16,2026-09-16,Cold Outreach,Backup real estate photographer,d40fb8a0-e511-4372-808c-41de2361c5b3
Joslyn Green,joslyn.green@cbrealty.com,503-515-4765,email,email,1,2026-09-16,2026-09-16,Cold Outreach,Backup real estate photographer,803ea02f-df77-4b25-ac8c-43831bfe78e5
Josue Ojeda,josueojeda.realestate@gmail.com,,email,email,1,2026-09-16,2026-09-16,Cold Outreach,Backup real estate photographer,ebbf8e7e-3b1f-498b-9c4c-b2d693c405c4
Joyce Hoffman,jhoffman@cbkfalls.com,541-892-0361,email,email,1,2026-09-16,2026-09-16,Cold Outreach,Backup real estate photographer,18b304a2-0e2f-4b79-9bae-7850150e6704
Julene Wynn,julenewynnbroker@gmail.com,503-851-6300,email,email,1,2026-09-16,2026-09-16,Cold Outreach,Backup real estate photographer,25ead4b6-32af-4be6-9ef3-0233476f5f84
Julie Adams,julie.adams@coldwellbankerpg.com,,email,email,1,2026-09-16,2026-09-16,Cold Outreach,Backup real estate photographer,28e7313b-1929-40f2-9ad6-bd0dd04de331
Julie Boeder,julieboedercoldwellbanker@gmail.com,,email,email,1,2026-09-16,2026-09-16,Cold Outreach,Backup real estate photographer,6e1c10a9-a82e-43e8-ab8a-52e8b223ca6b
Julie Rogers,julierogersrealtorsalem@gmail.com,503-551-5267,email,email,1,2026-09-16,2026-09-16,Cold Outreach,Backup real estate photographer,2d729096-f551-407d-9695-9d707d156c92
Julie Summers,julie.summers@cbrealty.com,503-866-3205,email,email,1,2026-09-16,2026-09-16,Cold Outreach,Backup real estate photographer,f0e1a34d-d3ed-4335-b45d-26d9316abc1c
Justin Evans,justinevans503@gmail.com,503-467-8353,email,email,1,2026-09-16,2026-09-16,Cold Outreach,Backup real estate photographer,fd82406b-55b2-4cc4-8357-f5920b4ba028
Justin Sparks,jsparks@cbkfalls.com,,email,email,1,2026-09-16,2026-09-16,Cold Outreach,Backup real estate photographer,77f8ee0c-fa4e-4891-a3e7-72e3791707dc
Justin Young,justin@cbcoast.com,,email,email,1,2026-09-16,2026-09-16,Cold Outreach,Backup real estate photographer,43215e39-8fb6-43b2-bc83-cce072a86539
Kacey Schmitz,kschmitz.realtor@gmail.com,503-857-5794,email,email,1,2026-09-16,2026-09-16,Cold Outreach,Backup real estate photographer,3d6927f0-e107-4215-9997-f4efeb6ffd2e
Kaci Burke,kaci.burke@outlook.com,503-201-1049,email,email,1,2026-09-16,2026-09-16,Cold Outreach,Backup real estate photographer,7db22841-f2f0-44de-aaed-6fc6ea0140ab
Kamden Buse,kamdenkbuse@gmail.com,503-975-3473,email,email,1,2026-09-16,2026-09-16,Cold Outreach,Backup real estate photographer,4c12ae3b-c597-436d-8510-490aed932a8b
Karen Van Leuven,karen.vanleuven@cbrealty.com,503-804-8944,email,email,1,2026-09-16,2026-09-16,Cold Outreach,Backup real estate photographer,d882dc10-7a4f-495a-9612-a0bc72dd0798
Karin Lee Johnson,karin.johnson@cbrealty.com,541-639-6140,email,email,1,2026-09-16,2026-09-16,Cold Outreach,Backup real estate photographer,34bff93f-3412-496d-9e37-d1dfc6937937
Kasia Conroy,kasia.conroy@cbrealty.com,503-915-9277,email,email,1,2026-09-16,2026-09-16,Cold Outreach,Backup real estate photographer,c09a2b0a-7658-4266-95ed-c0d865312a96
Kate Barclift,kate.barclift@cbrealty.com,503-908-3155,email,email,1,2026-09-16,2026-09-16,Cold Outreach,Backup real estate photographer,4d863f7e-62b9-4b1d-9416-957f3d3f12b2
Katie Schoen,krschoen@gmail.com,541-510-4314,email,email,1,2026-09-16,2026-09-16,Cold Outreach,Backup real estate photographer,e9159253-da40-4292-a12e-8b42fd4e170b
Ken Becket,kenneth.becket@cbrealty.com,503-590-7340,email,email,1,2026-09-16,2026-09-16,Cold Outreach,Backup real estate photographer,33f976e6-f7cc-4913-8c31-298c5bb5758a
Kent Haworth,khaworth@valleybrokers.com,541-990-2821,email,email,1,2026-09-16,2026-09-16,Cold Outreach,Backup real estate photographer,6906b3f2-6e0d-4ea6-a714-6f80c329960e
Keri Warner,keriwarner02@gmail.com,,email,email,1,2026-09-16,2026-09-16,Cold Outreach,Backup real estate photographer,e312856a-49bb-4e31-bdb2-f5e77f434ab9
Kevin Bonnington,kevin.bonnington@cbrealty.com,503-803-9470,email,email,1,2026-09-16,2026-09-16,Cold Outreach,Backup real estate photographer,5c15f0db-ef6c-4ce3-af8b-2bb2b961c095
Kevin Hale,kevinhale@cbfarley.com,,email,email,1,2026-09-16,2026-09-16,Cold Outreach,Backup real estate photographer,a66cb628-f4e3-4f02-96d1-1f748e83c188
Kevin May,kevin.may@cbrealty.com,415-846-0577,email,email,1,2026-09-16,2026-09-16,Cold Outreach,Backup real estate photographer,e372392b-5c25-4a09-a099-6f697dcd4672
Khiva Beckwith,khivarealestate@gmail.com,,email,email,1,2026-09-16,2026-09-16,Cold Outreach,Backup real estate photographer,404dcc80-568c-4a74-a3b7-d79e97cd3113
Kim Giandalia,kim.giandalia@cbrealty.com,971-801-4004,email,email,1,2026-09-16,2026-09-16,Cold Outreach,Backup real estate photographer,1177ae77-f4d6-4648-b653-2db6b306bb0f
Kim Greene,greenekim@msn.com,503-434-0472,email,email,1,2026-09-16,2026-09-16,Cold Outreach,Backup real estate photographer,6073de98-757b-48d1-9d47-23ff87fb43fc
Kim Severance,kim.cbsun@gmail.com,541-815-1526,email,email,1,2026-09-16,2026-09-16,Cold Outreach,Backup real estate photographer,ed86b74f-8c2e-4d54-a701-4969131e4360
Kim Swagert,klamathkim@aol.com,541-892-8777,email,email,1,2026-09-16,2026-09-16,Cold Outreach,Backup real estate photographer,0b924500-8426-42a1-8862-a3448abbf8ff
Kimberly Jackson,kim@jacksoncoastal.com,,email,email,1,2026-09-16,2026-09-16,Cold Outreach,Backup real estate photographer,5e3b333d-bb69-4566-b822-89bc5b838044
Kimberly Russell,kimberly.russell1@cbrealty.com,503-853-2749,email,email,1,2026-09-16,2026-09-16,Cold Outreach,Backup real estate photographer,46a5d431-7e3d-474c-b97a-cb1bec9e8e99
Kimberly Shelby,kshelby@valleybrokers.com,503-991-6600,email,email,1,2026-09-16,2026-09-16,Cold Outreach,Backup real estate photographer,9e929309-59f1-43db-991e-5d0ef63a0c09
Kris Horn,krishorn6@gmail.com,,email,email,1,2026-09-16,2026-09-16,Cold Outreach,Backup real estate photographer,659d1e8b-085d-4287-9508-214773e70965
Krista Walker,krista.walker@coldwellbankerpg.com,541-944-2172,email,email,1,2026-09-16,2026-09-16,Cold Outreach,Backup real estate photographer,f2a1c5c5-634c-4173-9bf2-ab3bcdabf1f6
Kristen Persons,kristen.persons@yahoo.com,503-812-6869,email,email,1,2026-09-16,2026-09-16,Cold Outreach,Backup real estate photographer,ce719ea8-f1b3-4c4e-b299-3c3e47b9a700
Kristina Carpenter,kristinarealestatebroker@gmail.com,541-505-6531,email,email,1,2026-09-16,2026-09-16,Cold Outreach,Backup real estate photographer,6f1da14e-f2a9-4b83-9bd3-82859e479da5
Kristine Lindahl,kristine.lindahl@cbrealty.com,541-788-7340,email,email,1,2026-09-16,2026-09-16,Cold Outreach,Backup real estate photographer,697043a8-633e-4075-91bf-924fbf967a5c
Kristy Cochran,kristy.cochran@cbrealty.com,971-219-7437,email,email,1,2026-09-16,2026-09-16,Cold Outreach,Backup real estate photographer,65c730fa-44a8-49ce-995d-8d99c2db417e
Laina Yancey,laina.cbsun@gmail.com,,email,email,1,2026-09-16,2026-09-16,Cold Outreach,Backup real estate photographer,5b801279-50a9-48ce-b19f-bc5d1c2fbcfd
Laura Erickson,laurasellsitquick@gmail.com,,email,email,1,2026-09-16,2026-09-16,Cold Outreach,Backup real estate photographer,5afabb69-fe50-4861-ba79-dd220f30ef78
Laura Reyes,lreyes@cbkfalls.com,541-281-4302,email,email,1,2026-09-16,2026-09-16,Cold Outreach,Backup real estate photographer,ba083aef-2090-4cc4-b2cc-7fe893641ee1
Laurie Hibdon,lahibdon@gmail.com,,email,email,1,2026-09-16,2026-09-16,Cold Outreach,Backup real estate photographer,04cc46d6-103e-4c44-b8a4-7ef9e6ce1598
Laurie Isaly,lauriedavis01@comcast.net,,email,email,1,2026-09-16,2026-09-16,Cold Outreach,Backup real estate photographer,0c014bc3-d450-48fa-9c83-3f745ee21530
Leslie Jacob,lesliejjacob@gmail.com,,email,email,1,2026-09-16,2026-09-16,Cold Outreach,Backup real estate photographer,938e53f6-020a-4ff0-ab56-4f27773e0be6
Lia Brock,lbrock@cbkfalls.com,541-827-9160,email,email,1,2026-09-16,2026-09-16,Cold Outreach,Backup real estate photographer,aad0b9b2-cb53-45b7-b415-1c6ba4bbe177
Lilia Segel,lilia.segel@cbrealty.com,503-806-6462,email,email,1,2026-09-16,2026-09-16,Cold Outreach,Backup real estate photographer,2f88b67b-9751-4e5d-a222-14b6fb2038c0
Linda Cohn,linda.cohn@cbrealty.com,503-292-2646,email,email,1,2026-09-16,2026-09-16,Cold Outreach,Backup real estate photographer,5bd0b424-1c12-4c5d-ba90-795bbb4b903c
Linda Cox,lindacoxproperties@gmail.com,,email,email,1,2026-09-16,2026-09-16,Cold Outreach,Backup real estate photographer,5e4c961e-8fab-42c8-b38b-bbd37807c2a3
Linda Cross,linda.crookcohomes@gmail.com,541-408-7861,email,email,1,2026-09-16,2026-09-16,Cold Outreach,Backup real estate photographer,835ef695-fbbd-4cab-8ce5-b4d1c553dec6
Lindsey Sadler,lindseybythecoast@gmail.com,775-843-8995,email,email,1,2026-09-16,2026-09-16,Cold Outreach,Backup real estate photographer,c346d9e5-245d-4525-9840-d803e3cfd9a2
Lindsey Wilde,lindsey.wilde@cbrealty.com,503-300-9414,email,email,1,2026-09-16,2026-09-16,Cold Outreach,Backup real estate photographer,7cdd8706-36ba-47b9-a250-674c2aac7cad
Lisa Flerchinger,lisa.cbsun@gmail.com,541-961-3174,email,email,1,2026-09-16,2026-09-16,Cold Outreach,Backup real estate photographer,f20f3514-dc82-4e7c-8229-c028862aa7a3
Loren Leach,leachloren70@yahoo.com,,email,email,1,2026-09-16,2026-09-16,Cold Outreach,Backup real estate photographer,1558ba33-aa9c-41c4-a689-71f443a4c48f
Lori Desjardins,homeortherange@gmail.com,541-815-6077,email,email,1,2026-09-16,2026-09-16,Cold Outreach,Backup real estate photographer,a3c7b39d-908a-4e72-998c-c70f60337d7c
Lori Hamilton,lori.hamilton@cbrealty.com,503-423-7453,email,email,1,2026-09-16,2026-09-16,Cold Outreach,Backup real estate photographer,953f1b6c-d84c-4d8e-93a9-b45bce09f533
Lori Jackson,oregonhomes@listingwithlori.com,,email,email,1,2026-09-16,2026-09-16,Cold Outreach,Backup real estate photographer,9e2388e1-cf3b-434e-811f-beff6d5c2615
Luann Galloway,gallowayrealtor67@gmail.com,,email,email,1,2026-09-16,2026-09-16,Cold Outreach,Backup real estate photographer,efc7ff49-d408-4aa9-8f7f-ff2db67dddb6
Lyle Laver,lyle.laver@cbrealty.com,310-418-7582,email,email,1,2026-09-16,2026-09-16,Cold Outreach,Backup real estate photographer,f32c18da-2ce5-4fea-b71d-9661054e924e
Lynn O'Brien,lynnobrienrealtor@gmail.com,541-930-1141,email,email,1,2026-09-16,2026-09-16,Cold Outreach,Backup real estate photographer,5fc89c0d-5a11-4b3f-ab4d-70f7d45f27b3
Lynne Catanese,lynne.catanese@cbrealty.com,503-544-0227,email,email,1,2026-09-16,2026-09-16,Cold Outreach,Backup real estate photographer,c232b5c4-7fab-4ab5-b0c0-7c3a6c98e914
Lynnette Wikstrom,lynnette@cbcoast.com,,email,email,1,2026-09-16,2026-09-16,Cold Outreach,Backup real estate photographer,99e2b8bb-fa97-44e2-a489-d414a40a58f7
Madeline Stuvland,madelinestuvland@gmail.com,,email,email,1,2026-09-16,2026-09-16,Cold Outreach,Backup real estate photographer,fc85c132-e530-4ac4-b73f-9ff8ca0db50b
Madison Mackay,madison.mackay@cbrealty.com,360-521-2943,email,email,1,2026-09-16,2026-09-16,Cold Outreach,Backup real estate photographer,7d0854c0-af44-4bf2-b496-1d633273f6f2
Madison Pollard,madison.pollard@cbrealty.com,541-815-9303,email,email,1,2026-09-16,2026-09-16,Cold Outreach,Backup real estate photographer,b7256ea5-81d4-4b52-86e7-ed6e4ab44b7e
Mandi Akins,mandi.akins@cbrealty.com,541-410-5824,email,email,1,2026-09-16,2026-09-16,Cold Outreach,Backup real estate photographer,96cf0a97-e931-4568-8cea-6bd0d2d6566f
Marcus Glassow,marcitsold.centraloregon@gmail.com,541-954-0589,email,email,1,2026-09-16,2026-09-16,Cold Outreach,Backup real estate photographer,c2b05db4-1c1c-4d28-b628-0a264aef388a
Marge Gatien,mgatien240@gmail.com,541-797-5525,email,email,1,2026-09-16,2026-09-16,Cold Outreach,Backup real estate photographer,bd9726cb-b6c8-493f-8673-5dfa42a7a41f
Maria Boulton,maria.boulton@cbrealty.com,646-939-7522,email,email,1,2026-09-16,2026-09-16,Cold Outreach,Backup real estate photographer,c569a90b-fb1b-4c9e-9c33-09e4ba145c71
Mariah Willis,mariahw@valleybrokers.com,,email,email,1,2026-09-16,2026-09-16,Cold Outreach,Backup real estate photographer,2d6ffec1-b657-451e-b56f-cc891c8e9522
Marin Bova,marinbovarealty@gmail.com,,email,email,1,2026-09-16,2026-09-16,Cold Outreach,Backup real estate photographer,abe5e3c8-3612-41da-9a21-c838d7205255
Marsha Morgan,mmorgan@cbfarley.com,,email,email,1,2026-09-16,2026-09-16,Cold Outreach,Backup real estate photographer,c61ef66b-c582-4c0d-b82e-22fb75e0a992
Mary O'Connor,maryohomeslincolncity@gmail.com,,email,email,1,2026-09-16,2026-09-16,Cold Outreach,Backup real estate photographer,5d0bb0a7-2194-46b8-810f-d9276bfa2a0c
Matt Bailey,yourdiscgolfrealtor@gmail.com,,email,email,1,2026-09-16,2026-09-16,Cold Outreach,Backup real estate photographer,32febe70-7afb-4950-b24f-6d5a50aaa8f8
Melanie Haskins,melanie@melaniegracerealestate.com,,email,email,1,2026-09-16,2026-09-16,Cold Outreach,Backup real estate photographer,1bde350b-24a4-4dea-ade0-3b412e810972
Melinda Peterson,melindaspeacefulproperties@gmail.com,,email,email,1,2026-09-16,2026-09-16,Cold Outreach,Backup real estate photographer,3aab5035-f916-4302-9dd8-f4be8fbf2707
Melissa Shea,melissasellsoregon@gmail.com,541-606-1853,email,email,1,2026-09-16,2026-09-16,Cold Outreach,Backup real estate photographer,2b5526a4-82b7-4877-8715-db756f95c581
Meredith Bretz,meredithvalleysales@gmail.com,541-602-4408,email,email,1,2026-09-16,2026-09-16,Cold Outreach,Backup real estate photographer,bb97e8fb-dae0-443e-bcb4-50350122609d
Michael Boynton,mboynton9814@gmail.com,541-420-9814,email,email,1,2026-09-16,2026-09-16,Cold Outreach,Backup real estate photographer,fa8cf620-97ea-46d5-a3c6-494325c8715b
Michael Burton,mburton7realtor@gmail.com,,email,email,1,2026-09-16,2026-09-16,Cold Outreach,Backup real estate photographer,fc8be9a2-12a2-4ff6-8f94-5f8c1726f137
Michael Green,michael.green@cbrealty.com,503-545-5094,email,email,1,2026-09-16,2026-09-16,Cold Outreach,Backup real estate photographer,efd035f1-6045-4a4d-af29-1bba6c2a9617
Michael Hopp,michael.hopp@cbrealty.com,541-390-0504,email,email,1,2026-09-16,2026-09-16,Cold Outreach,Backup real estate photographer,28ba58e8-c345-413c-bf11-3f4bb22689f9
Michele Hallmark,hallmark4realtor@gmail.com,,email,email,1,2026-09-16,2026-09-16,Cold Outreach,Backup real estate photographer,a1410bb2-a71a-4ea8-9e0a-2181c7c41290
Michelle Hill,michelle.gallichant@yahoo.com,,email,email,1,2026-09-16,2026-09-16,Cold Outreach,Backup real estate photographer,b1189dd9-c6c4-4319-990f-6b140da5978b
Molly Bruno,mollybruno.realtor@gmail.com,360-998-0206,email,email,1,2026-09-16,2026-09-16,Cold Outreach,Backup real estate photographer,fba0739c-c61c-457e-8bf3-e1036fed35e3
Monica Bakken,monica.bakken@cbrealty.com,925-787-5229,email,email,1,2026-09-16,2026-09-16,Cold Outreach,Backup real estate photographer,a526f540-4233-401d-a5e1-9d703372e756
Morgan Lemen,morgan.lemen20@gmail.com,,email,email,1,2026-09-16,2026-09-16,Cold Outreach,Backup real estate photographer,d5295c05-4320-4086-86f9-78be2b6c12e8
Nancy Sato,nnsato@msn.com,541-517-5004,email,email,1,2026-09-16,2026-09-16,Cold Outreach,Backup real estate photographer,8bf91a55-b95b-4507-8bd0-5be6e1018acd
Nataliya Hamilton,nhamilton@cbkfalls.com,775-690-2537,email,email,1,2026-09-16,2026-09-16,Cold Outreach,Backup real estate photographer,da46b3e8-94f1-4f98-95c2-30f14cd3460e
Nicole Royal,nicoleroyal.realtor@gmail.com,503-560-2620,email,email,1,2026-09-16,2026-09-16,Cold Outreach,Backup real estate photographer,016d8b54-df8a-408c-8654-5c691af76f13
Noah Avery,noah.avery@cbrealty.com,541-580-4306,email,email,1,2026-09-16,2026-09-16,Cold Outreach,Backup real estate photographer,84d77184-14fd-4398-9da1-d3f0b587af39
Odette Adair,odette.adair@cbrealty.com,541-815-4786,email,email,1,2026-09-16,2026-09-16,Cold Outreach,Backup real estate photographer,d5934cb1-5032-49b5-a34c-3619aa1245fb
Pat Palazzi,pat.palazzi@cbrealty.com,541-771-6996,email,email,1,2026-09-16,2026-09-16,Cold Outreach,Backup real estate photographer,0e90a267-aa12-4f42-875a-790529981dcf
Patrick Henry,patrick.henry@cbrealty.com,503-789-6002,email,email,1,2026-09-16,2026-09-16,Cold Outreach,Backup real estate photographer,1fb4537a-156d-4bbe-885c-d6d68038a338
Patti Beckham,patti.beckham@cbrealty.com,503-351-1612,email,email,1,2026-09-16,2026-09-16,Cold Outreach,Backup real estate photographer,0fd786bb-9a08-4a78-80ca-305c75239f4b
Paula Simpson,paula.simpson@cbrealty.com,503-380-3529,email,email,1,2026-09-16,2026-09-16,Cold Outreach,Backup real estate photographer,cd59a0d9-b4c1-4e61-9817-efbbd09bab68
Penny Yaw,penny.yaw@cbrealty.com,503-351-2483,email,email,1,2026-09-16,2026-09-16,Cold Outreach,Backup real estate photographer,3a69ae84-7a2a-4868-b12a-dcf760b4245a
Perry Coon,perrysellsland@gmail.com,,email,email,1,2026-09-16,2026-09-16,Cold Outreach,Backup real estate photographer,2e56e5a0-d799-46cf-852e-18a88ea51173
Peter Andrews,peter.andrews@cbrealty.com,503-720-7325,email,email,1,2026-09-16,2026-09-16,Cold Outreach,Backup real estate photographer,0e4f40c2-40c5-4982-85dc-6b6264602c8f
Phil Scott,phil77sunscape@gmail.com,,email,email,1,2026-09-16,2026-09-16,Cold Outreach,Backup real estate photographer,84570964-3819-46b1-a7a2-a786faa9a176
Phyllis Moore,psmoorerealtor@aol.com,541-891-9757,email,email,1,2026-09-16,2026-09-16,Cold Outreach,Backup real estate photographer,f3e714d9-97b7-4cb0-8b95-08b7ae1400c8
Priscila Sanchez,priscilasanchezrealtor@gmail.com,,email,email,1,2026-09-16,2026-09-16,Cold Outreach,Backup real estate photographer,2766da7e-8b15-425a-9b54-54ea43b252ce
Rachel Lemas,rachel.lemas@cbrealty.com,541-896-1263,email,email,1,2026-09-16,2026-09-16,Cold Outreach,Backup real estate photographer,6f816008-fc75-45ae-815a-fa456e698d55
Randy Paredes,randy@cbcoast.com,,email,email,1,2026-09-16,2026-09-16,Cold Outreach,Backup real estate photographer,44089e14-4474-4a03-a73c-5a2fa75785ec
Randy Shaw,rlestate@kfalls.net,541-891-0296,email,email,1,2026-09-16,2026-09-16,Cold Outreach,Backup real estate photographer,77e52843-0133-474e-a5c7-39722328d423
Rashelle Newmyer,realtorrashelle@realtorrashelle.com,,email,email,1,2026-09-16,2026-09-16,Cold Outreach,Backup real estate photographer,b2b020a4-349c-4555-a131-4d14b1a92021
Raymond Nielsen,rnielsen@cbkfalls.com,,email,email,1,2026-09-16,2026-09-16,Cold Outreach,Backup real estate photographer,a76dd6c2-f29a-4c5e-88fb-efb4c3b5075e
Remington Coleman,remingtoncoleman@gmail.com,541-531-2722,email,email,1,2026-09-16,2026-09-16,Cold Outreach,Backup real estate photographer,cde10278-f98c-46a6-8490-7a555691c069
Renee Moss,mbrmoss@msn.com,541-447-6024,email,email,1,2026-09-16,2026-09-16,Cold Outreach,Backup real estate photographer,1c3d5f14-870b-413d-abf5-2131b75cb188
Rhonda Roth,rhonda@rhondaroth.com,206-948-4329,email,email,1,2026-09-16,2026-09-16,Cold Outreach,Backup real estate photographer,d4520fea-1f24-4478-82a2-8514fe47f51b
Richard Horswell,richard.horswell@cbrealty.com,503-752-1345,email,email,1,2026-09-16,2026-09-16,Cold Outreach,Backup real estate photographer,ab7f7822-23ad-4b24-96d1-e5e811dab088
Richard Matteson,rmattesonrealty@gmail.com,214-690-6662,email,email,1,2026-09-16,2026-09-16,Cold Outreach,Backup real estate photographer,59f7a2df-0cc1-4ca6-8192-4a8a1fd8e377
Rick Cox,rickcox13@hotmail.com,541-991-6210,email,email,1,2026-09-16,2026-09-16,Cold Outreach,Backup real estate photographer,a1b301b0-20a9-4c95-aa86-1c1aa16bca7c
Rick Roberts,cbmayrr@yahoo.com,,email,email,1,2026-09-16,2026-09-16,Cold Outreach,Backup real estate photographer,386c3c13-5a12-420d-869d-5e01db5c574d
Rick Shaver,rickshaver@cbfarley.com,,email,email,1,2026-09-16,2026-09-16,Cold Outreach,Backup real estate photographer,d6a09085-b756-42dd-8dab-61b80219cbf4
Ricky Crisp,ricky.crisp@cbrealty.com,503-502-3529,email,email,1,2026-09-16,2026-09-16,Cold Outreach,Backup real estate photographer,229dd241-872a-4718-a8f0-f96bedbb021b
Rita Brown,rita.cbsun@gmail.com,541-233-3812,email,email,1,2026-09-16,2026-09-16,Cold Outreach,Backup real estate photographer,47436dcd-f5f7-4352-aee0-26de504b1e02
Robert Layne,laynebo@gmail.com,541-788-2102,email,email,1,2026-09-16,2026-09-16,Cold Outreach,Backup real estate photographer,b8cb53c2-6412-4066-a9e7-e6998d792e1c
Robin Ramirez,robinramirezcbmw@msn.com,,email,email,1,2026-09-16,2026-09-16,Cold Outreach,Backup real estate photographer,cd155788-9198-42fd-b871-0da51b55b02d
Rodrigo Vidal,rodrigovornelas@gmail.com,,email,email,1,2026-09-16,2026-09-16,Cold Outreach,Backup real estate photographer,b783f5f4-146d-4122-87da-1279c2fb483b
Ron Rogers,ron@klamathhome.com,541-891-4875,email,email,1,2026-09-16,2026-09-16,Cold Outreach,Backup real estate photographer,7ce71e85-c024-43fe-8fdb-83ff97f8b7b3
Roxanne Cheney,roxanne.cheney@cbrealty.com,541-390-4030,email,email,1,2026-09-16,2026-09-16,Cold Outreach,Backup real estate photographer,f7b3be8e-e85f-46fa-90b1-345c92b233c8
Ryan Denning,ryan@cbcoast.com,,email,email,1,2026-09-16,2026-09-16,Cold Outreach,Backup real estate photographer,ccacad77-6b2d-43ac-8708-a3ccec3a8914
Ryan Maddy,ryanmaddyrealestate@gmail.com,503-930-5678,email,email,1,2026-09-16,2026-09-16,Cold Outreach,Backup real estate photographer,2df5bd14-d74e-4361-a3d9-f2a99df1b873
Sadie Walters,sadie@cbcoast.com,541-999-7119,email,email,1,2026-09-16,2026-09-16,Cold Outreach,Backup real estate photographer,3901f729-6350-4810-bdee-44ceb1408e9d
Sam Johnson,sam@cbcoast.com,541-999-0155,email,call+email,2,2026-09-07,2026-09-16,Cold Outreach,Backup real estate photographer,673a630f-b006-45b5-a3e1-34bcacaa7ebf
Sam Labbe,samlabbe1@gmail.com,503-851-4831,email,email,1,2026-09-16,2026-09-16,Cold Outreach,Backup real estate photographer,52e0ce6a-6bd0-4977-9cff-a7840b8f5a94
Sam Steiner,samsteiner.realty@gmail.com,541-999-6141,email,email,1,2026-09-16,2026-09-16,Cold Outreach,Backup real estate photographer,fc9204ab-099a-470e-bb94-67db9bc37a11
Samantha Mattison,samantha.mattison@gmail.com,503-801-2028,email,email,1,2026-09-16,2026-09-16,Cold Outreach,Backup real estate photographer,4c304f57-3f4d-4d6c-aada-bfb4631ffbcb
Sanoma Papadopoli,sanomarealestate@gmail.com,503-619-7491,email,email,1,2026-09-16,2026-09-16,Cold Outreach,Backup real estate photographer,3705979c-11d1-4b92-b099-98e4c6b9d67d
Sarah Clarke,sarahcbythesea77@gmail.com,,email,email,1,2026-09-16,2026-09-16,Cold Outreach,Backup real estate photographer,0d06ae2a-471a-4627-85d4-f2fd58215900
Sarah Rothschild,sarahrothschildrealestate@gmail.com,,email,email,1,2026-09-16,2026-09-16,Cold Outreach,Backup real estate photographer,63f1718c-e7b2-4003-b5a9-d8f4b495c6a8
Sarena Sutton,ssutton@cbkfalls.com,541-363-6048,email,email,1,2026-09-16,2026-09-16,Cold Outreach,Backup real estate photographer,305a3b72-362a-484a-9e7b-9e7b48dae63a
Scott Arehart,scottarehart@gmail.com,541-921-0801,email,email,1,2026-09-16,2026-09-16,Cold Outreach,Backup real estate photographer,c5502235-d74b-489d-8c1f-c67faa308a97
Sean Austin,sean.austin@cbrealty.com,541-285-4042,email,email,1,2026-09-16,2026-09-16,Cold Outreach,Backup real estate photographer,6e7caa4d-72c0-4892-b963-e6a66b0feaee
Sean Limbach,sean.limbach.rei@gmail.com,,email,email,1,2026-09-16,2026-09-16,Cold Outreach,Backup real estate photographer,5b7fce10-48ab-46af-bfff-d2e33dd104d4
Seth Long,sethlongrealestate@gmail.com,541-799-9672,email,email,1,2026-09-16,2026-09-16,Cold Outreach,Backup real estate photographer,52fa1c2b-ff41-4399-982f-971ba66f9165
Shana Rogers,shanarogers1@yahoo.com,,email,email,1,2026-09-16,2026-09-16,Cold Outreach,Backup real estate photographer,5e878e96-76af-431f-ad79-d4b45c6d71ae
Shannon Jackson,shanjackrealestate@gmail.com,,email,email,1,2026-09-16,2026-09-16,Cold Outreach,Backup real estate photographer,84a494cb-c0f5-44fa-b3b7-58c9e4c80ca0
Shannon Janssen,shannon.janssen@cbrealty.com,503-784-8097,email,email,1,2026-09-16,2026-09-16,Cold Outreach,Backup real estate photographer,c719a834-4ebd-4b6b-8932-e33e08cec663
Sharon Dady,singer5758@aol.com,541-621-3506,email,email,1,2026-09-16,2026-09-16,Cold Outreach,Backup real estate photographer,c2132881-5107-4a57-9371-79f593edf98c
Sharon Dawson,sharon.dawson@cbrealty.com,503-703-7653,email,email,1,2026-09-16,2026-09-16,Cold Outreach,Backup real estate photographer,0142d6d2-a510-4d16-be50-724d10dcb7b0
Sharon Fleming,sharon.fleming@cbrealty.com,503-680-3702,email,email,1,2026-09-16,2026-09-16,Cold Outreach,Backup real estate photographer,e400ed92-c604-4e9c-bbe8-842c3f46dd4a
Sharon Mork,sharon.mork@cbrealty.com,503-730-3501,email,email,1,2026-09-16,2026-09-16,Cold Outreach,Backup real estate photographer,1950de25-cb2f-4f39-9ec8-eb93078f8c17
Sharon Stepp,sharonstepprealtor@gmail.com,,email,email,1,2026-09-16,2026-09-16,Cold Outreach,Backup real estate photographer,7d726667-31f7-4729-9b85-e7d79bc7a864
Shawntel Brown,shawntel.brown@cbrealty.com,503-334-7595,email,email,1,2026-09-16,2026-09-16,Cold Outreach,Backup real estate photographer,2776f816-0d86-48bf-9540-bc0510fa7a27
Shelly May,shellymaykr@gmail.com,503-812-2938,email,email,1,2026-09-16,2026-09-16,Cold Outreach,Backup real estate photographer,4e491915-55e5-409f-b62b-3d2e9140bce5
Shena Ercanbrack,shena.ercanbrack@cbrealty.com,541-588-0108,email,email,1,2026-09-16,2026-09-16,Cold Outreach,Backup real estate photographer,4b5d3013-9b9c-4576-a28e-564aa99b6d96
Sheree Mauro,shereemauro@hotmail.com,541-281-2184,email,email,1,2026-09-16,2026-09-16,Cold Outreach,Backup real estate photographer,ee15d71e-68d2-4cc8-8f50-49bffe445581
Sherry Perrigan,sherry.perrigan@cbrealty.com,541-410-4938,email,email,1,2026-09-16,2026-09-16,Cold Outreach,Backup real estate photographer,5b7b0d31-10aa-4842-9b15-7c894153c1df
Shirley Hunt,shirley@cbcoast.com,,email,email,1,2026-09-16,2026-09-16,Cold Outreach,Backup real estate photographer,7e7e0fb8-f120-4f68-a3d9-425c6e572fa0
Sierra Holmly,sierra.holmly@cbrealty.com,541-600-7777,email,email,1,2026-09-16,2026-09-16,Cold Outreach,Backup real estate photographer,153dc491-bba6-4ca5-b78d-9ff98ad8413e
Sonia Folston,soniafolstonrealestate1@gmail.com,,email,email,1,2026-09-16,2026-09-16,Cold Outreach,Backup real estate photographer,ae2c0dea-69d7-4f08-a0f0-dd531a65de02
Stacey McGhehey,staceym@staceyrealtor.com,,email,email,1,2026-09-16,2026-09-16,Cold Outreach,Backup real estate photographer,2e58bdf9-f0c2-4169-a271-2ddf6943ee3a
Stephanie Shrum,home@stephanieshrum.com,541-363-7325,email,email,1,2026-09-16,2026-09-16,Cold Outreach,Backup real estate photographer,6e376948-60be-4ddc-86e9-e284d9a95cbe
Steve Payer,stephen.payer@cbrealty.com,541-480-2966,email,email,1,2026-09-16,2026-09-16,Cold Outreach,Backup real estate photographer,e33c6b4a-6f42-4461-aa65-3e424b5b32fb
Stoneleigh Wickland,stoneleigh.wickland@cbrealty.com,503-977-2595,email,email,1,2026-09-16,2026-09-16,Cold Outreach,Backup real estate photographer,7e16bb01-cf86-4288-a93d-23f6b582f371
Sudie Myers,sudie.myers@cbrealty.com,207-860-8585,email,email,1,2026-09-16,2026-09-16,Cold Outreach,Backup real estate photographer,29eff873-0232-4552-b7e0-d5d70c68adf6
Sue Lockhart,2suelockhart@gmail.com,,email,email,1,2026-09-16,2026-09-16,Cold Outreach,Backup real estate photographer,ad821311-2c9f-4479-966a-cccd44f727a3
Sue Scully,sues9456@gmail.com,,email,email,1,2026-09-16,2026-09-16,Cold Outreach,Backup real estate photographer,5eb51c27-8645-47ba-850f-f0487ae92f03
Suzie Lee,suzie.lee@cbrealty.com,541-408-6483,email,email,1,2026-09-16,2026-09-16,Cold Outreach,Backup real estate photographer,c87f1bce-0f38-444b-acd6-0cc8db0c095b
Sydney Jacobs,sydney.jacobs@cbrealty.com,503-453-0337,email,email,1,2026-09-16,2026-09-16,Cold Outreach,Backup real estate photographer,32ae7eac-5183-4f9f-8994-afa6d5b34bd7
Tammy Ehrenfelt,tehrenfelt@msn.com,541-992-5111,email,email,1,2026-09-16,2026-09-16,Cold Outreach,Backup real estate photographer,7c59410f-b963-43a2-be77-225fcc389bcf
Tammy Gibson,tammygibson@frontier.com,503-435-8958,email,email,1,2026-09-16,2026-09-16,Cold Outreach,Backup real estate photographer,f503dd29-a7e0-4171-ae8c-0338368a1870
Tanya Christensen,tanya.christensen@cbrealty.com,503-899-9644,email,email,1,2026-09-16,2026-09-16,Cold Outreach,Backup real estate photographer,9453e710-1f3e-4e80-92c9-e7bdf5838d47
Tawndy Byrd,tawndybyrd@gmail.com,541-420-8071,email,email,1,2026-09-16,2026-09-16,Cold Outreach,Backup real estate photographer,691d57bf-ead2-4d9a-8fa6-c9ac61302b5f
Taylor Clark,taylormarierealty@gmail.com,541-337-1192,email,email,1,2026-09-16,2026-09-16,Cold Outreach,Backup real estate photographer,4423b008-59be-46c2-a08f-8517a741ed0f
Terri Judd,tljudd@comcast.net,,email,email,1,2026-09-16,2026-09-16,Cold Outreach,Backup real estate photographer,f000c60d-dba2-4e3c-ac0e-c809a61d654a
Terry Nash,tknash@cbkfalls.com,541-891-7704,email,email,1,2026-09-16,2026-09-16,Cold Outreach,Backup real estate photographer,82c19a33-2db7-4105-86eb-ad349bbf6e61
Therese MacGregor,tmacgregorrealtor@gmail.com,541-840-2708,email,email,1,2026-09-16,2026-09-16,Cold Outreach,Backup real estate photographer,724b6ede-c999-43a1-b1a7-6a4541de30bd
Thomas Fisher,thomas.fisher@cbrealty.com,503-260-6758,email,email,1,2026-09-16,2026-09-16,Cold Outreach,Backup real estate photographer,8dff3477-018a-4c25-9005-d3aa74050cf0
Tiana Irving,livingeugene@gmail.com,,email,email,1,2026-09-16,2026-09-16,Cold Outreach,Backup real estate photographer,2e4f3341-2663-4e9b-b475-4e0b7df5a815
Tiffany Gidley,mrsoregonamerican2021@yahoo.com,,email,email,1,2026-09-16,2026-09-16,Cold Outreach,Backup real estate photographer,337fb372-727f-4608-b991-3c334ae3af6f
Tiffany Odiorne,tiffany.odiorne@cbrealty.com,541-771-9301,email,email,1,2026-09-16,2026-09-16,Cold Outreach,Backup real estate photographer,75a2d7e8-5c7d-4f77-bd52-8983b9b3877f
Tim Hayter,timhaytersells@gmail.com,,email,email,1,2026-09-16,2026-09-16,Cold Outreach,Backup real estate photographer,1d1651d9-c710-480e-b80b-c223bddf7029
Tim Kaelin,realtortimkaelin@gmail.com,541-285-6080,email,email,1,2026-09-16,2026-09-16,Cold Outreach,Backup real estate photographer,16026d94-8e34-48f3-9c64-8dba532c9661
Tom Fischer,tom@fischercommercialnw.com,,email,email,1,2026-09-16,2026-09-16,Cold Outreach,Backup real estate photographer,03f6fa75-4d19-4916-a4ed-54dde0c65945
Tony Cracolice Cracolice,tonycracolice@gmail.com,,email,email,1,2026-09-16,2026-09-16,Cold Outreach,Backup real estate photographer,561279e5-4ab8-40e2-b21f-4bb62db0a1bc
Tony Nunes,tnunes@cbkfalls.com,541-840-0342,email,email,1,2026-09-16,2026-09-16,Cold Outreach,Backup real estate photographer,7a3c00da-0ca0-4f56-b175-b7c9d41c8f5f
Tori Buck,victoria.buck@cbrealty.com,503-781-3654,email,email,1,2026-09-16,2026-09-16,Cold Outreach,Backup real estate photographer,52be2bdc-d43c-4464-8afa-49ec87168c7d
Traci Utterback,traci@cbsun.com,503-580-1179,email,email,1,2026-09-16,2026-09-16,Cold Outreach,Backup real estate photographer,ca083c5c-3f72-444b-add5-34bf3dd00586
Valerie Bird,vbirdrealestate@gmail.com,,email,email,1,2026-09-16,2026-09-16,Cold Outreach,Backup real estate photographer,3baa1294-38df-4931-8f75-af896fe6b831
Vanessa Zamora,vanessazamorahomes@gmail.com,971-895-0648,email,email,1,2026-09-16,2026-09-16,Cold Outreach,Backup real estate photographer,4458bd98-aa6e-491a-a5f6-20870fdc7c4b
Vicki Dick,vickid@cbfarley.com,541-969-9441,email,email,1,2026-09-16,2026-09-16,Cold Outreach,Backup real estate photographer,51400acc-6a90-49bd-bf06-091691519cd9
Virginia Ross,virginia.ross@cbrealty.com,541-480-7501,email,email,1,2026-09-16,2026-09-16,Cold Outreach,Backup real estate photographer,d8c2a374-4674-48cc-9afc-dd20367c3695
Wendy Bird,wendy.bird@yahoo.com,503-435-9277,email,email,1,2026-09-16,2026-09-16,Cold Outreach,Backup real estate photographer,c437ccc8-9eed-4a6a-afad-004dde0e895a
Wendy Clark,wclark@cbkfalls.com,541-281-6316,email,email,1,2026-09-16,2026-09-16,Cold Outreach,Backup real estate photographer,1b5503ec-ed03-4072-a3f1-ebb6d9f8c659
Winnie Hannon,cbwinniehannon@gmail.com,503-559-8867,email,email,1,2026-09-16,2026-09-16,Cold Outreach,Backup real estate photographer,335d55cd-1caf-4064-a576-c0af86e4dc53
Yojandra Zamora,yojandrazamora@gmail.com,,email,email,1,2026-09-16,2026-09-16,Cold Outreach,Backup real estate photographer,d6c5f488-b9c4-464b-84a4-d68181ca10c7
Zuzana Decoster,zuzana.decoster@gmail.com,503-421-5460,email,email,1,2026-09-16,2026-09-16,Cold Outreach,Backup real estate photographer,d1460e29-f0d1-4ca4-bec3-eb2eca6008a6
Aaron Buster,aaron.wsdev@gmail.com,503-718-8309,email,email,1,2026-09-16,2026-09-16,Cold Outreach,Backup real estate photographer,7cfc5c06-d0e2-4211-9951-8c4805d26712
Aaron Moville,aaron.moville@yahoo.com,541-228-8882,email,email,1,2026-09-16,2026-09-16,Cold Outreach,Backup real estate photographer,a5afeef5-71f5-4169-a029-93e39061724a
Abagail Archuleta,abagailarchuleta@johnlscott.com,503-930-2323,email,email,1,2026-09-16,2026-09-16,Cold Outreach,Backup real estate photographer,92bbb233-ac53-4639-95e8-b61094e71ed2
Adam McGrew,realtoradam@listwithadam.com,541-821-4959,email,email,1,2026-09-16,2026-09-16,Cold Outreach,Backup real estate photographer,cb727502-d0b0-4c4a-bb41-5c7214204b84
Adam Sarancik,adam@trustinrealestate.com,503-327-9323,email,email,1,2026-09-16,2026-09-16,Cold Outreach,Backup real estate photographer,7a04ad9f-48f5-42df-8258-345f2c5d35fa
Adam Shepard,adamcshepard@gmail.com,971-533-9444,email,email,1,2026-09-16,2026-09-16,Cold Outreach,Backup real estate photographer,ea8eca07-f4c5-408e-95a9-8d1037cd3f96
Adam Strathdee,adamstrathdee@gmail.com,503-308-3742,email,email,1,2026-09-16,2026-09-16,Cold Outreach,Backup real estate photographer,3376a8e8-afdb-4f49-81dc-29cdb01024b9
Adam Zagel,adam@adamtherealtor.pdx.com,503-381-2023,email,email,1,2026-09-16,2026-09-16,Cold Outreach,Backup real estate photographer,043ee5bd-eadb-47d1-a23c-f70512b3effe
Agim Kaba,agimkaba@johnlscott.com,503-383-2700,email,email,1,2026-09-16,2026-09-16,Cold Outreach,Backup real estate photographer,8fe0f678-4000-4f18-a34a-dce704ed4e87
Aimee Colvin,musiclove13@icloud.com,503-442-0403,email,email,1,2026-09-16,2026-09-16,Cold Outreach,Backup real estate photographer,2b1c10cc-ac10-40cd-94af-0da0f261cf4c
Alana Walters,alana@waltersnw.com,503-819-2601,email,email,1,2026-09-16,2026-09-16,Cold Outreach,Backup real estate photographer,7ba3633e-0b65-41ef-b5f6-fafa4982da19
Alex Bettermann,abettermann@johnlscott.com,971-336-6385,email,email,1,2026-09-16,2026-09-16,Cold Outreach,Backup real estate photographer,08b569a9-cfb1-4df4-b9b1-26c3818532f3
Alex McCarthy,alexmc@johnlscott.com,541-514-1779,email,email,1,2026-09-16,2026-09-16,Cold Outreach,Backup real estate photographer,0138a4df-302d-4a81-8fdc-e554f8e5978e
Alex Mercado Munoz,alexmercado@johnlscott.com,971-225-2339,email,email,1,2026-09-16,2026-09-16,Cold Outreach,Backup real estate photographer,bba9975f-c8b7-4ea7-b4da-f88a1d55294b
Alex Pothetes,alexp@johnlscott.com,503-317-6201,email,email,1,2026-09-16,2026-09-16,Cold Outreach,Backup real estate photographer,8b45ea75-20ed-4d36-a59c-7dad65c3e735
Allyson O'Hagan,allysonohagan@johnlscott.com,805-440-4377,email,email,1,2026-09-16,2026-09-16,Cold Outreach,Backup real estate photographer,30064e2f-f711-4fec-a3fa-183a8840a90b
Alyssa Hall,alyssahall@johnlscott.com,971-998-7400,email,email,1,2026-09-16,2026-09-16,Cold Outreach,Backup real estate photographer,5484a474-dbb3-424a-9226-4e47a6941fe1
Amanda Adkins,amandaadkins@johnlscott.com,,email,email,1,2026-09-16,2026-09-16,Cold Outreach,Backup real estate photographer,a0d0e38b-7a97-4f88-8ddc-121b8dfceb71
Amanda Allen,amandasellsoregonhomes@gmail.com,971-295-1354,email,email,1,2026-09-16,2026-09-16,Cold Outreach,Backup real estate photographer,8f8d8215-5056-4977-a7d1-db91aca4e200
Amanda Courson,acourson@johnlscott.com,949-335-2913,email,email,1,2026-09-16,2026-09-16,Cold Outreach,Backup real estate photographer,ae2e0efd-91a2-4cc5-9f8d-7d5066b3a900
Amber Combs,amber@ambercrealty.com,541-606-3949,email,email,1,2026-09-16,2026-09-16,Cold Outreach,Backup real estate photographer,010fc310-abd2-4f2c-8b54-37fafdd221fd
Amber Hill,amberhill@johnlscott.com,503-780-1872,email,email,1,2026-09-16,2026-09-16,Cold Outreach,Backup real estate photographer,6f9df200-7d67-4086-90ed-b1d9882dea47
Amber Lodge,amberlodge@johnlscott.com,913-563-8001,email,email,1,2026-09-16,2026-09-16,Cold Outreach,Backup real estate photographer,9a4dca0a-c63e-4ac4-b5d9-b9b595be7b10
Amelia Dixon,ameliadixon@johnlscott.com,541-200-8489,email,email,1,2026-09-16,2026-09-16,Cold Outreach,Backup real estate photographer,e93d764b-c099-434a-b47a-66a6407d82c3
Amla Dhamdhere,amla@crandallgroup.com,503-791-0016,email,email,1,2026-09-16,2026-09-16,Cold Outreach,Backup real estate photographer,de5b8e74-4178-485b-adb4-292968d18b09
Amy Bebo,amybebo@johnlscott.com,503-757-9311,email,email,1,2026-09-16,2026-09-16,Cold Outreach,Backup real estate photographer,ba4f8984-d855-4786-8ae5-765e1eb5df1d
Amy More,amymorebroker@gmail.com,541-415-1875,email,email,1,2026-09-16,2026-09-16,Cold Outreach,Backup real estate photographer,726ad09b-8f35-401d-83cf-c43c054091ca
Amy Trull,amytrull@johnlscott.com,,email,email,1,2026-09-16,2026-09-16,Cold Outreach,Backup real estate photographer,db0142ad-8a6f-4acc-93c5-fb14ce1a36fc
Amy Van Horn,amyv@johnlscott.com,541-488-1311,email,email,1,2026-09-16,2026-09-16,Cold Outreach,Backup real estate photographer,c5e4aa71-2746-4540-a9a9-18d02385a17b
Andrea Chapman,chapmaan3@gmail.com,,email,email,1,2026-09-16,2026-09-16,Cold Outreach,Backup real estate photographer,cc9e640d-1f7d-44d2-8e4a-78dd8d78a3f6
Andrea Jones,andreajones@johnlscott.com,503-702-1572,email,email,1,2026-09-16,2026-09-16,Cold Outreach,Backup real estate photographer,f60240aa-6776-4141-a9d2-e233e2126307
Andrew Johnson,andrewjohnson@johnlscott.com,503-544-9616,email,email,1,2026-09-16,2026-09-16,Cold Outreach,Backup real estate photographer,d4ae6ea5-53ed-4edb-98fb-d7e3817109ba
Andrew Kinder,andrewkinder@johnlscott.com,541-619-7441,email,email,1,2026-09-16,2026-09-16,Cold Outreach,Backup real estate photographer,f597fd96-70ac-4ae2-9cfe-cecaa4c37cc9
Ani Weber,animweber@gmail.com,808-385-0423,email,email,1,2026-09-16,2026-09-16,Cold Outreach,Backup real estate photographer,a96c04a7-d435-4632-a775-9c0b75ca46ba
Anne Anderson,annea@johnlscott.com,541-659-2662,email,email,1,2026-09-16,2026-09-16,Cold Outreach,Backup real estate photographer,ae0fc4ad-03ef-493d-bbca-7a325c676021
Ashley Brose,ashleybrose@johnlscott.com,971-275-0612,email,email,1,2026-09-16,2026-09-16,Cold Outreach,Backup real estate photographer,94542bc7-9e79-4075-a2cf-57cfa8213290
Ashley Lacer,ashley@mopg.com,541-231-7788,email,email,1,2026-09-16,2026-09-16,Cold Outreach,Backup real estate photographer,ef4d3574-0d44-4d6d-96b0-e6e502ed37bd
Audra Castillo,audracastillo@johnlscott.com,541-890-4596,email,email,1,2026-09-16,2026-09-16,Cold Outreach,Backup real estate photographer,efa8c67a-9b97-4638-b7bb-0d172ed3608b
Austin Lalande,austinlalande@johnlscott.com,,email,email,1,2026-09-16,2026-09-16,Cold Outreach,Backup real estate photographer,ffe7f139-e1f3-4354-8ea0-91ea0c089157
Austin Sabin,austins@johnlscott.com,503-522-5233,email,email,1,2026-09-16,2026-09-16,Cold Outreach,Backup real estate photographer,d32a9fbb-075d-4099-b1b5-d468f0ec8056
Autumn Baldwin,autumnbaldwin@johnlscott.com,503-444-0838,email,email,1,2026-09-16,2026-09-16,Cold Outreach,Backup real estate photographer,f474bb47-1c2a-46ad-acf8-5f61b913da4b
Autumn Reynolds,autumnr@johnlscott.com,541-659-8473,email,email,1,2026-09-16,2026-09-16,Cold Outreach,Backup real estate photographer,7965ed49-fae7-4cf8-a804-4bd7ec6da472
Becki Anderson,beckiandersonrealestate@gmail.com,503-884-1147,email,email,1,2026-09-16,2026-09-16,Cold Outreach,Backup real estate photographer,faf5d895-c66c-48b1-8cc1-4667effdbbc8
Becky Brown,beckybrown@johnlscott.com,541-292-1974,email,email,1,2026-09-16,2026-09-16,Cold Outreach,Backup real estate photographer,63339236-a0b1-454f-aba1-2de21afa80f5
Becky Love,beckylove@johnlscott.com,503-201-3777,email,email,1,2026-09-16,2026-09-16,Cold Outreach,Backup real estate photographer,7df97709-66dc-422a-962f-60a3f5af22e3
Becky Smallwood,beckysmallwood@johnlscott.com,541-306-7217,email,email,1,2026-09-16,2026-09-16,Cold Outreach,Backup real estate photographer,e5d6b766-2669-423d-a146-97218a359b8e
Bella Lane,bellalane@johnlscott.com,541-930-2671,email,email,1,2026-09-16,2026-09-16,Cold Outreach,Backup real estate photographer,443d2025-c87d-4b42-b6c5-31d8a4cec901
Ben Kinney,bkinney@johnlscott.com,541-951-9377,email,email,1,2026-09-16,2026-09-16,Cold Outreach,Backup real estate photographer,081e0066-83da-4427-b87d-59b5836c74f6
Ben Shank,benshank@johnlscott.com,541-280-0066,email,email,1,2026-09-16,2026-09-16,Cold Outreach,Backup real estate photographer,df85f44a-007e-4148-b7ef-b77c8c75a1ae
Ben Summerfield,bensummerfield@johnlscott.com,503-545-3761,email,email,1,2026-09-16,2026-09-16,Cold Outreach,Backup real estate photographer,edd89270-77bc-4d93-9ed3-dd69de7ff3a9
Ben Zeigler,benjamin.i.zeigler@gmail.com,541-840-0211,email,email,1,2026-09-16,2026-09-16,Cold Outreach,Backup real estate photographer,18721b28-e35f-43f5-9478-ae7630489ada
Bernard Young,byoung@johnlscott.com,541-944-2086,email,email,1,2026-09-16,2026-09-16,Cold Outreach,Backup real estate photographer,a846ebe0-233a-4962-9f2b-2ee6a31f6165
Bethann Prittie,prittierealestate@gmail.com,503-421-8269,email,email,1,2026-09-16,2026-09-16,Cold Outreach,Backup real estate photographer,6f7b9488-e2df-4261-ae09-c291d3d17ad1
Beverly Anderson,beverlyanderson@johnlscott.com,503-880-9277,email,email,1,2026-09-16,2026-09-16,Cold Outreach,Backup real estate photographer,5e6680e8-1b15-4a39-bab1-70f4c1153a8f
Beverly Moser,beverlymoser@johnlscott.com,503-789-5417,email,email,1,2026-09-16,2026-09-16,Cold Outreach,Backup real estate photographer,1c1e0f95-745e-4e51-8471-f86586a0710d
Bill Jackson,bill@urbanpdxrealestate.com,,email,email,1,2026-09-16,2026-09-16,Cold Outreach,Backup real estate photographer,b58823c8-bc85-4d64-a616-d067b37f3055
Bill Zhan,billzhan@johnlscott.com,503-766-9628,email,email,1,2026-09-16,2026-09-16,Cold Outreach,Backup real estate photographer,f8bbde48-35cf-4028-895b-1559016f0e36
Blake Byzewski,blakebyz@gmail.com,,email,email,1,2026-09-16,2026-09-16,Cold Outreach,Backup real estate photographer,8ba1c903-74f3-412e-b5f8-fff625fae231
Blanca Padula,bdelossantos@johnlscottsouthernoregon.com,541-499-2724,email,email,1,2026-09-16,2026-09-16,Cold Outreach,Backup real estate photographer,f8e1e2e0-7427-4560-a817-910d65a4f717
Bob Fischer,bfischer@johnlscottsouthernoregon.com,,email,email,1,2026-09-16,2026-09-16,Cold Outreach,Backup real estate photographer,2e2b7fda-f7c7-43d8-b794-413a759fd0e4
Bob Law,boblaw@easystreet.net,,email,email,1,2026-09-16,2026-09-16,Cold Outreach,Backup real estate photographer,018fff0d-f3e7-4d10-bee7-73722fa89974
Brenda Reger-Jarrett,brendaj@johnlscott.com,,email,email,1,2026-09-16,2026-09-16,Cold Outreach,Backup real estate photographer,3afe97b0-9ff2-427c-9437-310dfa825955
Brendon Sewell,brendons@johnlscott.com,503-347-6914,email,email,1,2026-09-16,2026-09-16,Cold Outreach,Backup real estate photographer,8574330b-46a9-4183-9cb3-18b5a2fbe2a6
Brent Frederickson,brent.portland@yahoo.com,,email,email,1,2026-09-16,2026-09-16,Cold Outreach,Backup real estate photographer,0a804c28-1c36-4969-b15b-2747611e9e3b
Brett Bodine,brettbodine@johnlscott.com,503-318-9108,email,email,1,2026-09-16,2026-09-16,Cold Outreach,Backup real estate photographer,d693ac22-191b-4ad4-af86-b95ccef87551
Brian Bellairs,brian@bellairs-gorman.com,503-706-0554,email,email+sms,2,2026-09-16,2026-09-16,Cold Outreach,Backup real estate photographer,5a724f87-d2c2-48d4-9ae1-f06a851a4f35
Brian Owen,brianowen@johnlscott.com,,email,email,1,2026-09-16,2026-09-16,Cold Outreach,Backup real estate photographer,0f0d2e4b-2ed1-4062-ad55-b467499ee3ab
Brittany Fiorello,brittanyf@johnlscott.com,503-593-5032,email,email,1,2026-09-16,2026-09-16,Cold Outreach,Backup real estate photographer,63cd2b7d-5f2c-4ab6-be22-319d2ddf5cd3
Brittney Rossiter,brossiter@johnlscott.com,541-690-9308,email,email,1,2026-09-16,2026-09-16,Cold Outreach,Backup real estate photographer,3c8827f0-c157-4c7b-a508-af67e8548a89
Brittney Young,brittneydee@gmail.com,,email,email,1,2026-09-16,2026-09-16,Cold Outreach,Backup real estate photographer,23e9cb63-40fe-4e74-954b-819c972eb970
Bruce Cummings,brucecummings@johnlscott.com,971-777-5697,email,email,1,2026-09-16,2026-09-16,Cold Outreach,Backup real estate photographer,0def3917-21d7-4bf1-b88c-5bcec3a3ebc7
Bruce Cwiklinksi,bcwik@johnlscott.com,541-690-9748,email,email,1,2026-09-16,2026-09-16,Cold Outreach,Backup real estate photographer,72e0992d-00e0-40a1-a399-70da50ac8308
Bryan Schlafke,bryanschlafke@johnlscott.com,541-301-3433,email,email,1,2026-09-16,2026-09-16,Cold Outreach,Backup real estate photographer,fe9805e8-ca8a-474e-94d2-f3992c939431
Bryn Knight,brynknight@johnlscott.com,458-229-3050,email,email,1,2026-09-16,2026-09-16,Cold Outreach,Backup real estate photographer,91caa2b3-cb05-4553-a762-367bef2c9cb9
Cameron Allen,cameronallen@johnlscott.com,541-613-8891,email,email,1,2026-09-16,2026-09-16,Cold Outreach,Backup real estate photographer,ecf7fbb9-fbfc-4698-a263-95122e0f9d4f
Candice Anderson,candicea@johnlscott.com,541-788-8878,email,email,1,2026-09-16,2026-09-16,Cold Outreach,Backup real estate photographer,15268f7c-3873-46c2-9fd6-6add1501702f
Carly Allen,carlyallen@johnlscott.com,503-544-2675,email,email,1,2026-09-16,2026-09-16,Cold Outreach,Backup real estate photographer,78c39b6f-218c-47e1-adef-48754021c2db
Carmen Myers,carmen.myers1030@gmail.com,541-337-5643,email,email,1,2026-09-16,2026-09-16,Cold Outreach,Backup real estate photographer,d52bf86f-5f71-4bf0-9418-24b4bd9cd9b9
Carrie Dahle,carrie@scottlewisgroup.com,541-488-6979,email,email,1,2026-09-16,2026-09-16,Cold Outreach,Backup real estate photographer,e5e5b04a-4da6-4583-8b27-c426086886cb
Cary Knight,caryk@johnlscott.com,503-810-4580,email,email,1,2026-09-16,2026-09-16,Cold Outreach,Backup real estate photographer,ad8151a4-2833-4f69-b0f5-95cf8bb87966
Casey Jones,caseyj@johnlscott.com,503-319-7867,email,email,1,2026-09-16,2026-09-16,Cold Outreach,Backup real estate photographer,069cb1a2-3c79-44a5-be31-c98a81471dbd
Cassie Richardson,cassierichardson@johnlscott.com,503-536-5215,email,email,1,2026-09-16,2026-09-16,Cold Outreach,Backup real estate photographer,f92ba593-1446-4ffe-95b4-19fa4fb4f317
Cassie Spiker,cassies@johnlscott.com,541-727-1476,email,email,1,2026-09-16,2026-09-16,Cold Outreach,Backup real estate photographer,3dd90776-50a9-40c9-aac9-b349d1f83551
Cathy Clark Thomas,cathyct@johnlscott.com,503-756-1431,email,email,1,2026-09-16,2026-09-16,Cold Outreach,Backup real estate photographer,1ba74a44-877b-4360-b592-757c09f1b66f
Chad Guthrie,cguthrie@johnlscott.com,541-944-6476,email,email,1,2026-09-16,2026-09-16,Cold Outreach,Backup real estate photographer,da4fd1a4-42bf-4d3a-9c15-eccf051fae76
Chad Koeller,chadkoeller@johnlscott.com,541-610-4737,email,email,1,2026-09-16,2026-09-16,Cold Outreach,Backup real estate photographer,f0cd0ceb-ccf0-431f-9cc5-11e25be518ef
Cheyenne Daniels,cheymdaniels@gmail.com,541-761-9545,email,email,1,2026-09-16,2026-09-16,Cold Outreach,Backup real estate photographer,649851f8-137d-4644-9785-28998bcf60b2
Chloe Hanson,chloehanson@johnlscott.com,541-531-6008,email,email,1,2026-09-16,2026-09-16,Cold Outreach,Backup real estate photographer,05e72139-5f6e-44b0-bafd-f29399ab75ec
Chris Anderson,chrisanderson@johnlscott.com,503-780-4336,email,email,1,2026-09-16,2026-09-16,Cold Outreach,Backup real estate photographer,58b4d6f2-109c-43b7-a010-b2ebcdf03d96
Chris Martin,chris@mopg.com,541-660-5111,email,email,1,2026-09-16,2026-09-16,Cold Outreach,Backup real estate photographer,c2c09904-649c-4559-834c-160c98bd40cb
Chris Rankin,chrisrankin@johnlscott.com,541-640-9025,email,email,1,2026-09-16,2026-09-16,Cold Outreach,Backup real estate photographer,42666501-bcb3-4cb9-81e7-c510fdf03b17
Chris Torrey,smooothct1@gmail.com,503-358-3000,email,email,1,2026-09-16,2026-09-16,Cold Outreach,Backup real estate photographer,1b53023b-ae32-4531-9cdb-e8c582815017
Christopher Love,christopherjl@johnlscott.com,503-957-6087,email,email,1,2026-09-16,2026-09-16,Cold Outreach,Backup real estate photographer,ce3cfe73-a508-4bec-b1e3-2ff87e51d9ac
Chrysi Diamond Bucuvalas,chrysi.diamond@gmail.com,503-516-7337,email,email,1,2026-09-16,2026-09-16,Cold Outreach,Backup real estate photographer,58e19e58-de4c-4238-a9ff-9c873a9b0b9e
Chuck Rearrick,chuckr@johnlscott.com,541-840-8911,email,email,1,2026-09-16,2026-09-16,Cold Outreach,Backup real estate photographer,4bb53308-b3e2-4e90-ad1d-182dabef2fa3
Ciji Dieringer,cijid@johnlscott.com,503-737-5871,email,email,1,2026-09-16,2026-09-16,Cold Outreach,Backup real estate photographer,9fe6c430-61f5-420b-8a5f-8c30fbadd133
Cindy Johnson,cindyjohnson@johnlscott.com,971-409-4877,email,email,1,2026-09-16,2026-09-16,Cold Outreach,Backup real estate photographer,8ede5317-e70f-4210-8cd8-ed3875776077
Cindy Thackery,cindyt@johnlscott.com,503-758-4645,email,email,1,2026-09-16,2026-09-16,Cold Outreach,Backup real estate photographer,0473c70a-982f-4e54-b9ef-93f02e9c6e15
Cindy Williams,cindywilliams@johnlscott.com,541-840-0959,email,email,1,2026-09-16,2026-09-16,Cold Outreach,Backup real estate photographer,3612379a-bcc0-49fc-b9ee-a511822d505c
Clayton Maves,claytonmaves@johnlscott.com,971-201-7879,email,email,1,2026-09-16,2026-09-16,Cold Outreach,Backup real estate photographer,afc717a9-93af-41f7-a215-134857d639cb
Cody Ruegg,codyruegg@johnlscott.com,503-319-4948,email,email,1,2026-09-16,2026-09-16,Cold Outreach,Backup real estate photographer,39df9572-cbe3-48d4-bb2c-04c3eecc23d9
Cole Thursam,cole.thursam@gmail.com,,email,email,1,2026-09-16,2026-09-16,Cold Outreach,Backup real estate photographer,9094746a-535b-4129-851b-de07c74b42a7
Colene Martin,colenemartin@johnlscott.com,,email,email,1,2026-09-16,2026-09-16,Cold Outreach,Backup real estate photographer,94f0d1b1-7275-4e31-9a0b-ec0df696d189
Colin Lyon,clyon@johnlscott.com,541-205-2632,email,email,1,2026-09-16,2026-09-16,Cold Outreach,Backup real estate photographer,e3d6d912-c05e-4650-8d6c-158a8757d3a6
Collin Quaid,collin.quaid@gmail.com,541-944-0677,email,email,1,2026-09-16,2026-09-16,Cold Outreach,Backup real estate photographer,02c41ab1-8c4c-48ea-baec-098370c5e22d
Connor Steeves,con464@gmail.com,503-989-7224,email,email,1,2026-09-16,2026-09-16,Cold Outreach,Backup real estate photographer,bff3c3ae-0842-4df8-8d45-3eddd6bb8654
Corie Gosse,corieg@johnlscott.com,503-320-7468,email,email,1,2026-09-16,2026-09-16,Cold Outreach,Backup real estate photographer,ad05193f-8a51-47a8-b61e-022973c49d7c
Craig Fahner,craigfa@johnlscott.com,503-358-8163,email,email,1,2026-09-16,2026-09-16,Cold Outreach,Backup real estate photographer,70fab703-ab5e-49c0-aa29-5bfffd31846e
Cynthia Currie,cynthiacurrie@johnlscott.com,503-995-2746,email,email,1,2026-09-16,2026-09-16,Cold Outreach,Backup real estate photographer,db3ce06d-84f3-4217-bfcc-fe748ad26d57
Dale Chaney,dalec@johnlscott.com,503-351-1510,email,email,1,2026-09-16,2026-09-16,Cold Outreach,Backup real estate photographer,e7e4f42d-b1d9-478c-a1ff-1f4f565a1a09
Dalia Villegas,dvillegas@johnlscott.com,541-314-7046,email,email,1,2026-09-16,2026-09-16,Cold Outreach,Backup real estate photographer,35e2a8f0-049c-4c07-9dd7-495b1110ede4
Dan Heater,danheater@johnlscott.com,541-317-0123,email,email,1,2026-09-16,2026-09-16,Cold Outreach,Backup real estate photographer,82f155fd-543a-4a9f-8326-3a0fc1c17cf2
Dan Heater,danh@johnlscott.com,541-441-1391,email,email,1,2026-09-16,2026-09-16,Cold Outreach,Backup real estate photographer,2fc88c42-647b-4275-99ab-ae59dd196fea
Dan McGraw,danmcgraw@johnlscott.com,503-805-3821,email,email,1,2026-09-16,2026-09-16,Cold Outreach,Backup real estate photographer,323e6402-47b2-4189-bd26-92399523dfd5
Dan Mollahan,danmollahan@johnlscott.com,541-890-8714,email,email,1,2026-09-16,2026-09-16,Cold Outreach,Backup real estate photographer,7cda3446-7c82-4f38-a81c-23f4545f5ab4
Dane Murray,danemurray@johnlscott.com,541-944-6865,email,email,1,2026-09-16,2026-09-16,Cold Outreach,Backup real estate photographer,d824bbce-342e-4572-b7cd-923e7b4b2a68
Danelle Beebe,danellebeebe@johnlscott.com,541-633-6678,email,email,1,2026-09-16,2026-09-16,Cold Outreach,Backup real estate photographer,66d52b7c-b970-4888-b686-020d05179489
Daniel Naylor,danielnaylorbroker@gmail.com,541-660-1121,email,email,1,2026-09-16,2026-09-16,Cold Outreach,Backup real estate photographer,9afa069f-d7ab-492b-86b1-9041fc122b35
Danielle Strome,daniellestrome@gmail.com,541-480-1635,email,email,1,2026-09-16,2026-09-16,Cold Outreach,Backup real estate photographer,1c355a2e-943e-4a88-a6d3-cfcab5fc7c71
Danny Sommers,dannyssom@gmail.com,626-824-7368,email,email,1,2026-09-16,2026-09-16,Cold Outreach,Backup real estate photographer,e6abfd55-178f-4707-aa9a-016395dec957
Danny Teune,dannyteune.86@gmail.com,503-312-3213,email,email,1,2026-09-16,2026-09-16,Cold Outreach,Backup real estate photographer,46312ca6-b188-4f37-a1eb-df003b16246f
Darlene Van Kuren,darlene@crandallgroup.com,503-830-0987,email,email,1,2026-09-16,2026-09-16,Cold Outreach,Backup real estate photographer,69305102-0594-468c-99a2-78a2c0684e65
Dave Culbertson,daveandshellyculby@gmail.com,,email,email,1,2026-09-16,2026-09-16,Cold Outreach,Backup real estate photographer,2074c774-c3c3-4079-8ba3-5a70ece29b89
Dave Lucas,davelucas@johnlscott.com,503-705-0835,email,email,1,2026-09-16,2026-09-16,Cold Outreach,Backup real estate photographer,827eeca7-2330-4f0c-86d4-37421bb538e8
Dave McGarry,davemc@johnlscott.com,503-314-8846,email,email,1,2026-09-16,2026-09-16,Cold Outreach,Backup real estate photographer,d965baae-006b-4842-851e-079a03b9e5f9
David Kamin,davidk@johnlscott.com,503-716-6094,email,email,1,2026-09-16,2026-09-16,Cold Outreach,Backup real estate photographer,09496604-ce82-418b-a097-a04f28aa2762
David Khrul,davidkhrul@johnlscott.com,503-413-0513,email,email,1,2026-09-16,2026-09-16,Cold Outreach,Backup real estate photographer,29da2311-06f3-42cc-a934-83460bbc2266
David King,davidking@johnlscott.com,541-876-7513,email,email,1,2026-09-16,2026-09-16,Cold Outreach,Backup real estate photographer,dfe743d2-5735-4d03-85d1-63a6f6d0084c
David McGrew,dmcgrew@johnlscott.com,503-819-9562,email,email,1,2026-09-16,2026-09-16,Cold Outreach,Backup real estate photographer,82fd29c8-c929-4ec8-a860-adf418583f30
David West,david@grantspassrealestate.com,541-659-9681,email,email,1,2026-09-16,2026-09-16,Cold Outreach,Backup real estate photographer,63d8f7ca-8b7d-40bb-95f3-2608d2237c74
Dax Chen,daxc@johnlscott.com,541-969-5961,email,email,1,2026-09-16,2026-09-16,Cold Outreach,Backup real estate photographer,fe0d6601-2d4e-47f5-ba63-f3c36aa76514
DeAnna Kirsch,deannakirsch@johnlscott.com,503-380-2206,email,email,1,2026-09-16,2026-09-16,Cold Outreach,Backup real estate photographer,758f136f-5f41-4626-9eb5-71d9affd9bb7
Debbie Stephen,debstephen@johnlscott.com,503-936-7416,email,email,1,2026-09-16,2026-09-16,Cold Outreach,Backup real estate photographer,7f7e0db9-c38d-4167-a61b-7e8aececafcc
Debi Drake,debidrake@johnlscott.com,503-806-2817,email,email,1,2026-09-16,2026-09-16,Cold Outreach,Backup real estate photographer,b030ab75-8207-40ef-bba3-e48306b8673d
Deepika Raghuraman,deepikatharunk@gmail.com,971-344-7651,email,email,1,2026-09-16,2026-09-16,Cold Outreach,Backup real estate photographer,028750c3-37c8-4821-959b-8716a21fd9b3
Derek Krason,dkrason@johnlscottsouthernoregon.com,541-295-4812,email,email,1,2026-09-16,2026-09-16,Cold Outreach,Backup real estate photographer,2d8bda25-7b7d-49df-9971-d76e8011c9ea
Diana Erickson,diana@dianaerickson.com,503-319-5544,email,email,1,2026-09-16,2026-09-16,Cold Outreach,Backup real estate photographer,4816e4ec-31bf-4b39-b830-d6723d388b4a
Diana Pirelli,dianapirelli@johnlscott.com,,email,email,1,2026-09-16,2026-09-16,Cold Outreach,Backup real estate photographer,0502f5d8-c4d3-4f58-888f-c3088cedf3dc
Dixie Hackstedde,dixieh@johnlscott.com,541-944-3338,email,email,1,2026-09-16,2026-09-16,Cold Outreach,Backup real estate photographer,fd92631c-be5e-4fa6-92ea-08586f2453f5
Dom Martinez,dom@johnlscott.com,541-621-1095,email,email,1,2026-09-16,2026-09-16,Cold Outreach,Backup real estate photographer,c2dd412b-c17b-4ff4-83b7-6c381eb50113
Don Brewer,dbrewer@johnlscott.com,541-215-0590,email,email,1,2026-09-16,2026-09-16,Cold Outreach,Backup real estate photographer,1dc9b724-0eb7-49a9-b3a1-b7254f4d0112
Donovan Birch,donovanbirch@yahoo.com,503-459-3377,email,email,1,2026-09-16,2026-09-16,Cold Outreach,Backup real estate photographer,741f13ff-c6e1-47cb-9ede-83d39e77b976
Doug Bergmann,dougb@johnlscott.com,503-869-7677,email,email,1,2026-09-16,2026-09-16,Cold Outreach,Backup real estate photographer,56f0bf38-d30f-44d9-aa8b-92395b05fa8c
Doug Landers,douglanders@johnlscott.com,503-936-3905,email,email,1,2026-09-16,2026-09-16,Cold Outreach,Backup real estate photographer,e49639c4-1129-4d65-b512-395ffac17940
Doug Morse,dougmorsegroup@gmail.com,541-944-6000,email,email,1,2026-09-16,2026-09-16,Cold Outreach,Backup real estate photographer,9cbcec18-93d1-4c5b-a0e2-bacb817f67f4
Dustin Way,dway@johnlscott.com,541-301-7929,email,email,1,2026-09-16,2026-09-16,Cold Outreach,Backup real estate photographer,6534997d-e741-4778-a582-9f9b7f7531e3
Dylan Dahle,dylan@scottlewisgroup.com,775-342-4634,email,email,1,2026-09-16,2026-09-16,Cold Outreach,Backup real estate photographer,d7506ba2-6eca-4e16-8714-a44df7822ac2
Ed Desmarteau,eddesmarteau@johnlscott.com,503-409-2433,email,email,1,2026-09-16,2026-09-16,Cold Outreach,Backup real estate photographer,4a7357b6-4e4c-489d-90cb-78744bb3f9db
Elliot Blair,elliotthebroker@gmail.com,541-916-2977,email,email,1,2026-09-16,2026-09-16,Cold Outreach,Backup real estate photographer,a7e5f2f1-51ce-49fe-bff0-f081c3b827e8
Eric Condello,eric.condello1@gmail.com,541-690-8469,email,email,1,2026-09-16,2026-09-16,Cold Outreach,Backup real estate photographer,11d0410d-feb8-4f0a-ae67-55af2cc45c31
Erik Kazakov,erikk@johnlscott.com,503-943-9788,email,email,1,2026-09-16,2026-09-16,Cold Outreach,Backup real estate photographer,682e3c16-480d-4fa4-b99c-d62f95341c1e
Erin Nijmeijer,erinn@johnlscott.com,408-406-0314,email,email,1,2026-09-16,2026-09-16,Cold Outreach,Backup real estate photographer,312840a5-8b34-4d2a-9b04-632a381b3fa2
Erin Schwartz,erins@johnlscott.com,503-260-8408,email,email,1,2026-09-16,2026-09-16,Cold Outreach,Backup real estate photographer,bf70690a-1cd0-4b0c-ade9-1c03fc03c6bf
Ethan Plumb,ethanplumb19@gmail.com,605-430-5555,email,email,1,2026-09-16,2026-09-16,Cold Outreach,Backup real estate photographer,81e818de-f931-4ad9-b392-21ea48a8e9ed
Ethan Thursam,ethan.thursam@gmail.com,503-816-0020,email,email,1,2026-09-16,2026-09-16,Cold Outreach,Backup real estate photographer,4c4d5e81-a576-4702-ae82-46aa52374cab
Etta Foote,ettaken@msn.com,,email,email,1,2026-09-16,2026-09-16,Cold Outreach,Backup real estate photographer,b7184a47-99e3-4277-82b6-b95d2cb02c25
Eva Sanders,eva@sanderspresley.com,,email,email,1,2026-09-16,2026-09-16,Cold Outreach,Backup real estate photographer,08341b9b-8e6f-498a-b3e9-42ec84dcec14
Eve Wisniewski,evew@johnlscott.com,702-818-0920,email,email,1,2026-09-16,2026-09-16,Cold Outreach,Backup real estate photographer,45843085-b78a-41c8-a144-5dba232661b4
Farangis Tavangary,farangis@johnlscott.com,503-970-9999,email,email,1,2026-09-16,2026-09-16,Cold Outreach,Backup real estate photographer,eac2b127-c766-4bc9-b6e2-b336ba90c724
G.W. Hartley IV,gwhartley@johnlscott.com,503-807-4940,email,email,1,2026-09-16,2026-09-16,Cold Outreach,Backup real estate photographer,7aaef1ce-b426-483a-95d6-8d4c31988c99
Gale Collier,galecollierrealtor@gmail.com,541-410-3850,email,email,1,2026-09-16,2026-09-16,Cold Outreach,Backup real estate photographer,67b9575e-c95d-4f07-8145-2d0b5d8fe2bd
Gary Potts,garypotts@att.net,503-753-6136,email,email,1,2026-09-16,2026-09-16,Cold Outreach,Backup real estate photographer,599c583d-bfe5-49b8-b283-39cfd7da944a
Georgia Sohlstrom,georgias@johnlscott.com,503-709-1595,email,email,1,2026-09-16,2026-09-16,Cold Outreach,Backup real estate photographer,552fa067-3f8e-462d-ba64-1499ada6c28f
Gloria Praska,gloriapraska@johnlscott.com,503-410-2142,email,email,1,2026-09-16,2026-09-16,Cold Outreach,Backup real estate photographer,6c135090-75da-48ee-9954-6a3f066a10ad
Grace Tolman,gracetolman@johnlscott.com,541-314-1330,email,email,1,2026-09-16,2026-09-16,Cold Outreach,Backup real estate photographer,3c1d8ccf-5a0a-4bd5-8961-b3d199ea8d29
Gregg Hayden,gregghayden@johnlscott.com,541-390-6139,email,email,1,2026-09-16,2026-09-16,Cold Outreach,Backup real estate photographer,7a2dd4f8-7e98-435f-bed7-70521e365cae
Gregg Lundberg,glundberg@johnlscott.com,503-791-5158,email,email,1,2026-09-16,2026-09-16,Cold Outreach,Backup real estate photographer,24f9c86d-374a-4a85-add9-a49e864f74d6
Gwen Christensen,gwenchristensen@johnlscott.com,,email,email,1,2026-09-16,2026-09-16,Cold Outreach,Backup real estate photographer,85486921-a59e-498b-8e05-a31984ae6b96
Hailey Fay,haileyfay@johnlscott.com,503-593-1211,email,email,1,2026-09-16,2026-09-16,Cold Outreach,Backup real estate photographer,69cf5f77-60ce-41b4-9912-c61dbf974a4d
Hana Barchet,hanab@johnlscott.com,541-531-9324,email,email,1,2026-09-16,2026-09-16,Cold Outreach,Backup real estate photographer,3ac88799-8237-441d-8b92-4e4e206e92d3
Hank Paterson,homes@hankpaterson.com,503-803-7204,email,email,1,2026-09-16,2026-09-16,Cold Outreach,Backup real estate photographer,c7b73aab-f30f-46c0-99d8-76cacc1ca0ca
Hannah Bellairs,hannah@bellairs-gorman.com,,email,email,1,2026-09-16,2026-09-16,Cold Outreach,Backup real estate photographer,25abc835-24b4-405c-823f-2dba92f8fe40
Hannah Jobin,hannahjobin@johnlscott.com,503-791-4179,email,email,1,2026-09-16,2026-09-16,Cold Outreach,Backup real estate photographer,d24f1fd7-cd08-4ceb-92e1-cba0165b16de
Hannah Krug,hannahkrug0@gmail.com,541-944-3362,email,email,1,2026-09-16,2026-09-16,Cold Outreach,Backup real estate photographer,f74788a1-1045-4151-aa75-74b4186553ce
Harumi Derosia,harumid@johnlscott.com,,email,email,1,2026-09-16,2026-09-16,Cold Outreach,Backup real estate photographer,d123bdf1-7ab6-4cc6-bb03-06d056a4898d
Hattie Krebsbach,hatfield.hixson@gmail.com,503-828-4043,email,email,1,2026-09-16,2026-09-16,Cold Outreach,Backup real estate photographer,9c157abf-adbd-4b85-91c8-54028b28b023
Hayley Kemper,hayleykemper@johnlscott.com,503-385-5317,email,email,1,2026-09-16,2026-09-16,Cold Outreach,Backup real estate photographer,0bf83c17-88a8-4dfb-b6dd-ec30349608d2
Hayley Reyes Baker,hayley.baker27@gmail.com,503-960-7695,email,email,1,2026-09-16,2026-09-16,Cold Outreach,Backup real estate photographer,3c09c8d1-c46b-4467-a03c-c75c00c194d8
Heather Martinez,rivervalleygpre@gmail.com,541-218-3815,email,email,1,2026-09-16,2026-09-16,Cold Outreach,Backup real estate photographer,60f4bb82-ab70-44a1-a5ad-6700bb7e409e
Heather Olson,heatherolson@johnlscott.com,,email,email,1,2026-09-16,2026-09-16,Cold Outreach,Backup real estate photographer,e5dbf55f-6df7-48fd-a752-a406cac63dc3
Heather Pool,heatherpool@johnlscott.com,503-863-7433,email,email,1,2026-09-16,2026-09-16,Cold Outreach,Backup real estate photographer,791571c2-7386-4074-bcd0-81d3289e163c
Hector Maciel,hectorm@johnlscott.com,503-999-1821,email,email,1,2026-09-16,2026-09-16,Cold Outreach,Backup real estate photographer,9aa7ef33-3692-45d5-8e78-e8d2a66cfdc5
Heidi Drake,heididrakerealestate@gmail.com,541-420-8442,email,email,1,2026-09-16,2026-09-16,Cold Outreach,Backup real estate photographer,d34df6f4-17be-41ea-b702-b2285d7e97a8
Heidi Strahm,heidistrahmviolin@gmail.com,541-941-0932,email,email,1,2026-09-16,2026-09-16,Cold Outreach,Backup real estate photographer,a35a1f0f-acca-4f8f-b608-1a65d58365d2
Holly Carothers,hollycarothers@johnlscott.com,541-543-5917,email,email,1,2026-09-16,2026-09-16,Cold Outreach,Backup real estate photographer,791cdf53-972b-4da5-8f7a-e2baa89a54f1
Irma Manriquez,irmarueda123@hotmail.com,503-931-7160,email,email,1,2026-09-16,2026-09-16,Cold Outreach,Backup real estate photographer,87cdc176-108b-4cb7-bc1d-babf315f04b7
Isabella Passante,bella.chiara123@gmail.com,,email,email,1,2026-09-16,2026-09-16,Cold Outreach,Backup real estate photographer,bebd4d29-f539-4978-9710-a28b3bcd3443
Israel Hill,israelhill@johnlscott.com,503-888-1037,email,email,1,2026-09-16,2026-09-16,Cold Outreach,Backup real estate photographer,1feb11bb-6ace-49d2-af82-ef70d1d13aec
Jace Pike,jacepike@johnlscott.com,,email,email,1,2026-09-16,2026-09-16,Cold Outreach,Backup real estate photographer,72fa2038-c24f-43a0-98fd-d7c7150a8ef1
Jacob Hailey,jacobhailey@johnlscott.com,971-645-9055,email,email,1,2026-09-16,2026-09-16,Cold Outreach,Backup real estate photographer,6dfbfbe5-404b-41c2-b414-93c2da0551b5
Jacquie Kelly,jacquiek@johnlscott.com,,email,email,1,2026-09-16,2026-09-16,Cold Outreach,Backup real estate photographer,4fb418f8-bac6-4b0f-a2ae-810746c906cc
Jaime Espenel,jaimeespenel@johnlscott.com,503-799-4698,email,email,1,2026-09-16,2026-09-16,Cold Outreach,Backup real estate photographer,dd0a08ae-9afc-457c-ae6b-308489ae4117
Jake Anderson,jakeanderson@johnlscott.com,509-581-8474,email,email,1,2026-09-16,2026-09-16,Cold Outreach,Backup real estate photographer,5f81ff66-fef6-4837-a5bc-d793bedd3165
James Begg,jamesbegg@johnlscott.com,503-780-8288,email,email,1,2026-09-16,2026-09-16,Cold Outreach,Backup real estate photographer,feacf61f-ecf8-459f-bd11-9f088e2335bc
James Hager,jameshager@johnlscott.com,,email,email,1,2026-09-16,2026-09-16,Cold Outreach,Backup real estate photographer,f6d68d66-7475-4fdc-85fd-3dc80cee4893
James Harbison,jamesh@johnlscott.com,541-601-3544,email,email,1,2026-09-16,2026-09-16,Cold Outreach,Backup real estate photographer,8fdb517f-2177-4fac-9311-195d389862c3
Jamie Scott,jamies@johnlscott.com,503-516-7835,email,email,1,2026-09-16,2026-09-16,Cold Outreach,Backup real estate photographer,f4d073e9-e895-49b8-b348-a7eb5e1b9666
Jane Swanson,janeswanson@comcast.net,,email,email,1,2026-09-16,2026-09-16,Cold Outreach,Backup real estate photographer,d480729a-6f09-4970-955a-1574c2c1fa70
Janet Barton,janetb@johnlscott.com,541-678-1673,email,email,1,2026-09-16,2026-09-16,Cold Outreach,Backup real estate photographer,0df4c6de-207b-49eb-93d0-5cb9e8625d61
Jason Sabel,jsabel79@gmail.com,541-500-7248,email,email,1,2026-09-16,2026-09-16,Cold Outreach,Backup real estate photographer,853828b1-db83-4bf8-b133-08af5a439f53
Jason Shuler,jasonsh@johnlscott.com,503-407-2208,email,email,1,2026-09-16,2026-09-16,Cold Outreach,Backup real estate photographer,73ab705a-e7a0-4ebc-8339-6df6eeb1a8f0
Javin Frelin,javfrelin@johnlscott.com,907-538-3617,email,email,1,2026-09-16,2026-09-16,Cold Outreach,Backup real estate photographer,0ff41b0e-c168-45b6-bff0-e4a8cff58b23
Jayci Larson,jaycilarson@johnlscott.com,541-325-3955,email,email,1,2026-09-16,2026-09-16,Cold Outreach,Backup real estate photographer,cef6c3d9-a1d2-4607-aa14-677fa3d8f49a
Jayne Sawyer,jaynesawyer@johnlscott.com,,email,email,1,2026-09-16,2026-09-16,Cold Outreach,Backup real estate photographer,88e315bd-57bf-4c86-9c83-f2f519cac01d
Jeana Verlinden,jeanav@johnlscott.com,503-953-0971,email,email,1,2026-09-16,2026-09-16,Cold Outreach,Backup real estate photographer,6e1892f8-8b24-4cbf-8e10-a293fcd93da9
Jeanine Healy,jeaninehealy@johnlscott.com,541-261-4726,email,email,1,2026-09-16,2026-09-16,Cold Outreach,Backup real estate photographer,a583b58a-262a-4b8d-90c9-ceabf08d3b60
Jed Joling,jedjoling@gmail.com,541-761-7770,email,email,1,2026-09-16,2026-09-16,Cold Outreach,Backup real estate photographer,dd9ad618-6449-4ab7-a767-086939866896
Jeff Houghtaling,houghtalingjeff@gmail.com,,email,email,1,2026-09-16,2026-09-16,Cold Outreach,Backup real estate photographer,5fdb6483-28d7-40b0-a021-d592ac51ad77
Jeff Hunter,jeffhunter@johnlscott.com,503-913-4547,email,email,1,2026-09-16,2026-09-16,Cold Outreach,Backup real estate photographer,bfc4b012-10b9-45de-bc4d-f09f31bbaeeb
Jeff Ingram,jeffingram@johnlscott.com,,email,email,1,2026-09-16,2026-09-16,Cold Outreach,Backup real estate photographer,44bac484-711e-4ed7-9361-a08d01f2cc54
Jeff Johnson,jeffjohnson@johnlscott.com,541-941-6561,email,email,1,2026-09-16,2026-09-16,Cold Outreach,Backup real estate photographer,377fd433-2d7f-4713-8815-3f59911dbba9
Jeff Rodgers,jeffrodgers@johnlscott.com,541-951-0386,email,email,1,2026-09-16,2026-09-16,Cold Outreach,Backup real estate photographer,9652b7de-d85b-4926-9a56-1ca08881af8e
Jeff Whiting,jeffwhiting@johnlscott.com,503-880-5484,email,email,1,2026-09-16,2026-09-16,Cold Outreach,Backup real estate photographer,01fbe42c-f696-4696-91c5-250166cd0df3
Jenelle Matthews,jenellermatthews@gmail.com,541-625-3834,email,email,1,2026-09-16,2026-09-16,Cold Outreach,Backup real estate photographer,ccaac9a0-c454-4dbc-b43a-d2fcb51c0f49
Jennifer Venable,jenniferv@johnlscott.com,503-889-6472,email,email,1,2026-09-16,2026-09-16,Cold Outreach,Backup real estate photographer,c1c6b993-c545-4e09-a7dd-46b5bd9dc5df
Jeremy Teveliet,jteveliet@johnlscott.com,,email,email,1,2026-09-16,2026-09-16,Cold Outreach,Backup real estate photographer,5fa8914a-7059-4079-9dec-a6ec173e2796
Jerry Ehlers,jerryehlers@johnlscott.com,541-734-5270,email,email,1,2026-09-16,2026-09-16,Cold Outreach,Backup real estate photographer,b173f012-c338-4210-ad05-a94577d0e6e9
Jerusha Malaer,jerusham@johnlscott.com,541-668-5540,email,email,1,2026-09-16,2026-09-16,Cold Outreach,Backup real estate photographer,a6bbb693-c3df-4fd1-afa9-09c9d1ae658a
Jessica Hanberry,jhanberry@johnlscott.com,503-298-9357,email,email,1,2026-09-16,2026-09-16,Cold Outreach,Backup real estate photographer,8e089a80-f92f-4240-8d39-5a487b8dbdfa
Jessica Shaw,jessica@jessicashawpdx.com,503-752-9004,email,email,1,2026-09-16,2026-09-16,Cold Outreach,Backup real estate photographer,60a72f43-ab0f-498d-aaba-e96e12eb5dec
Jessie Jones,jessiejones@johnlscott.com,971-645-6067,email,email,1,2026-09-16,2026-09-16,Cold Outreach,Backup real estate photographer,0e59f251-e4b6-4287-b0ee-99e23c475279
Jim Remley,jimremley@fivestreet.me,541-734-5249,email,email,1,2026-09-16,2026-09-16,Cold Outreach,Backup real estate photographer,0a1e1304-f36f-4ab8-b6a3-a5387e5293dd
Jim Thayer,jamesbthayer@comcast.net,,email,email,1,2026-09-16,2026-09-16,Cold Outreach,Backup real estate photographer,a5648711-508f-419f-845d-a5f13f3fcd40
JJ Green,jjgreen@johnlscott.com,,email,email,1,2026-09-16,2026-09-16,Cold Outreach,Backup real estate photographer,6f572142-6303-4a03-8dfd-60e3ad9f67fe
JJ Kramer,teamjj@johnlscott.com,541-840-2992,email,email,1,2026-09-16,2026-09-16,Cold Outreach,Backup real estate photographer,9eae9a53-50d4-4909-a258-866fcd5bcf48
Jo Heim,joh@johnlscott.com,541-944-8353,email,email,1,2026-09-16,2026-09-16,Cold Outreach,Backup real estate photographer,e96c070e-496e-4ac1-a43c-759b0fb4f484
Joanne Galant,joannegalant@johnlscott.com,503-477-2270,email,email,1,2026-09-16,2026-09-16,Cold Outreach,Backup real estate photographer,c8e4e43e-2df7-4b79-be94-43ff5860e9cf
Joanne Johns,joannejohns@johnlscott.com,541-840-7333,email,email,1,2026-09-16,2026-09-16,Cold Outreach,Backup real estate photographer,cd8c7ad1-86e7-4bd5-9bb1-1e094810459b
Joanne Kessler,agentkesslerpdx@comcast.net,,email,email,1,2026-09-16,2026-09-16,Cold Outreach,Backup real estate photographer,3e1129ed-0cf2-48f2-a470-7fb2b48b8de3
Joe Gurzi,joegurzi@johnlscott.com,541-761-6226,email,email,1,2026-09-16,2026-09-16,Cold Outreach,Backup real estate photographer,707dc2f3-939f-49cd-9c18-00ef42b37ec1
Joel Hamley,joelhamley@gmail.com,971-506-9499,email,email,1,2026-09-16,2026-09-16,Cold Outreach,Backup real estate photographer,070fcce5-e5bc-489d-9e77-f7028dc40bbc
Joel Wearden,joelwearden@johnlscott.com,435-512-2249,email,email,1,2026-09-16,2026-09-16,Cold Outreach,Backup real estate photographer,28023ccf-1df8-4767-a687-94174cf8a5fd
John Taylor,john@taylorgrouprealty.com,971-409-7962,email,email,1,2026-09-16,2026-09-16,Cold Outreach,Backup real estate photographer,b3e1c5e1-a580-4be3-94a6-29defdc2f43c
John Walsh,johnwalsh@johnlscott.com,503-329-6735,email,email,1,2026-09-16,2026-09-16,Cold Outreach,Backup real estate photographer,754b6e81-8040-4655-8a95-5ca3685e166b
Jon Lamoreaux,jonlamoreaux@johnlscott.com,503-997-5374,email,email,1,2026-09-16,2026-09-16,Cold Outreach,Backup real estate photographer,a9812ad5-54fa-45c8-8e41-e117804d3fa2
Jon Pool,jpool@johnlscott.com,,email,email,1,2026-09-16,2026-09-16,Cold Outreach,Backup real estate photographer,26533c68-5669-4048-b65d-8851a64c4a9d
Jordan Miller,jordanmiller@johnlscott.com,503-619-9940,email,email,1,2026-09-16,2026-09-16,Cold Outreach,Backup real estate photographer,6ab049c7-3af8-435b-b5de-9e1638043192
Joshua Emptage,joshemptage@johnlscott.com,,email,email,1,2026-09-16,2026-09-16,Cold Outreach,Backup real estate photographer,fde93500-b68d-4729-a8f1-f070e0fd4394
Joshua Traphagen,traphagengroup@gmail.com,541-488-0000,email,email,1,2026-09-16,2026-09-16,Cold Outreach,Backup real estate photographer,23806a87-81a0-4137-bf4e-f9a2c66d4ac5
Joyce Shin,joyces@johnlscott.com,503-539-8744,email,email,1,2026-09-16,2026-09-16,Cold Outreach,Backup real estate photographer,4aa8b516-9701-48df-a8b0-8dd820cb9bc0
Judith Foltz,judithfoltz@johnlscott.com,541-774-5613,email,email,1,2026-09-16,2026-09-16,Cold Outreach,Backup real estate photographer,47ce7f4f-7c14-462d-92f8-1aaa9c74a8cc
Julia Anderson,juliaanderson@johnlscott.com,541-525-1257,email,email,1,2026-09-16,2026-09-16,Cold Outreach,Backup real estate photographer,805e0f81-2306-453e-92a9-bba2391e3903
Julia Cupp,jcupp@johnlscott.com,971-404-7021,email,email,1,2026-09-16,2026-09-16,Cold Outreach,Backup real estate photographer,f6c35e7e-a1b5-4073-90e1-bcf877458f89
Julia Jaure Jacobo,juliajacobo@johnlscott.com,503-586-4711,email,email,1,2026-09-16,2026-09-16,Cold Outreach,Backup real estate photographer,fd5b72b9-921c-4f32-8874-f82fc0819703
Julie Dickey,julie.m.dickey@gmail.com,,email,email,1,2026-09-16,2026-09-16,Cold Outreach,Backup real estate photographer,a94e029a-83be-4c37-8458-077d9f9fdccc
June Taylor,junetaylor@johnlscott.com,503-504-9994,email,email,1,2026-09-16,2026-09-16,Cold Outreach,Backup real estate photographer,e2c007a2-d894-45af-bb55-b37db0b8aa86
Justice Emole,justicepdxhomes@gmail.com,503-278-6423,email,email,1,2026-09-16,2026-09-16,Cold Outreach,Backup real estate photographer,bf5c796f-1df1-4e63-985a-2635a6141d67
Justin Leatherman,jlsbrokercare@gmail.com,971-222-4262,email,email,1,2026-09-16,2026-09-16,Cold Outreach,Backup real estate photographer,711faf6d-9110-4854-b2a6-166b0a3e0301
Kaie Hall,kaiehall@johnlscott.com,,email,email,1,2026-09-16,2026-09-16,Cold Outreach,Backup real estate photographer,8ded770b-844f-4e58-85a3-64b5ed0e2a82
Kaleigh Poetsch,kaleighpoetsch@yahoo.com,503-367-2132,email,email,1,2026-09-16,2026-09-16,Cold Outreach,Backup real estate photographer,85f4224c-2701-4f33-9584-dbc3e55c24bc
Kam Chancler,kamchancler@johnlscott.com,541-941-6344,email,email,1,2026-09-16,2026-09-16,Cold Outreach,Backup real estate photographer,548dfe30-2d8e-4872-b47a-15158a199609
Kami Carlson,kamicarlson@johnlscott.com,541-613-1959,email,email,1,2026-09-16,2026-09-16,Cold Outreach,Backup real estate photographer,fb028cf4-070e-4635-944c-1c4a98a0a70c
Karen Brunke,karenbrunke@johnlscott.com,503-515-3353,email,email,1,2026-09-16,2026-09-16,Cold Outreach,Backup real estate photographer,0714d72f-be27-4514-a104-51a0f4e0f7a4
Karen Golson,1gramago@gmail.com,503-799-1870,email,email,1,2026-09-16,2026-09-16,Cold Outreach,Backup real estate photographer,5518f77f-6c17-450f-af74-e074829db3fc
Karen Sackos,sackos@reachone.com,,email,email,1,2026-09-16,2026-09-16,Cold Outreach,Backup real estate photographer,273c93d4-3c1b-451f-8be3-45a85fb53cee
Kari Kuykendall,kkuykendall@johnlscottsouthernoregon.com,541-890-7764,email,email,1,2026-09-16,2026-09-16,Cold Outreach,Backup real estate photographer,ce78e89b-7dee-4020-afec-f6c2f628d636
Karisa Ing,karisaming@johnlscott.com,971-226-8717,email,email,1,2026-09-16,2026-09-16,Cold Outreach,Backup real estate photographer,cf0f9d02-c0c6-45ea-aa2d-42fa8d856ef0
Katherine Sayles,kats@johnlscott.com,,email,email,1,2026-09-16,2026-09-16,Cold Outreach,Backup real estate photographer,80582e73-dc27-4313-8b11-90aec0940de8
Kathleen Kessinger,kathleen@bellairs-gorman.com,,email,email,1,2026-09-16,2026-09-16,Cold Outreach,Backup real estate photographer,b0ee81ad-0d53-424e-9c42-c1f7576356bd
Kathleen King,kathleenking@johnlscott.com,541-326-6393,email,email,1,2026-09-16,2026-09-16,Cold Outreach,Backup real estate photographer,2d7ad570-c5cb-4469-aca4-95a7d2f54199
Kathleen Musitelli,kathleenmu@johnlscott.com,541-890-2311,email,email,1,2026-09-16,2026-09-16,Cold Outreach,Backup real estate photographer,3365ae16-c0df-468d-a9f2-63ba7a853055
Kathy Berry,kathyberry@johnlscott.com,541-613-0844,email,email,1,2026-09-16,2026-09-16,Cold Outreach,Backup real estate photographer,1c18120d-6ff6-45fe-97ef-6f8162cd172d
Kathy Caba,sellingbend@gmail.com,541-771-1761,email,email,1,2026-09-16,2026-09-16,Cold Outreach,Backup real estate photographer,38d2b229-eaaf-4ee5-96c1-0417cd30f4e8
Kathy Denning,kathydenning@johnlscott.com,541-480-4429,email,email,1,2026-09-16,2026-09-16,Cold Outreach,Backup real estate photographer,ae1ef4a5-70bd-4e53-a478-a3ecf2e1025a
Kathy Fischer,kathyfischer@johnlscott.com,541-890-4026,email,email,1,2026-09-16,2026-09-16,Cold Outreach,Backup real estate photographer,313d2865-5c3c-42c7-8df6-ae0fe9dfebc5
Kathy Tinsley,brokerkathytinsley@gmail.com,541-601-5287,email,email,1,2026-09-16,2026-09-16,Cold Outreach,Backup real estate photographer,466cc774-42a7-43e4-a42a-1362385a3fac
Kathy Weston,kathyweston@johnlscott.com,541-840-4938,email,email,1,2026-09-16,2026-09-16,Cold Outreach,Backup real estate photographer,41a4e1f4-6c46-485c-87ba-172ab87ce014
Katie Elliott,katiee@johnlscott.com,,email,email,1,2026-09-16,2026-09-16,Cold Outreach,Backup real estate photographer,9bdc38ec-18a2-4968-9c4c-9124459e3c85
Katie Heater,katieheater@johnlscott.com,541-476-6000,email,email,1,2026-09-16,2026-09-16,Cold Outreach,Backup real estate photographer,abfd9993-1415-4859-901b-6873973c8b89
Katie Thompson,kfisher07@hotmail.com,,email,email,1,2026-09-16,2026-09-16,Cold Outreach,Backup real estate photographer,d8313b4f-48e7-4e3b-baf0-e252bd047d5b
Keith Iles,keithi@johnlscott.com,503-680-4689,email,email,1,2026-09-16,2026-09-16,Cold Outreach,Backup real estate photographer,61125ebd-386f-4d00-89b4-6166d8cc284f
Kelli DuBois,kellid.jls@outlook.com,,email,email,1,2026-09-16,2026-09-16,Cold Outreach,Backup real estate photographer,20a6244a-4b95-4639-bd25-01c97e98f2f7
Kelly Deos,kdeos@johnlscott.com,503-624-2900,email,email,1,2026-09-16,2026-09-16,Cold Outreach,Backup real estate photographer,8a68a582-0dad-424c-9c42-d3181843f44a
Kelly Schimke,newhomebykelly@gmail.com,541-840-9096,email,email,1,2026-09-16,2026-09-16,Cold Outreach,Backup real estate photographer,628779bb-3ab8-4831-89ad-568056420a9c
Kelsie Bartley,marketbykels@gmail.com,541-973-7193,email,email,1,2026-09-16,2026-09-16,Cold Outreach,Backup real estate photographer,32494cef-8565-4b6d-890a-bb07e7df60d3
Kent Mathews,ptldhouseseller@gmail.com,503-998-1658,email,email,1,2026-09-16,2026-09-16,Cold Outreach,Backup real estate photographer,e22329b9-9c08-4392-85ba-3249a3a78186
Kent Whitaker,kentw@johnlscott.com,,email,email,1,2026-09-16,2026-09-16,Cold Outreach,Backup real estate photographer,995bfd36-4674-4c0b-a329-3832228de5da
Keri Cossette,keric@johnlscott.com,541-414-5228,email,email,1,2026-09-16,2026-09-16,Cold Outreach,Backup real estate photographer,0e054a8b-619a-4eed-920d-27987fe5ee7c
Kevin Anderson,kevinanderson@johnlscott.com,,email,email,1,2026-09-16,2026-09-16,Cold Outreach,Backup real estate photographer,fdc03e53-98ca-48e2-a505-514a368da67d
Kim Allchurch-Flick,kaflick@johnlscott.com,503-200-0201,email,email,1,2026-09-16,2026-09-16,Cold Outreach,Backup real estate photographer,8f51798c-7a63-45ce-9907-9538494ac094
Kim Archuleta,kjarchuleta71@gmail.com,503-510-5174,email,email,1,2026-09-16,2026-09-16,Cold Outreach,Backup real estate photographer,a0619fb0-782a-4875-b697-85e4232af2da
Kim McMurtrey,kimmc@johnlscott.com,541-621-8701,email,email,1,2026-09-16,2026-09-16,Cold Outreach,Backup real estate photographer,212eb3d3-5ff3-4170-bb41-affa70b784a0
Kira Weeks,kira@kiraerfurth.com,541-513-2397,email,email,1,2026-09-16,2026-09-16,Cold Outreach,Backup real estate photographer,39674a2d-6be2-49aa-9480-01593a28cd93
Kirsten Damgaard,kirstentherealtor@gmail.com,541-899-3299,email,email,1,2026-09-16,2026-09-16,Cold Outreach,Backup real estate photographer,51473c2b-3ad8-4505-ade0-2de070aa19ad
Kirt Dye,kirtd@johnlscott.com,503-896-1085,email,email,1,2026-09-16,2026-09-16,Cold Outreach,Backup real estate photographer,d51bebb5-5f10-4e0f-9683-6dc00b61d4b9
Kirt Meyer,kirtmeyer@johnlscott.com,541-951-5286,email,email,1,2026-09-16,2026-09-16,Cold Outreach,Backup real estate photographer,a0b55675-ece1-41c4-9b0d-8d5a9343011d
Konrad Meyer,konradmeyer13@icloud.com,541-777-0078,email,email,1,2026-09-16,2026-09-16,Cold Outreach,Backup real estate photographer,34503e50-b0d9-4014-89a1-e90e27f83fcf
Kris Shuler,kriss@johnlscott.com,503-680-8191,email,email,1,2026-09-16,2026-09-16,Cold Outreach,Backup real estate photographer,0be62c16-cdac-4e98-ac39-b160caf2dbcd
Krissy MacLauchlan,kmac@johnlscott.com,541-941-7578,email,email,1,2026-09-16,2026-09-16,Cold Outreach,Backup real estate photographer,1769ca65-7eca-4993-baef-5999a18ecd3d
Krista Meili,kristam@johnlscott.com,503-740-5553,email,email,1,2026-09-16,2026-09-16,Cold Outreach,Backup real estate photographer,c0215c22-6c1d-4642-b16e-f30ba578f0d2
Kristin Clark,kclarkkw@gmail.com,541-912-2646,email,email,1,2026-09-16,2026-09-16,Cold Outreach,Backup real estate photographer,d56eb3a5-c2b1-4716-b4a4-3e64af9df4bb
Kristina Stader,kristinastader@gmail.com,541-660-6370,email,email,1,2026-09-16,2026-09-16,Cold Outreach,Backup real estate photographer,38edb5e5-a546-4340-8640-0ff4f7b67b3c
Kristy Marshall,kristymmarshall@gmail.com,503-310-1574,email,email,1,2026-09-16,2026-09-16,Cold Outreach,Backup real estate photographer,c20c594f-8f08-4dc3-952d-8ef49a0cfed1
Krystal Seeley,krystalseeley@johnlscott.com,503-750-6576,email,email,1,2026-09-16,2026-09-16,Cold Outreach,Backup real estate photographer,55cee248-8bba-44e4-bc98-9e05599be499
Kurt Tamashiro,kurtta@johnlscott.com,541-471-4333,email,email,1,2026-09-16,2026-09-16,Cold Outreach,Backup real estate photographer,98aa918e-b49f-4f64-a5d7-024671945b82
Kyle Quaid,kpquaid@gmail.com,541-227-4543,email,email,1,2026-09-16,2026-09-16,Cold Outreach,Backup real estate photographer,70dc23ac-c1ae-4cca-a4a2-60aba50bde6e
Kyra Lane,kyralane@johnlscott.com,541-930-2371,email,email,1,2026-09-16,2026-09-16,Cold Outreach,Backup real estate photographer,a799459c-65b6-4dd6-b9eb-53235c6ac910
Kyra Middal-Dumdeang,kyramd@johnlscott.com,971-344-0429,email,email,1,2026-09-16,2026-09-16,Cold Outreach,Backup real estate photographer,6a894ab5-4d0d-42b1-b0d8-aa43f90483e5
Lara Pugliese,larapugliese@johnlscott.com,541-761-2960,email,email,1,2026-09-16,2026-09-16,Cold Outreach,Backup real estate photographer,9b96c103-03f7-4387-9297-ae3ee8771565
Larry Lewis,larrylewis@johnlscott.com,503-512-9065,email,email,1,2026-09-16,2026-09-16,Cold Outreach,Backup real estate photographer,e56a3192-31ad-49c6-a1ca-fceffcbbcb61
Laura Hilton,laurahiltonsellshomes@gmail.com,541-306-1800,email,email,1,2026-09-16,2026-09-16,Cold Outreach,Backup real estate photographer,1be5f4a3-b40d-46bf-a378-29fa72f29f4c
Laura Hovland,llhovland@live.com,971-910-7018,email,email,1,2026-09-16,2026-09-16,Cold Outreach,Backup real estate photographer,3333b04c-c66f-4723-948a-2e226cdb4107
Leo Garcia,leogarcia@johnlscott.com,541-646-0893,email,email,1,2026-09-16,2026-09-16,Cold Outreach,Backup real estate photographer,a29c0624-d9f2-4d35-a4c7-a38fb07693a7
Leslie Like,leslielikepdx@gmail.com,503-789-2464,email,email,1,2026-09-16,2026-09-16,Cold Outreach,Backup real estate photographer,f90f5916-d0e9-4692-8f57-937d797d7155
Leslie Newberry,leslien@johnlscott.com,503-349-2727,email,email,1,2026-09-16,2026-09-16,Cold Outreach,Backup real estate photographer,7a0a7930-ff97-424c-a319-27b59890310d
Lewis Key,lewiskey@johnlscott.om,509-520-4938,email,email,1,2026-09-16,2026-09-16,Cold Outreach,Backup real estate photographer,e42adf37-2582-4529-b87d-5be4be40cf50
Lexie Alexander,lexiealexander@johnlscott.com,503-351-4928,email,email,1,2026-09-16,2026-09-16,Cold Outreach,Backup real estate photographer,29c1d87b-34d5-42f7-82a2-0e3c1b05fd9e
Libby Seil,libbys@johnlscott.com,503-480-9161,email,email,1,2026-09-16,2026-09-16,Cold Outreach,Backup real estate photographer,af00b809-c945-48d1-a83d-b9819e077756
Linda Bolen,lindabolen@johnlscott.com,503-730-1646,email,email,1,2026-09-16,2026-09-16,Cold Outreach,Backup real estate photographer,59193b8a-0957-47ad-abb6-71d895b5f26d
Linda Haxton,lindahaxton@johnlscott.com,541-890-0032,email,email,1,2026-09-16,2026-09-16,Cold Outreach,Backup real estate photographer,5929bd22-d1a8-46b6-9c9f-1a2a39b9ac93
Linda Pankey,lindapankey@johnlscott.com,541-961-0548,email,email,1,2026-09-16,2026-09-16,Cold Outreach,Backup real estate photographer,ef4a6241-7b41-4061-b6b2-776d712a7a60
Lindsey McDowell,lindseychic35@aol.com,541-601-4021,email,email,1,2026-09-16,2026-09-16,Cold Outreach,Backup real estate photographer,0ed422fe-469c-49cd-9b5e-bf9d9c06cf0f
Lisa Anderson,lisaa@johnlscott.com,503-783-2444,email,email,1,2026-09-16,2026-09-16,Cold Outreach,Backup real estate photographer,7a3411aa-fbe9-498f-a356-b7e653cace41
Lisa Courtney,lisacourtney@johnlscott.com,541-480-7349,email,email,1,2026-09-16,2026-09-16,Cold Outreach,Backup real estate photographer,0f1e4f7b-ba34-4f1d-9ab5-de594a6baf36
Lisa Keeran,lisakeeran@gmail.com,503-298-0958,email,email,1,2026-09-16,2026-09-16,Cold Outreach,Backup real estate photographer,7cbf8a8a-aa6d-4a2f-9c38-a9ae1a5a1f74
Lisa Sekafetz,lisas@johnlscott.com,503-831-3882,email,email,1,2026-09-16,2026-09-16,Cold Outreach,Backup real estate photographer,784ec2f3-1333-4fcb-870c-9afd89296a04
Logan Odom,logan@541agent.com,541-646-4288,email,email,1,2026-09-16,2026-09-16,Cold Outreach,Backup real estate photographer,c8b89f31-1580-4be1-be08-71125aca6b4b
Lucy Brimer,lucyb@johnlscott.com,805-300-9765,email,email,1,2026-09-16,2026-09-16,Cold Outreach,Backup real estate photographer,3ce83efb-c7c0-46e6-b795-fe27ae57c4fb
Lynn James,lynnjames@johnlscott.com,,email,email,1,2026-09-16,2026-09-16,Cold Outreach,Backup real estate photographer,bcf25b24-6888-44e4-bf25-c0959f2c1a9f
Lynne Gately,lynne@lynnegately.com,541-510-6674,email,email,1,2026-09-16,2026-09-16,Cold Outreach,Backup real estate photographer,7d09fb55-d451-441f-9d05-5524bdee15d1
Lyric Cardiel,lbiggins96@gmail.com,209-425-9899,email,email,1,2026-09-16,2026-09-16,Cold Outreach,Backup real estate photographer,075a2cbe-ec48-4254-99f1-c14972f00852
Macenzie Gately,mgately@johnlscott.com,,email,email,1,2026-09-16,2026-09-16,Cold Outreach,Backup real estate photographer,c864e615-2bd3-4883-9390-af5945eaf1e2
Macie Wespremi,macie_ripsom6@me.com,541-499-9942,email,email,1,2026-09-16,2026-09-16,Cold Outreach,Backup real estate photographer,c16eb372-db95-4426-903a-d0b02602920f
Madeleine Hamilton,madeleinewalton@johnlscott.com,503-922-9230,email,email,1,2026-09-16,2026-09-16,Cold Outreach,Backup real estate photographer,57f19dab-3777-4d9f-a447-097545bceee4
Madeline Foy,madelinefoy@johnlscottsouthernoregon.com,541-326-6331,email,email,1,2026-09-16,2026-09-16,Cold Outreach,Backup real estate photographer,efb78758-fe66-4782-a266-b4c9daa43e74
Mandie Tardio,mandie@housetohomepnw.com,,email,email,1,2026-09-16,2026-09-16,Cold Outreach,Backup real estate photographer,76e0317d-c34c-43ab-8b38-43a3443cb158
Maralin Baidenmann,maralinb@johnlscott.com,541-325-1096,email,email,1,2026-09-16,2026-09-16,Cold Outreach,Backup real estate photographer,a14bb7b2-8f63-47b2-b864-94fd74c6378f
Marci Schoenberg,marcischoenberg@johnlscott.com,541-610-7803,email,email,1,2026-09-16,2026-09-16,Cold Outreach,Backup real estate photographer,edc2995e-3e4b-4fff-aae0-bf7e5f01efbc
Margaret Hakim,teamilhak@gmail.com,,email,email,1,2026-09-16,2026-09-16,Cold Outreach,Backup real estate photographer,c14ca339-1f5d-4f52-be74-762f983a18a7
Margarita Moran-Castillo,margarita@johnlscott.com,503-980-5540,email,email,1,2026-09-16,2026-09-16,Cold Outreach,Backup real estate photographer,9be390ea-d0df-4854-b1d9-f1addcbf78c6
Margie Waltz,margie@agentmargie.com,971-777-5534,email,email,1,2026-09-16,2026-09-16,Cold Outreach,Backup real estate photographer,4278f196-f1bb-47e0-aa88-3c80fece6a70
Maria Stout,mariastout@johnlscott.com,503-539-3811,email,email,1,2026-09-16,2026-09-16,Cold Outreach,Backup real estate photographer,6177b9ff-80f8-46c4-82b8-232c95750636
Mariah Staats,mariahstaats@johnlscott.com,541-208-8833,email,email,1,2026-09-16,2026-09-16,Cold Outreach,Backup real estate photographer,c953ef21-1f73-44a7-b3dc-76161bee3a46
Marianne Thelin,marianne.thelin@gmail.com,,email,email,1,2026-09-16,2026-09-16,Cold Outreach,Backup real estate photographer,abda0ff9-87d7-4b96-b4ba-1e8907b29235
Marie Conser,marie@marieconser.com,503-459-2726,email,email,1,2026-09-16,2026-09-16,Cold Outreach,Backup real estate photographer,de511263-3293-47a9-9bde-877c835fd79a
Marie O'Hara,marieohara@johnlscott.com,503-577-0757,email,email,1,2026-09-16,2026-09-16,Cold Outreach,Backup real estate photographer,04afbf10-4344-402c-aaf8-95e3a0d84c0f
Marie Teune,marieteune@johnlscott.com,503-680-6227,email,email,1,2026-09-16,2026-09-16,Cold Outreach,Backup real estate photographer,cac37b03-9993-45b5-8516-3d72e6df54da
Mario Skoro,mskoro@johnlscott.com,503-998-7093,email,email,1,2026-09-16,2026-09-16,Cold Outreach,Backup real estate photographer,45f8286d-52e0-4a53-a76b-eae9822cd93a
Mark Goss,markgoss@johnlscott.com,208-514-8516,email,email,1,2026-09-16,2026-09-16,Cold Outreach,Backup real estate photographer,39047fb6-e69c-428a-a31a-f2bbf1b671c3
Mark McHugh,mark@markmchugh.com,,email,email,1,2026-09-16,2026-09-16,Cold Outreach,Backup real estate photographer,1052fcf5-9a98-4eba-91f2-fc95c8cfd1be
Mary Olarte,mary@olarterealestate.com,,email,email,1,2026-09-16,2026-09-16,Cold Outreach,Backup real estate photographer,b6239dc4-83dd-467f-a3ff-b8f1d165c80b
Mathew Purcell,mathewpurcell@johnlscott.com,503-729-1495,email,email,1,2026-09-16,2026-09-16,Cold Outreach,Backup real estate photographer,e63a98d0-c939-40b4-84da-cb4c1729371d
Matt Fitch,mattfitch@johnlscott.com,541-419-2797,email,email,1,2026-09-16,2026-09-16,Cold Outreach,Backup real estate photographer,f1621cb4-825a-498a-85d2-c52e1608d492
Matt Gorman,matt@bellairs-gorman.com,503-913-3834,email,email,1,2026-09-16,2026-09-16,Cold Outreach,Backup real estate photographer,07e846ab-5d82-4e69-9a13-65a6b76b2e8a
Matt Henderson,hendersonhomesnw@gmail.com,503-807-6198,email,email,1,2026-09-16,2026-09-16,Cold Outreach,Backup real estate photographer,336a6ddd-bd2f-45bb-a6ce-129bfb63dd97
Matt Olmstead,mattolmstead@johnlscott.com,541-441-2731,email,email,1,2026-09-16,2026-09-16,Cold Outreach,Backup real estate photographer,81a4ebed-31ab-400b-9f44-48df73ebdc8d
Matt Stranahan,matt@jmstranahan.com,,email,email,1,2026-09-16,2026-09-16,Cold Outreach,Backup real estate photographer,da09effd-7eff-42a6-b6a4-c4af8e866757
Matthew Stein,mattstein@johnlscott.com,971-221-3497,email,email,1,2026-09-16,2026-09-16,Cold Outreach,Backup real estate photographer,8e211041-829f-4709-959a-7ef1f0ec0030
Maureen Kuhl,maureen9067@gmail.com,303-807-1588,email,email,1,2026-09-16,2026-09-16,Cold Outreach,Backup real estate photographer,e4541feb-6fec-4b59-9073-1a785fb779d8
McKenna Bartell,bartellgroup@johnlscott.com,541-414-3296,email,email,1,2026-09-16,2026-09-16,Cold Outreach,Backup real estate photographer,dd97a40e-4b2d-4db0-8c6a-758b06876f79
McKinnon Bennett,mckinnonbennett03@gmail.com,541-218-7548,email,email,1,2026-09-16,2026-09-16,Cold Outreach,Backup real estate photographer,f2130593-7e74-4cdc-b6db-b2c59b93f644
Megan Mickelson,mmickelson@johnlscott.com,541-951-4072,email,email,1,2026-09-16,2026-09-16,Cold Outreach,Backup real estate photographer,ae32bfe2-b223-4255-9dde-612554133dc6
Meghan McNulty,meghan.greggoebelt@gmail.com,541-324-8255,email,email,1,2026-09-16,2026-09-16,Cold Outreach,Backup real estate photographer,3a973973-b163-4c25-bcb1-c3a565f195f7
Meghan Spencer,meghans@johnlscott.com,541-621-4555,email,email,1,2026-09-16,2026-09-16,Cold Outreach,Backup real estate photographer,25962c83-f50c-429f-83cd-a99603040da8
Melissa Jaques,melissajaques@johnlscott.com,541-530-1892,email,email,1,2026-09-16,2026-09-16,Cold Outreach,Backup real estate photographer,bacce153-9531-4d0a-94f9-2f9a9f60eb1f
Micah Shelton,micahshelton@johnlscott.com,,email,email,1,2026-09-16,2026-09-16,Cold Outreach,Backup real estate photographer,36b8da3b-3e57-4e6a-a3cd-06117eba48aa
Michael Agee,michael.agee@outlook.com,503-309-9138,email,email,1,2026-09-16,2026-09-16,Cold Outreach,Backup real estate photographer,6ac5e4ad-e2b1-4991-b372-81318f3c0cb5
Michael Easterday,micha31.east@gmail.com,541-306-0373,email,email,1,2026-09-16,2026-09-16,Cold Outreach,Backup real estate photographer,e3822506-2f19-4a29-9883-ba58a6ac3008
Michael Lee,mike@mopg.com,541-326-6338,email,email,1,2026-09-16,2026-09-16,Cold Outreach,Backup real estate photographer,d35313eb-7553-43ed-aa2e-6988952a6a89
Michael Patrick,michaelpatrick@johnlscott.com,503-481-0900,email,email,1,2026-09-16,2026-09-16,Cold Outreach,Backup real estate photographer,f7271cb8-5ab0-45a1-8ec4-3b53af0c11ff
Michael Smira,michael@smiragroup.com,503-230-8600,email,email,2,2026-09-16,2026-09-16,Cold Outreach,Backup real estate photographer,6c2e8016-8b07-4f82-ac50-d03f19a10949
Michele Fleisher,michelef@johnlscott.com,541-538-8554,email,email,1,2026-09-16,2026-09-16,Cold Outreach,Backup real estate photographer,dca669a5-91bc-4a4b-8bef-e4cef82c968c
Michelle Krause,michellekrause@johnlscott.com,503-577-2050,email,email,1,2026-09-16,2026-09-16,Cold Outreach,Backup real estate photographer,01cf4694-9049-47d6-8724-6514274bcbdb
Michelle Maida,michellemaida@johnlscott.com,503-703-1896,email,email,1,2026-09-16,2026-09-16,Cold Outreach,Backup real estate photographer,1d2b59bd-cbf7-4bde-bdfb-e039ebf2a946
Michelle Schwartz,michelleschwartz@johnlscott.com,541-801-7019,email,email,1,2026-09-16,2026-09-16,Cold Outreach,Backup real estate photographer,cb839dec-ab17-4770-863a-db06d9b6779a
Michelle Thomas,kandm@johnlscott.com,541-840-6369,email,email,1,2026-09-16,2026-09-16,Cold Outreach,Backup real estate photographer,c73dff70-fe34-480a-99f4-7e29d7122d8b
Mick Taylor,mickt@johnlscott.com,503-539-1117,email,email,1,2026-09-16,2026-09-16,Cold Outreach,Backup real estate photographer,38be704a-81b3-4e4b-876a-0eeeda93880b
Midadu Guyieso,mguyiesco@johnlscott.com,503-303-7103,email,email,1,2026-09-16,2026-09-16,Cold Outreach,Backup real estate photographer,b74200a4-e50d-4c12-986b-2f753f1a17e0
Miguel Arellano,miguelarellano@johnlscott.com,503-428-3796,email,email,1,2026-09-16,2026-09-16,Cold Outreach,Backup real estate photographer,e906d1e5-26bb-4ef5-8b13-d48498f3f092
Mike Agee,mikeagee@msn.com,503-504-2499,email,email,1,2026-09-16,2026-09-16,Cold Outreach,Backup real estate photographer,8c35d6d4-72da-4921-8e24-6ac73bb713f0
Mike Kerlinger,mikekerlinger@johnlscott.com,541-621-7111,email,email,1,2026-09-16,2026-09-16,Cold Outreach,Backup real estate photographer,8b943b6d-45bd-4898-bb74-c740f4b1c6ec
Mike Landauer,mikeland@johnlscott.com,,email,email,1,2026-09-16,2026-09-16,Cold Outreach,Backup real estate photographer,de61f8f5-48cd-46ec-992a-77980b445026
Mike McHugh,mike@mike-mchugh.com,503-936-3888,email,email,1,2026-09-16,2026-09-16,Cold Outreach,Backup real estate photographer,13880d1f-c84b-471d-98be-34d7ee1b5d86
Mike Morris,mikemorris@johnlscott.com,503-593-7899,email,email,1,2026-09-16,2026-09-16,Cold Outreach,Backup real estate photographer,64ca5c39-a24f-44e6-adf2-33ba2041b53f
Mike Mullen,mike.mullen31@gmail.com,,email,email,1,2026-09-16,2026-09-16,Cold Outreach,Backup real estate photographer,ca6d8b5f-66a6-4903-bfb7-1b8c5be157d8
Mike Skillman,skillman9@comcast.net,,email,email,1,2026-09-16,2026-09-16,Cold Outreach,Backup real estate photographer,101c4bc4-f693-4a48-9d6e-c8f0fa82969b
Misty Burrows,mistyburrows@ymail.com,541-508-8100,email,email,1,2026-09-16,2026-09-16,Cold Outreach,Backup real estate photographer,0e279ca6-f0c2-4049-8bb8-3fd09ced4de2
Molly Elam,molly_elam@hotmail.com,503-863-8507,email,email,1,2026-09-16,2026-09-16,Cold Outreach,Backup real estate photographer,9eaccf8d-f7bf-4a60-b5d2-3d21f415d1c0
Monica Hathaway,monicahathaway@johnlscott.com,541-218-1527,email,email,1,2026-09-16,2026-09-16,Cold Outreach,Backup real estate photographer,5154216d-693f-47e2-80bf-7f500207700a
Morgan Mason,masonm181@gmail.com,,email,email,1,2026-09-16,2026-09-16,Cold Outreach,Backup real estate photographer,1bd9b154-2b10-4e39-a5d8-606aa28e04ca
Myrna Dorn,mdorn@johnlscott.com,541-720-8993,email,email,1,2026-09-16,2026-09-16,Cold Outreach,Backup real estate photographer,c92e6e5d-96f7-479b-8c2e-bc0017e52c60
Nanci Egan,nancie@johnlscott.com,503-421-9099,email,email,1,2026-09-16,2026-09-16,Cold Outreach,Backup real estate photographer,8de9f25a-e398-459a-9c88-9e8bd202930c
Natalie Quandt,nataliequandt@johnlscott.com,503-536-5782,email,email,1,2026-09-16,2026-09-16,Cold Outreach,Backup real estate photographer,c6c17aa9-dd40-4c84-ba3a-8b4dd36f0086
Nate Scott,natescott@johnlscott.com,541-226-6818,email,email,1,2026-09-16,2026-09-16,Cold Outreach,Backup real estate photographer,69cbf359-460e-42ed-bdc0-56d0c5c61197
Nic Costa,niccostahomes@gmail.com,503-413-9739,email,email,1,2026-09-16,2026-09-16,Cold Outreach,Backup real estate photographer,251493d3-9d37-4196-b3f8-0f4e7d8e3068
Nicholle Temneanu,nicholletem@gmail.com,503-312-4579,email,email,1,2026-09-16,2026-09-16,Cold Outreach,Backup real estate photographer,c6fa314b-62a1-4490-992c-2418a0e69963
Nicole Boe,nicoleb@johnlscott.com,503-871-8600,email,email,1,2026-09-16,2026-09-16,Cold Outreach,Backup real estate photographer,2787acb2-e650-4f29-a11b-ca44fb1bdbb7
Nicole Ellis,nicole@pnwpropertyprincess.com,503-703-0069,email,email,1,2026-09-16,2026-09-16,Cold Outreach,Backup real estate photographer,140ef0e1-49bd-4047-95a7-0a85462f627c
Nicole Fitch,nicolefitch@johnlscott.com,541-749-0875,email,email,1,2026-09-16,2026-09-16,Cold Outreach,Backup real estate photographer,0f21ee0a-3b00-4f3a-a4f4-6cf5909644b0
Nicolle Henderson,nicollehenderson@johnlscott.com,541-951-7612,email,email,1,2026-09-16,2026-09-16,Cold Outreach,Backup real estate photographer,13cdc617-3dc8-46da-be99-a5f82b20859c
Nikki Schmelzle,aubriannearchie@gmail.com,541-841-2698,email,email,1,2026-09-16,2026-09-16,Cold Outreach,Backup real estate photographer,dba1a6ed-043b-4127-b1c9-16a68cbad0db
Nisha Bhardwaj,nisha.gungun7@gmail.com,206-372-7824,email,email,1,2026-09-16,2026-09-16,Cold Outreach,Backup real estate photographer,77af2a83-b82a-42c4-95aa-06d1049275b3
Oksana Hrytsenko,oksanalutsyk@johnlscott.com,503-983-8999,email,email,1,2026-09-16,2026-09-16,Cold Outreach,Backup real estate photographer,55f2c66f-5d8b-455b-8244-edbad2b5464d
Oksana Saray,sarayoksana@gmail.com,503-569-3205,email,email,1,2026-09-16,2026-09-16,Cold Outreach,Backup real estate photographer,4830d244-874a-44ba-b7ee-ffac635e5397
Pam Flora,pam@pamflora.com,503-806-6797,email,email,1,2026-09-16,2026-09-16,Cold Outreach,Backup real estate photographer,cd0a7959-95e5-40cb-98e3-4b4fd9edeac7
Pam Rensch,pamrensch@johnlscott.com,503-730-0684,email,email,1,2026-09-16,2026-09-16,Cold Outreach,Backup real estate photographer,5e7cbf50-5e3f-438f-bdac-c8b414854075
Pat Griffith,patg@johnlscott.com,503-939-9090,email,email,1,2026-09-16,2026-09-16,Cold Outreach,Backup real estate photographer,f2169284-87ee-42bf-9a44-7e58bbd559a1
Patricia Gurzi,patriciag@johnlscott.com,541-659-9188,email,email,1,2026-09-16,2026-09-16,Cold Outreach,Backup real estate photographer,856d01b7-7f7c-410b-996c-e5531e3e499a
Patricia Madera,patriciasrealty@aol.com,541-420-9095,email,email,1,2026-09-16,2026-09-16,Cold Outreach,Backup real estate photographer,110636ca-67b0-4abe-ae19-d5bd84f689d9
Patricia Page,patriciapage66@gmail.com,503-680-4070,email,email,1,2026-09-16,2026-09-16,Cold Outreach,Backup real estate photographer,20ca0a6b-5c8b-4845-9c1d-8a3a65f84096
Patrick Hurley,patrickhurley@johnlscott.com,541-221-2106,email,email,1,2026-09-16,2026-09-16,Cold Outreach,Backup real estate photographer,8e5bd401-f87a-45cc-88c0-d410249ad7c3
Patti Cort,pattic@johnlscott.com,503-806-3740,email,email,1,2026-09-16,2026-09-16,Cold Outreach,Backup real estate photographer,4cca9247-2872-4506-8dd0-8db8b1610286
Paul Carter,paulcarter@johnlscott.com,541-410-4850,email,email,1,2026-09-16,2026-09-16,Cold Outreach,Backup real estate photographer,772cfa45-9ab6-408e-a0f2-46c8ae2de7b5
Paul Hart,paul@paulhartrealty.com,541-840-7451,email,email,1,2026-09-16,2026-09-16,Cold Outreach,Backup real estate photographer,4a7d4698-c329-4709-9a46-0874d54d5471
Paul Larson,paullarson@johnlscott.com,206-326-0682,email,email,1,2026-09-16,2026-09-16,Cold Outreach,Backup real estate photographer,31e4c330-5e55-4613-a07c-96e0737527c1
Paula Hixson,paulahixsonpdx@gmail.com,503-475-6939,email,email,1,2026-09-16,2026-09-16,Cold Outreach,Backup real estate photographer,fcff9541-3c37-42c6-824b-99a3b7f0bedd
Peggy Howell,peggyh@johnlscott.com,503-260-9269,email,email,1,2026-09-16,2026-09-16,Cold Outreach,Backup real estate photographer,00f98a0d-5449-47d9-ba20-f179a48114e6
Pierce Maclauchlan,piercemac@johnlscott.com,541-944-3318,email,email,1,2026-09-16,2026-09-16,Cold Outreach,Backup real estate photographer,17511cd3-85d1-4118-ae34-97924fcd5d16
R. Greg Kessinger,rgkessinger@johnlscott.com,,email,email,1,2026-09-16,2026-09-16,Cold Outreach,Backup real estate photographer,f8411b5f-fddd-4e05-88e0-f84b0b9d890f
Rachel Hobbs,rachel.hobbs75@yahoo.com,,email,email,1,2026-09-16,2026-09-16,Cold Outreach,Backup real estate photographer,4ef062b1-4efc-4757-9daf-7ea72b8f5e72
Rachelle Beveridge,rachelle@rickharrisgroup.com,,email,email,1,2026-09-16,2026-09-16,Cold Outreach,Backup real estate photographer,1227b70b-de8b-4688-8092-537e95b1e6ad
Randy Sanford,randysanford@johnlscott.com,503-410-0003,email,email,1,2026-09-16,2026-09-16,Cold Outreach,Backup real estate photographer,d446074e-b262-49c6-bcdf-a8cd32bcab39
Randy Schumock,schumock@comcast.net,,email,email,1,2026-09-16,2026-09-16,Cold Outreach,Backup real estate photographer,0cefe1c6-45ab-4a50-b7b8-e0a0b91b1b6c
Raymond Pettengell,roguevalleyray@gmail.com,530-905-2211,email,email,1,2026-09-16,2026-09-16,Cold Outreach,Backup real estate photographer,ff3702d0-cba2-4b28-960f-50153e3c9cc2
Regan Scott,reganscott@johnlscott.com,541-390-9738,email,email,1,2026-09-16,2026-09-16,Cold Outreach,Backup real estate photographer,a9162095-4272-4d9d-a718-74d43065cf41
Rick Clausen,rick@oregon-ized.com,541-787-5151,email,email,1,2026-09-16,2026-09-16,Cold Outreach,Backup real estate photographer,0ffa0aba-61ed-4025-8f65-42214f400e40
Rick Harris,rharris@mind.net,541-482-5590,email,email,1,2026-09-16,2026-09-16,Cold Outreach,Backup real estate photographer,7756b62b-9eee-4dab-adad-14ac1c9c3635
Riley Cronin,rileycronin@johnlscott.com,360-977-0312,email,email,1,2026-09-16,2026-09-16,Cold Outreach,Backup real estate photographer,af3d7e81-4de2-4147-ae62-c83a9759a571
Riley Hamilton,rileyh@johnlscott.com,503-779-7489,email,email,1,2026-09-16,2026-09-16,Cold Outreach,Backup real estate photographer,728bd8cd-31a0-4bab-95b6-29aa096082ae
Robb Mayers,robb@outlierbuilt.com,,email,email,1,2026-09-16,2026-09-16,Cold Outreach,Backup real estate photographer,9cf2470f-bc03-4f15-91d6-16c4589ad7a6
Robert Piatt,robertp@johnlscott.com,503-504-4282,email,email,1,2026-09-16,2026-09-16,Cold Outreach,Backup real estate photographer,025e2138-e440-4ce6-831b-14eb6b6d7f66
Robert Smith,mybendrealtor@gmail.com,541-420-3287,email,email,1,2026-09-16,2026-09-16,Cold Outreach,Backup real estate photographer,eaafadc3-6914-42ee-b890-aa9f7f1f14ff
Robin Martindale,rmartindale@johnlscott.com,503-267-3782,email,email,1,2026-09-16,2026-09-16,Cold Outreach,Backup real estate photographer,a3348aee-098b-4805-a441-482ae9b1822c
Ron Hackenberg,ronh@johnlscott.com,503-358-7719,email,email,1,2026-09-16,2026-09-16,Cold Outreach,Backup real estate photographer,8c1465b8-b185-4416-b2b8-4ca09e395ac9
Ronald Martin,martinron34@gmail.com,,email,email,1,2026-09-16,2026-09-16,Cold Outreach,Backup real estate photographer,79ff3535-feab-45f8-a3e1-96827d9d7692
Rosemary Bernardi,rosemarybernardi@gmail.com,503-784-2836,email,email,1,2026-09-16,2026-09-16,Cold Outreach,Backup real estate photographer,330ced71-bac9-4b05-bc25-0aa95d467d21
Ryan Johnson,ryanjohnsonrealty@gmail.com,541-719-8624,email,email,1,2026-09-16,2026-09-16,Cold Outreach,Backup real estate photographer,aa3b2060-b4f4-4488-ac64-ecbf54980da0
Sabrina Tappin,sabrinat@johnlscott.com,,email,email,1,2026-09-16,2026-09-16,Cold Outreach,Backup real estate photographer,002b8689-07c3-43ac-8c17-db061ec008fe
Sara Backus,sarab@johnlscott.com,971-235-6360,email,email,1,2026-09-16,2026-09-16,Cold Outreach,Backup real estate photographer,5ec4f336-3cc7-49e4-82ba-6221edfc0903
Sara DeVries,saradevries@johnlscott.com,541-890-7458,email,email,1,2026-09-16,2026-09-16,Cold Outreach,Backup real estate photographer,0aee132d-7bef-462c-98c8-f3a088b7903c
Sara Gray,sara@saragray.net,503-927-3077,email,email,1,2026-09-16,2026-09-16,Cold Outreach,Backup real estate photographer,2ae5e4d6-46d8-4ace-8dae-45f10bf9f68d
Sara Jo Robbins,sarajorobbins@johnlscott.com,541-821-6779,email,email,1,2026-09-16,2026-09-16,Cold Outreach,Backup real estate photographer,31982170-6def-468c-ba28-1d309bd81951
Sarah Chassler,sarahcrealty@gmail.com,,email,email,1,2026-09-16,2026-09-16,Cold Outreach,Backup real estate photographer,fb433783-97b4-4b21-9b15-eb50e23d95c4
Sarah Godil,sarahgodil@johnlscott.com,203-685-0603,email,email,1,2026-09-16,2026-09-16,Cold Outreach,Backup real estate photographer,299397b9-9a8f-40af-8132-9d08b44d4e05
Sarah Sherwood,sarahsherwood0919@gmail.com,503-724-4340,email,email,1,2026-09-16,2026-09-16,Cold Outreach,Backup real estate photographer,9dcbcbf6-9a60-4e95-9091-511e8350d6b8
Sarita Vasquez,saritav@johnlscott.com,503-479-8024,email,email,1,2026-09-16,2026-09-16,Cold Outreach,Backup real estate photographer,101ad689-b6ad-4f28-a3c3-91853869fc11
Scott Halligan,scotthalligan@johnlscott.com,503-421-5176,email,email,1,2026-09-16,2026-09-16,Cold Outreach,Backup real estate photographer,b74cff54-d9c5-4d6c-98ff-1ec2157bb301
Scott Paskill,spaskill@johnlscott.com,503-997-6188,email,email,1,2026-09-16,2026-09-16,Cold Outreach,Backup real estate photographer,65913231-9856-4547-be8e-c3d4c2c53ef1
Seair Olson,seairolson@johnlscott.com,503-628-9548,email,email,1,2026-09-16,2026-09-16,Cold Outreach,Backup real estate photographer,4ee18f81-dfd9-40ea-86c4-7d2729738973
Sean O'Gorman,seanogorman@johnlscott.com,541-391-9109,email,email,1,2026-09-16,2026-09-16,Cold Outreach,Backup real estate photographer,803acd7b-ee20-449f-803c-0218e6cf0454
Sebastian Debrun,team@thedebrunteam.com,503-680-0687,email,email,1,2026-09-16,2026-09-16,Cold Outreach,Backup real estate photographer,515ba14e-b02d-456c-9fd0-8741c95de8e9
Serena Wolfard,serenawolfard@johnlscott.com,541-890-6304,email,email,1,2026-09-16,2026-09-16,Cold Outreach,Backup real estate photographer,b08640d3-367b-44be-a87e-e0e1da4279a2
Shaloe Brown,shaloebrown@johnlscott.com,541-324-6742,email,email,1,2026-09-16,2026-09-16,Cold Outreach,Backup real estate photographer,e61ea139-f285-4b98-a72e-09bc3e762eb6
Shannon Forrest,shannon@mopg.com,541-787-1883,email,email,1,2026-09-16,2026-09-16,Cold Outreach,Backup real estate photographer,797372d0-ed52-492c-bcc7-5721ddb8803c
Shannon Mahar-Krug,shannon@maharhomes.com,541-840-7225,email,email,1,2026-09-16,2026-09-16,Cold Outreach,Backup real estate photographer,80484b23-bed8-4875-bbdf-0fd1cbfc036d
Shannon Tomes,shannontomes@johnlscott.com,541-941-7151,email,email,1,2026-09-16,2026-09-16,Cold Outreach,Backup real estate photographer,d612176f-bd7b-4e42-824b-93480e9dcb47
Shanon O'Roke,shanono@johnlscott.com,503-516-9137,email,email,1,2026-09-16,2026-09-16,Cold Outreach,Backup real estate photographer,9d779735-37d5-40fb-9296-b6a9187bc431
ShaRhonda McCauley,sharhondam@johnlscott.com,503-706-3113,email,email,1,2026-09-16,2026-09-16,Cold Outreach,Backup real estate photographer,69645565-86d0-4385-8b1b-ddebee92dd6d
Shari Mark,sharim@johnlscott.com,503-705-9125,email,email,1,2026-09-16,2026-09-16,Cold Outreach,Backup real estate photographer,d1a7e073-f22c-4c25-9a53-e5809f6fb639
Sharon Abrams,sharona@johnlscott.com,541-280-9309,email,email,1,2026-09-16,2026-09-16,Cold Outreach,Backup real estate photographer,de4565d1-a789-40ed-8e0d-1e8175035ab7
Sharon Nuss,sharonnusshomes@gmail.com,503-320-3535,email,email,1,2026-09-16,2026-09-16,Cold Outreach,Backup real estate photographer,c22724fa-acec-407f-9690-4d900051a6b9
Silvestre Trujillo,silvestretrujillo@johnlscott.com,503-871-8197,email,email,1,2026-09-16,2026-09-16,Cold Outreach,Backup real estate photographer,990688a2-4f59-466d-a736-986071fa0d99
Skye Flora,skyeflora@johnlscott.com,541-301-6614,email,email,1,2026-09-16,2026-09-16,Cold Outreach,Backup real estate photographer,de0353e6-0e19-4f68-84d9-c2f0654e8f2c
Sophia Wiencek,sophiaw@johnlscott.com,541-601-4937,email,email,1,2026-09-16,2026-09-16,Cold Outreach,Backup real estate photographer,bd146858-e98f-4270-9007-a0d81abfd934
Stacey Boals,boalsie@earthlink.net,541-840-2266,email,email,1,2026-09-16,2026-09-16,Cold Outreach,Backup real estate photographer,a162004d-c5d8-4701-b656-0354f4e74807
Stacey Thompson,staceythompson@johnlscott.com,541-910-6343,email,email,1,2026-09-16,2026-09-16,Cold Outreach,Backup real estate photographer,2dbec581-4c72-483b-b005-9b55f4010e03
Stan Pulliam,stan@nobleconsultingcorp.com,503-860-6468,email,email,1,2026-09-16,2026-09-16,Cold Outreach,Backup real estate photographer,ac05680d-9b87-4e2f-b78e-b6f23c5e6505
Steph Jordan,stephjordan@johnlscott.com,541-227-8699,email,email,1,2026-09-16,2026-09-16,Cold Outreach,Backup real estate photographer,d5f42950-d77d-4580-9a55-411ee16e94ff
Alex Larson,alex@mopg.com,541-779-3611,email,email,2,2026-09-16,2026-09-16,Cold Outreach,Backup real estate photographer,8444ee3f-c6e1-4c6e-b20c-a4665e59d9be
Steve Bolton,steveb@johnlscott.com,503-779-7066,email,email,1,2026-09-16,2026-09-16,Cold Outreach,Backup real estate photographer,c4332554-26ab-4039-beea-10853116d3b6
Steve Gurzi,stevegurzi@johnlscott.com,541-660-0361,email,email,1,2026-09-16,2026-09-16,Cold Outreach,Backup real estate photographer,cfebee05-348e-459b-b748-efb3510d6ffb
Steven Seislove,steveseislove@johnlscott.com,971-250-1279,email,email,1,2026-09-16,2026-09-16,Cold Outreach,Backup real estate photographer,23119fa3-06d2-44ba-a7a1-7a7d770da065
Sue Surby,suesurby@gmail.com,,email,email,1,2026-09-16,2026-09-16,Cold Outreach,Backup real estate photographer,0c7667cb-a441-42f6-bd23-c94cf862ae6b
Susan Leatherman,susanle@johnlscott.com,503-997-3712,email,email,1,2026-09-16,2026-09-16,Cold Outreach,Backup real estate photographer,64edb633-719c-409e-ac8e-91e5ecdb6261
Susan Mead,susanmead@johnlscott.com,541-292-2651,email,email,1,2026-09-16,2026-09-16,Cold Outreach,Backup real estate photographer,0642c70f-b33b-40df-bf85-3c0e4b7020bf
Susanne Brothers,susanne.brothers@gmail.com,503-729-1025,email,email,1,2026-09-16,2026-09-16,Cold Outreach,Backup real estate photographer,05003a51-b6d5-4307-853c-40990f685f78
Suz Farah,suzfarah@johnlscott.com,503-780-0572,email,email,1,2026-09-16,2026-09-16,Cold Outreach,Backup real estate photographer,ebd77cdd-d66f-4c03-97c0-78537cf171f0
Suzanne Page,suz@suzannepage.com,503-709-7956,email,email,1,2026-09-16,2026-09-16,Cold Outreach,Backup real estate photographer,2e4b5cab-4ed4-47c4-924d-86ff0b5fc25d
Sydney Bowers,sydneyb@johnlscott.com,541-414-9017,email,email,1,2026-09-16,2026-09-16,Cold Outreach,Backup real estate photographer,dd3d341d-dfb3-4b0a-8aef-133f76941df4
Tammy Rey,tammyrey@johnlscott.com,541-639-6566,email,email,1,2026-09-16,2026-09-16,Cold Outreach,Backup real estate photographer,893c2b2b-e059-4d5b-85a0-947985a56012
Tammy Sanderson,tammysanderson@johnlscott.com,503-382-7556,email,email,1,2026-09-16,2026-09-16,Cold Outreach,Backup real estate photographer,781883f1-f960-4699-978d-dccb8b5bb185
Tammy West,tammywest@johnlscott.com,,email,email,1,2026-09-16,2026-09-16,Cold Outreach,Backup real estate photographer,e5b4927e-c4f2-442c-8328-26eacfa1de91
Tana Godard,tanag@johnlscott.com,541-944-6720,email,email,1,2026-09-16,2026-09-16,Cold Outreach,Backup real estate photographer,af8ee2ef-4f58-4b5a-8342-a8b1bf6ede3d
Tara Duval,taraduval@johnlscott.com,541-292-3902,email,email,1,2026-09-16,2026-09-16,Cold Outreach,Backup real estate photographer,f9f4aaff-f49c-4bb7-8889-a3727ef7aa02
Tara Frickey,tarafrickey@johnlscott.com,971-220-3267,email,email,1,2026-09-16,2026-09-16,Cold Outreach,Backup real estate photographer,077a9051-d930-44cc-ad70-7930610ab8f4
Tara Swift,taraswift@johnlscott.com,458-212-4242,email,email,1,2026-09-16,2026-09-16,Cold Outreach,Backup real estate photographer,aa4d008e-4343-491e-aee2-239a5f35444b
Temara Presley,temara@sanderspresley.com,,email,email,1,2026-09-16,2026-09-16,Cold Outreach,Backup real estate photographer,b51fa019-2092-4fff-8185-2a7b7b832a4b
Terah Stader-Wharregard,terahw@johnlscott.com,541-660-2429,email,email,1,2026-09-16,2026-09-16,Cold Outreach,Backup real estate photographer,2a1f94f8-ad62-4a37-8887-0160383cd318
Teresa Brown,teresabrown@johnlscott.com,541-788-8661,email,email,1,2026-09-16,2026-09-16,Cold Outreach,Backup real estate photographer,aa38bcfb-1e29-43d4-b075-0961ae145073
Teresa Haver,teresahaver@johnlscott.com,503-679-2718,email,email,1,2026-09-16,2026-09-16,Cold Outreach,Backup real estate photographer,1c0746e4-33eb-4e59-ac6d-85d7e29bde13
Terri Robertson,terrirobertson888@gmail.com,503-888-8442,email,email,1,2026-09-16,2026-09-16,Cold Outreach,Backup real estate photographer,5c980a39-6c65-4974-84da-c3de5d83148c
Terry Rasmussen,terryrasmussen@johnlscott.com,541-414-4430,email,email,1,2026-09-16,2026-09-16,Cold Outreach,Backup real estate photographer,3cd7d848-9c27-4f4d-bee7-2e5b1a352368
Tess Aiello,tessaiello@johnlscott.com,971-444-0216,email,email,1,2026-09-16,2026-09-16,Cold Outreach,Backup real estate photographer,55893079-e565-47d3-b005-4c0463ca7567
Tessa Gold,tessagold@johnlscott.com,503-758-6073,email,email,1,2026-09-16,2026-09-16,Cold Outreach,Backup real estate photographer,3de58e9f-7e44-456a-93d5-ba600cea3323
Test Member Two,testm2@johnlscott.com,,email,email,1,2026-09-16,2026-09-16,Cold Outreach,Backup real estate photographer,f2a02cc2-9773-4482-a8c9-60987ea2a7c9
Theresa Ramsay,bendrealestate@gmail.com,541-815-4442,email,email,1,2026-09-16,2026-09-16,Cold Outreach,Backup real estate photographer,39c0febf-7d06-4173-a435-b3209fabad5c
Tiffany Wilkerson,tiffanyw@johnlscott.com,541-225-7654,email,email,1,2026-09-16,2026-09-16,Cold Outreach,Backup real estate photographer,539f2d2d-a440-41c6-a025-f8bd8287f3ad
Tim Roberts,timrobertsllc@gmail.com,503-970-7743,email,email,1,2026-09-16,2026-09-16,Cold Outreach,Backup real estate photographer,96d1bd49-cd01-45f9-987c-0f8c227cfee7
Todd Crawford,toddc@johnlscott.com,503-318-6113,email,email,1,2026-09-16,2026-09-16,Cold Outreach,Backup real estate photographer,5a74390b-bc94-4029-ad6c-5538a3d62c88
Tom Ramsey,tomramsey1@gmail.com,503-481-0501,email,email,1,2026-09-16,2026-09-16,Cold Outreach,Backup real estate photographer,087bac50-418b-4216-8986-feb428e9cb26
Tommy Nguyen,tommydnguyen99@gmail.com,503-939-6317,email,email,1,2026-09-16,2026-09-16,Cold Outreach,Backup real estate photographer,8093fcb1-d371-4142-a43b-254aeb162746
Toni Anderberg,tonianderberg@johnlscott.com,541-944-8496,email,email,1,2026-09-16,2026-09-16,Cold Outreach,Backup real estate photographer,0cf9b9de-79c1-42d1-95b9-5ae8c17e3a68
Tony Lozzi,tony@thetonylozziteam.com,503-667-3849,email,email,1,2026-09-16,2026-09-16,Cold Outreach,Backup real estate photographer,4a9225df-22d2-466e-b314-e4610259668d
Tori DuBois,realtoridubois@gmail.com,503-457-7080,email,email,1,2026-09-16,2026-09-16,Cold Outreach,Backup real estate photographer,f3ac8054-4cad-4a75-a7a6-7ccab28a5048
Traci Binder,tracibinder@johnlscott.com,971-317-1444,email,email,1,2026-09-16,2026-09-16,Cold Outreach,Backup real estate photographer,e3a84ef7-0668-449b-9949-cea662f1f239
Tracy Leenknecht,tracyleenknecht@gmail.com,541-660-1083,email,email,1,2026-09-16,2026-09-16,Cold Outreach,Backup real estate photographer,c65331bc-3f28-492d-b1bb-14201ad4ca93
Travis Smith,travissmith@johnlscott.com,503-899-0257,email,email,1,2026-09-16,2026-09-16,Cold Outreach,Backup real estate photographer,f563f6a2-4d08-4fb8-b8e3-ad19baa3c27d
Trevor Barre,trevorb@johnlscott.com,503-269-0951,email,email,1,2026-09-16,2026-09-16,Cold Outreach,Backup real estate photographer,7bd070b6-84c4-483e-915c-513af023dd02
Trevor Emmett,trevoremmett@johnlscott.com,541-968-5193,email,email,1,2026-09-16,2026-09-16,Cold Outreach,Backup real estate photographer,e4d27cb8-238b-4c04-bddf-b38d5b51e21b
Tricia Ossa,triciao@johnlscott.com,415-845-8440,email,email,1,2026-09-16,2026-09-16,Cold Outreach,Backup real estate photographer,fe212edb-276c-4bfb-ba81-b4c88ac8b25a
Trisha Highland,trishahighland@johnlscott.com,503-830-6018,email,email,1,2026-09-16,2026-09-16,Cold Outreach,Backup real estate photographer,a573b43a-7742-41b0-b24b-e2a5dd6f72e9
Ty Mulder,tymulder@johnlscott.com,541-371-4791,email,email,1,2026-09-16,2026-09-16,Cold Outreach,Backup real estate photographer,bf344d58-01ed-4053-9f88-16df53e398cc
Tyla Young,tylayoung@johnlscott.com,503-318-4914,email,email,1,2026-09-16,2026-09-16,Cold Outreach,Backup real estate photographer,47763d2f-f998-4731-a7ad-6e0e2826c85d
Tyler Schuster,tylers@johnlscott.com,561-951-4636,email,email,1,2026-09-16,2026-09-16,Cold Outreach,Backup real estate photographer,cd9aabc7-8dbf-41c0-af5d-df536d7c7583
Veronica Foster,vfoster@johnlscott.com,541-659-7794,email,email,1,2026-09-16,2026-09-16,Cold Outreach,Backup real estate photographer,3296cd85-7115-4dff-b567-b71a901b97d7
Vicky Jackson,vickyjackson.johnlscott@gmail.com,541-771-2914,email,email,1,2026-09-16,2026-09-16,Cold Outreach,Backup real estate photographer,fa2f5c40-8bc7-464b-8630-ee77b7cee3bc
Victor Cook,victorcook1949@gmail.com,503-738-2820,email,email,1,2026-09-16,2026-09-16,Cold Outreach,Backup real estate photographer,533f56a4-1b57-4334-a643-8307a304cd31
Violeta Sdrulla,violetas@johnlscott.com,541-419-3522,email,email,1,2026-09-16,2026-09-16,Cold Outreach,Backup real estate photographer,14a9ef9c-bba1-4782-bbf9-d89d42936e20
Wade Squires,wadesquires@johnlscott.com,541-215-2314,email,email,1,2026-09-16,2026-09-16,Cold Outreach,Backup real estate photographer,7d439433-0114-4194-820b-5276b2d7edec
Wes Cox,wescox@johnlscott.com,,email,email,1,2026-09-16,2026-09-16,Cold Outreach,Backup real estate photographer,22a9287a-8d57-42ad-af22-488426df0870
Whitney Coffman,whitney@coffmancollective.com,541-571-7668,email,email,1,2026-09-16,2026-09-16,Cold Outreach,Backup real estate photographer,08637d8e-2a55-4893-9a7c-d082afb8c672
Willow Emmett,jaime.emmett@gmail.com,541-968-5194,email,email,1,2026-09-16,2026-09-16,Cold Outreach,Backup real estate photographer,aa12a935-b125-4546-92e1-717b9ef06c69
Yoli Diaz,yolidiaz@johnlscott.com,541-292-4386,email,email,1,2026-09-16,2026-09-16,Cold Outreach,Backup real estate photographer,2ae264bd-ec63-4266-b19f-8f784af73eb6
Yvonne Messmer,yvonnemessmer@johnlscott.com,503-931-8308,email,email,1,2026-09-16,2026-09-16,Cold Outreach,Backup real estate photographer,7150e9d0-4963-415a-b602-28fac500d3a6
Zach Bolton,zachbolton@johnlscott.com,541-601-1415,email,email,1,2026-09-16,2026-09-16,Cold Outreach,Backup real estate photographer,1599c3a1-0445-4600-814a-d2159d0587cd
Zeah Frederick,zeah.frederick@gmail.com,541-450-7598,email,email,1,2026-09-16,2026-09-16,Cold Outreach,Backup real estate photographer,96621b29-5eaf-4153-91f1-91df84a3bd62
A J Kitt,ajkitt@remax.net,541-400-0008,email,email,1,2026-09-16,2026-09-16,Cold Outreach,Backup real estate photographer,5c632d37-8b95-4018-a91f-98093ec23135
Aaron Seabrook,aaronseabrook@remax.net,509-387-5646,email,email,1,2026-09-16,2026-09-16,Cold Outreach,Backup real estate photographer,f242fbfd-b5f8-490c-9aba-9daf96ab4514
Dena Landrum,denalandrum@remax.net,541-954-7768,email,email,1,2026-09-16,2026-09-16,Cold Outreach,Backup real estate photographer,e1678bb6-735c-428a-939b-587f58ed5bbf
Donna Pina,donnapina@remax.net,541-291-3513,email,email,1,2026-09-16,2026-09-16,Cold Outreach,Backup real estate photographer,e05f1f0c-fb0e-40a4-ac69-4b0f5ef02f6f
Tarah Pond,tarahpond@remax.net,503-318-6452,email,email,1,2026-09-16,2026-09-16,Cold Outreach,Backup real estate photographer,63991067-7f46-4f9f-90b5-b66d8fc26633
Gary Whitehill-Baziuk,gbaziuk@remax.net,503-495-4862,email,email,1,2026-09-16,2026-09-16,Cold Outreach,Backup real estate photographer,9a0b34c6-c716-43f8-9e90-c56e16289254
Michael Jakola,mjakola@remax.net,503-422-9510,email,email,1,2026-09-16,2026-09-16,Cold Outreach,Backup real estate photographer,cf6d363d-7d59-44ee-977d-6496ac4117b8
Suzan Hopman,suzan.hopman@remax.net,503-702-7656,email,email,1,2026-09-16,2026-09-16,Cold Outreach,Backup real estate photographer,c2b5374c-e2fc-4618-8b5b-f46b8e25446f
Teri Arnett,tarnett@remax.net,503-720-1475,email,email,1,2026-09-16,2026-09-16,Cold Outreach,Backup real estate photographer,913b9580-ebac-494a-b76d-3d2a154740de
Hannah Roloson,hannahroloson@remax.net,323-793-2812,email,email,1,2026-09-16,2026-09-16,Cold Outreach,Backup real estate photographer,2090081f-86fb-40ac-84f5-fb75cb17a3e3
Kilee Egbert,kilee.egbert@remax.net,541-761-1401,email,email,1,2026-09-16,2026-09-16,Cold Outreach,Backup real estate photographer,8b053991-1ea4-4104-9882-a623c5c7bd06
Istvan Gal,ishgal@remax.net,503-307-8740,email,email,1,2026-09-16,2026-09-16,Cold Outreach,Backup real estate photographer,730400eb-3bd0-495d-b4e1-3daefbc3f22c
Kristina Mack,k.atina@icloud.com,,email,email,1,2026-09-16,2026-09-16,Cold Outreach,Backup real estate photographer,16b97fb1-57b3-40e2-9316-0fa06abcb624
Amanda May,amandamay@remax.net,541-805-9525,email,email,1,2026-09-16,2026-09-16,Cold Outreach,Backup real estate photographer,0b2d0364-1158-4b2d-b3ce-ede7cbe43b4a
Autumn Adams,autumnadams@remax.net,541-829-3333,email,email,1,2026-09-16,2026-09-16,Cold Outreach,Backup real estate photographer,17304667-4b1d-46c8-b161-3ebe974f82ef
Rashell Parkinson,rashell.parkinson@remax.net,541-373-7652,email,email,1,2026-09-16,2026-09-16,Cold Outreach,Backup real estate photographer,a69386d8-2068-4668-825b-a911e5bc3748
Kristen Dozono,kdozono@remax.net,503-939-7989,email,email,1,2026-09-16,2026-09-16,Cold Outreach,Backup real estate photographer,7425887e-5e77-4b69-84c2-1b598d66ecee
Heather Yriarte,heatheryriarte@remax.net,541-324-0675,email,email,1,2026-09-16,2026-09-16,Cold Outreach,Backup real estate photographer,e923235a-251e-46f9-b03c-d3c55f323585
J.J. Jones,jjones.or@remax.net,541-788-3678,email,email,1,2026-09-16,2026-09-16,Cold Outreach,Backup real estate photographer,3f6fece3-1c43-4c0b-be40-6f8bc27345f4
Jean Adcock,jadcock@remax.net,503-810-3235,email,email,1,2026-09-16,2026-09-16,Cold Outreach,Backup real estate photographer,dd81d399-aa4d-4d04-badd-b030136a32aa
Amanda Rammer,amandarammer@remax.net,541-285-3818,email,email,1,2026-09-16,2026-09-16,Cold Outreach,Backup real estate photographer,c98fc1a9-bae5-4fa0-9844-8c8779597c2a
Jesse Kuhn,jessekuhn@remax.net,503-706-9580,email,email,1,2026-09-16,2026-09-16,Cold Outreach,Backup real estate photographer,34206514-e9e8-4bdc-bad3-55a53bc23387
Arlene Pearson,arlenepearson@remax.net,503-440-3689,email,email,1,2026-09-16,2026-09-16,Cold Outreach,Backup real estate photographer,c1966014-b023-48a8-86e2-2223f0c3c8c1
Phil Walker,philwalker@remax.net,503-704-6595,email,email,1,2026-09-16,2026-09-16,Cold Outreach,Backup real estate photographer,ac05d6ed-5595-4a6a-8b74-40ac0a6e4056
Denisse Mendoza,denissemendoza@remax.net,541-838-4749,email,email,1,2026-09-16,2026-09-16,Cold Outreach,Backup real estate photographer,06747d71-ec79-4412-9607-04f0e1a600d5
Anneliese Gast,agast@remax.net,541-224-1555,email,email,1,2026-09-16,2026-09-16,Cold Outreach,Backup real estate photographer,4348ad41-72a8-4a93-9066-cacd90152dd5
Shane Ronk,shaneronk@remax.net,541-643-8059,email,email,1,2026-09-16,2026-09-16,Cold Outreach,Backup real estate photographer,469faf4e-05f3-4046-b196-8bc0e685ed07
Jonathan Goyne,jonathan.goyne@remax.net,,email,email,1,2026-09-16,2026-09-16,Cold Outreach,Backup real estate photographer,874328be-633c-4789-a177-10d007bc84b6
Lynn Mattecheck,lynnm@remax.net,503-704-7313,email,email,1,2026-09-16,2026-09-16,Cold Outreach,Backup real estate photographer,b540814b-dd62-4bc6-8a0b-daec8f889c6b
Angie Mombert,angie.mombert@remax.net,541-408-3543,email,email,1,2026-09-16,2026-09-16,Cold Outreach,Backup real estate photographer,f7e38ee5-05ca-4108-976c-295833fabdd2
Bobbie Lancaster,bobbielancaster@remax.net,541-301-6672,email,email,1,2026-09-16,2026-09-16,Cold Outreach,Backup real estate photographer,d2d580a9-ab8f-4ec8-a7d5-d71d69061d27
Sheree MacRitchie,shereem@remax.net,541-480-8919,email,email,1,2026-09-16,2026-09-16,Cold Outreach,Backup real estate photographer,aba827d5-187a-446e-83e1-e91a07093050
Steph Saunders,stephanie.saunders@remax.net,503-816-9792,email,email,1,2026-09-16,2026-09-16,Cold Outreach,Backup real estate photographer,b7a24b29-5577-4034-9098-08521889c1a5
Deborah Jackson,deborah.jackson@remax.net,503-880-2000,email,email,1,2026-09-16,2026-09-16,Cold Outreach,Backup real estate photographer,58b655bf-e248-4798-a466-ea68eae3c26b
Thomas Leahy,theahy8@gmail.com,541-404-3443,email,email,1,2026-09-16,2026-09-16,Cold Outreach,Backup real estate photographer,1e152595-99d1-496f-9bfe-af8ed285ccd5
Sebastian Balogh,sebastian.balogh@remax.net,541-294-1619,email,email,1,2026-09-16,2026-09-16,Cold Outreach,Backup real estate photographer,7df62620-aa9a-4e53-bfa9-6b567058922f
Clayton Currin,claytoncurrin@remax.net,503-495-4986,email,email,1,2026-09-16,2026-09-16,Cold Outreach,Backup real estate photographer,a254fb5b-d038-43bc-815a-62e012687a84
Danika Forrester,danikaf@remax.net,503-421-0485,email,email,1,2026-09-16,2026-09-16,Cold Outreach,Backup real estate photographer,f13b1608-73c1-489e-b68a-86394f14cecd
Laura Hansen,laurahansen@remax.net,541-302-4895,email,email,1,2026-09-16,2026-09-16,Cold Outreach,Backup real estate photographer,03824803-4933-4ef7-8fe0-5192e8bf9511
Douglas Archbald,dougarchbald@remax.net,541-490-7846,email,email,1,2026-09-16,2026-09-16,Cold Outreach,Backup real estate photographer,42c86c1a-d143-4bc3-a977-5f9885076b67
Lisa Laird-Conser,lisa.lairdconser@remax.net,503-939-4176,email,email,1,2026-09-16,2026-09-16,Cold Outreach,Backup real estate photographer,c1d277d3-19b7-4ff3-bb3d-f6571dd64375
Ryan Buccola,ryanbuccola@remax.net,541-728-8551,email,email,1,2026-09-16,2026-09-16,Cold Outreach,Backup real estate photographer,03bd1b13-6230-46dd-8e09-5cddedc7267b
Thomas Gulan,tom.gulan@remax.net,541-530-1687,email,email,1,2026-09-16,2026-09-16,Cold Outreach,Backup real estate photographer,059889a9-6cc1-48c6-a71a-9c654f72a4aa
Jody Tatone,jtatone@remax.net,541-430-5430,email,email,1,2026-09-16,2026-09-16,Cold Outreach,Backup real estate photographer,ccd01c54-530d-4edb-968d-f19412f44e1b
Sheri Sonnen,sherisonnen@remax.net,541-727-2641,email,email,1,2026-09-16,2026-09-16,Cold Outreach,Backup real estate photographer,96164c6e-ac18-4b7f-86c8-ad549dd527be
Shelly High,shelly.high@remax.net,619-887-9269,email,email,1,2026-09-16,2026-09-16,Cold Outreach,Backup real estate photographer,cb1443f3-24ac-4404-96a5-fb10be7b87ac
Tara Snyder,tarasnyder@remax.net,541-490-7435,email,email,1,2026-09-16,2026-09-16,Cold Outreach,Backup real estate photographer,60ed141f-e640-48a3-b149-af01576050ad
James Keane,james.keane@remax.net,541-207-2270,email,email,1,2026-09-16,2026-09-16,Cold Outreach,Backup real estate photographer,b4f48bbf-602f-43dd-944f-22170a31daa2
Alma Crow,almacrow3@gmail.com,541-786-9663,email,email,1,2026-09-16,2026-09-16,Cold Outreach,Backup real estate photographer,33066398-5415-4357-9274-9f5de777cae2
Deborah Moore,dmoore1@remax.net,541-297-6996,email,email,1,2026-09-16,2026-09-16,Cold Outreach,Backup real estate photographer,c79c89b5-18f3-4a05-996c-9646807ee7f5
Dustin Hamlet,dustin.hamlet@remax.net,541-915-5977,email,email,1,2026-09-16,2026-09-16,Cold Outreach,Backup real estate photographer,840f7a67-8505-49a5-ac48-ca52af842b7d
Jan Liberto,janliberto@remax.net,503-348-2003,email,email,1,2026-09-16,2026-09-16,Cold Outreach,Backup real estate photographer,8456f013-bb35-4b03-96aa-5cfcb71b5ccc
Katie Whitney,kwhitney@remax.net,503-803-0062,email,email,1,2026-09-16,2026-09-16,Cold Outreach,Backup real estate photographer,0fb77a7e-3ff4-416a-beb5-9bc7bf5752db
Scott Wilson,scottwilson@remax.net,503-887-3194,email,email,1,2026-09-16,2026-09-16,Cold Outreach,Backup real estate photographer,9b6ccaf1-f954-411b-8177-289b8aade9bd
Louis Willging,louis.willging@remax.net,702-872-2677,email,email,1,2026-09-16,2026-09-16,Cold Outreach,Backup real estate photographer,857de68d-461b-4dc9-a8d5-9b664126e67e
Howard Graham,howardgraham@remax.net,541-297-3886,email,email,1,2026-09-16,2026-09-16,Cold Outreach,Backup real estate photographer,5040668c-5b31-41e8-b645-66f20c86a52e
Diana Liktor,dliktor@remax.net,503-347-4605,email,email,1,2026-09-16,2026-09-16,Cold Outreach,Backup real estate photographer,f80bb3a7-82d4-4586-9e28-168e43e75f16
Carla Schoppelrey,carlaschoppelrey@remax.net,503-939-2082,email,email,1,2026-09-16,2026-09-16,Cold Outreach,Backup real estate photographer,783ea90d-0637-4806-9563-363d414c40a0
Deb Strickland,deb@remax.net,541-520-7503,email,email,1,2026-09-16,2026-09-16,Cold Outreach,Backup real estate photographer,45324ec5-e88e-4bf0-8285-e84b1fc91a7c
Robert Workman,robert.workman@remax.net,541-373-7998,email,email,1,2026-09-16,2026-09-16,Cold Outreach,Backup real estate photographer,c81e6a6c-41f5-4293-86cf-cd238ae25ba8
Karen Kennedy,karenkennedy@remax.net,541-425-7494,email,email,1,2026-09-16,2026-09-16,Cold Outreach,Backup real estate photographer,12f5d7a6-240a-4b7f-8318-a539186999bf
Matt Kennedy,mattk@remax.net,503-314-7086,email,email,1,2026-09-16,2026-09-16,Cold Outreach,Backup real estate photographer,dcfa8096-4708-4cf1-8bcd-881ef787a0ef
Janis Monson,jmonson@remax.net,541-918-5335,email,email,1,2026-09-16,2026-09-16,Cold Outreach,Backup real estate photographer,17e9aa46-1dcc-4b68-95e8-4ea964aefbab
Juan Mendoza,juanmendozagutierrez@remax.net,541-538-8846,email,email,1,2026-09-16,2026-09-16,Cold Outreach,Backup real estate photographer,da4ba4cb-61c0-4806-8acc-a276a5d87943
Gina Pearl,ginapearl@remax.net,541-654-2757,email,email,1,2026-09-16,2026-09-16,Cold Outreach,Backup real estate photographer,a354a2fe-c1cd-4429-af03-03da243b54ff
Clint Currin,ccurrin@remax.net,503-345-4466,email,email,1,2026-09-16,2026-09-16,Cold Outreach,Backup real estate photographer,c2e91812-3284-48c2-b53f-d96e4e6c4fdb
Dan Steelhammer,dan.steelhammer@remax.net,541-480-5756,email,email,1,2026-09-16,2026-09-16,Cold Outreach,Backup real estate photographer,fb4aa9ad-3f87-47ce-b0c8-5c5f8506d164
Jessica Hur,jessicahur@remax.net,503-502-2525,email,email,1,2026-09-16,2026-09-16,Cold Outreach,Backup real estate photographer,7b68c857-87fe-4560-bc58-c3e1e5301b25
V. Louisa Levin,louiselevin@remax.net,503-502-6502,email,email,1,2026-09-16,2026-09-16,Cold Outreach,Backup real estate photographer,69e1d148-0291-4867-bf8e-171036b84619
Lalainya Armiger,lalainyaarmiger@remax.net,541-784-6169,email,email,1,2026-09-16,2026-09-16,Cold Outreach,Backup real estate photographer,da3ab64d-42e7-451f-a45f-5882ecbcec58
Jenna Bustamante,jenna.bustamante@remax.net,541-480-5002,email,email,1,2026-09-16,2026-09-16,Cold Outreach,Backup real estate photographer,9dbdd7f9-c2d0-49d2-85d7-ce98b0d9a748
Joanne Sterling,joannesterling@remax.net,503-919-0346,email,email,1,2026-09-16,2026-09-16,Cold Outreach,Backup real estate photographer,fb720714-a50b-4a14-a78e-6582884d19c3
Chris Monty,chrismonty@remax.net,503-939-9783,email,email,1,2026-09-16,2026-09-16,Cold Outreach,Backup real estate photographer,d9683f96-7a42-42ad-a889-45572e7dfd45
Susan Gerlach-Colton,susancolton@remax.net,503-936-0161,email,email,1,2026-09-16,2026-09-16,Cold Outreach,Backup real estate photographer,b1f3967a-195b-4903-805c-4986421a3e81
Wade Smith,wadesmith@remax.net,541-622-4479,email,email,1,2026-09-16,2026-09-16,Cold Outreach,Backup real estate photographer,85c3f57b-d323-4e1e-95f7-c7061dabe5d8
Jamie Orr,jamieorr@remax.net,503-708-9266,email,email,1,2026-09-16,2026-09-16,Cold Outreach,Backup real estate photographer,78256a82-2f5b-4504-83cb-75571ed44c6e
Claire Lee,clairelee@remax.net,541-415-0999,email,email,1,2026-09-16,2026-09-16,Cold Outreach,Backup real estate photographer,20bc59dc-a2e6-4ef3-a823-a6c6899b118a
Laura Weiland,lauraweiland@remax.net,541-734-5500,email,email,1,2026-09-16,2026-09-16,Cold Outreach,Backup real estate photographer,3abd7270-d000-4d7e-ac7a-ee26ddd35de6
Bill Brewer,billbrewer@remax.net,503-495-4943,email,email,1,2026-09-16,2026-09-16,Cold Outreach,Backup real estate photographer,46505e66-9cf2-48e6-8dbb-7ee6050bcfbb
Kathryn Stewart Bronson,kathrynstewartbronson@remax.net,541-915-3560,email,email,1,2026-09-16,2026-09-16,Cold Outreach,Backup real estate photographer,6c4042b1-f013-457c-89d0-3a6507e5cdf6
Eric Dremann,ericdremann@remax.net,541-254-3594,email,email,1,2026-09-16,2026-09-16,Cold Outreach,Backup real estate photographer,81ffaedb-7559-4f1a-a92b-a95eb5101837
Carly Howe,carlyhowe@remax.net,503-396-2067,email,email,1,2026-09-16,2026-09-16,Cold Outreach,Backup real estate photographer,1cac165b-8a73-4655-8854-d26eb90a1a94
Natali Marmion,natalim@remax.net,503-333-9803,email,email,1,2026-09-16,2026-09-16,Cold Outreach,Backup real estate photographer,7ad77cd9-4e16-4926-951f-d1e261836cbb
Gary Everett,garyeverett@remax.net,541-480-6130,email,email,1,2026-09-16,2026-09-16,Cold Outreach,Backup real estate photographer,ed292413-9d2f-42b7-8ac7-737fe8bad0b5
Holly Manchester,hollymanchester@remax.net,503-805-2905,email,email,1,2026-09-16,2026-09-16,Cold Outreach,Backup real estate photographer,8c740503-a959-4b66-954c-f373738b1668
Mona Kelly-Beebe,monakelly@remax.net,503-970-1563,email,email,1,2026-09-16,2026-09-16,Cold Outreach,Backup real estate photographer,16848f2b-0d54-4378-916c-498610aa511e
Shelley Calhoun,shelleycalhoun@remax.net,541-890-8610,email,email,1,2026-09-16,2026-09-16,Cold Outreach,Backup real estate photographer,69bc54d0-089c-4060-9add-116ec369ee51
Liz Carpenter,lizcarpenter@remax.net,503-890-0021,email,email,1,2026-09-16,2026-09-16,Cold Outreach,Backup real estate photographer,4647e88a-033b-4159-9344-59afe168bfdb
Sarah Walsh,sarah.walsh@remax.net,541-680-7495,email,email,1,2026-09-16,2026-09-16,Cold Outreach,Backup real estate photographer,3e13ac63-4ff5-408c-ac86-6af8d7c25996
Donna Gardinier,dgardinier@remax.net,503-789-6626,email,email,1,2026-09-16,2026-09-16,Cold Outreach,Backup real estate photographer,18deb26e-c80d-4835-bf25-feacc7c52731
Deborah Valenzuela,debbiev1@remax.net,541-618-5399,email,email,1,2026-09-16,2026-09-16,Cold Outreach,Backup real estate photographer,6a7347e2-313b-42b1-ab51-70a522168fb2
Amanda Hart,a.christ08or@gmail.com,971-409-2330,email,email,1,2026-09-16,2026-09-16,Cold Outreach,Backup real estate photographer,560c4314-3bb2-42d1-b58e-3232e3721c3e
Joanne McKee,joannemckee@remax.net,541-480-5159,email,email,1,2026-09-16,2026-09-16,Cold Outreach,Backup real estate photographer,86789ebe-ab1d-468e-9082-ce7a89486c20
Jerry Fisher,jfisher1@remax.net,503-989-0570,email,email,1,2026-09-16,2026-09-16,Cold Outreach,Backup real estate photographer,07f8632e-7fae-4bf3-9d50-2c4ca2115774
Brandy Huynh,brandyhuynh@remax.net,541-337-1674,email,email,1,2026-09-16,2026-09-16,Cold Outreach,Backup real estate photographer,96c88509-f399-48c0-8f50-339b297fef61
Alex Cristurean,alexc@remax.net,503-830-3746,email,email,1,2026-09-16,2026-09-16,Cold Outreach,Backup real estate photographer,86fe7c51-1766-4e20-8f4c-81a31097f0ed
Ryan Amerongen,ryan.amerongen@remax.net,541-213-8967,email,email,1,2026-09-16,2026-09-16,Cold Outreach,Backup real estate photographer,2d52ccaa-2e86-415b-8954-ced3fa39c6c9
Eric Wellard,ericwellard@remax.net,503-851-1215,email,email,1,2026-09-16,2026-09-16,Cold Outreach,Backup real estate photographer,5988953a-5325-485d-907f-6db0328e21dc
D'Ann Caylor,danncaylor@remax.net,541-671-0775,email,email,1,2026-09-16,2026-09-16,Cold Outreach,Backup real estate photographer,c1dc225c-c0ca-48de-8cb2-fba4cf1e1b70
Barbury Smith,barbury.smith@remax.net,503-260-9218,email,email,1,2026-09-16,2026-09-16,Cold Outreach,Backup real estate photographer,d7561eb7-6a63-468b-bdfd-274daabe94ca
John Ropp,john.ropp@remax.net,541-771-6564,email,email,1,2026-09-16,2026-09-16,Cold Outreach,Backup real estate photographer,a0de4471-5fc8-4388-9ddc-6a23fe3c5301
Kara Dixon,karafeskens1@gmail.com,541-291-7838,email,email,1,2026-09-16,2026-09-16,Cold Outreach,Backup real estate photographer,4e9c315a-aba8-4f83-8282-c808e67d0d72
Samantha Alley,samantha.alley@remax.net,541-565-4663,email,email,1,2026-09-16,2026-09-16,Cold Outreach,Backup real estate photographer,783e77a6-d154-47fa-9019-cdcd0820dd70
Michael Wolfington,michael.wolfington@remax.net,503-539-3551,email,email,1,2026-09-16,2026-09-16,Cold Outreach,Backup real estate photographer,b1a46d9c-c517-47ff-a205-282b52842895
